configuration,dynamic_variable,topology_feature,pearson_r,spearman_rho,abs_spearman
affinity,mean_acceptance,transitivity,0.742123,0.822292,0.822292
affinity,mean_acceptance,clustering,0.750513,0.817437,0.817437
affinity_reactive,mean_acceptance,transitivity,0.588438,0.751969,0.751969
affinity_reactive,mean_acceptance,clustering,0.597383,0.73744,0.73744
periodic,avalanche_mean,PC1,0.656334,0.718641,0.718641
affinity_periodic,mean_acceptance,transitivity,0.592301,0.706152,0.706152
affinity_periodic,mean_acceptance,clustering,0.59889,0.702284,0.702284
periodic,avalanche_mean,modularity,0.673587,0.693816,0.693816
affinity_periodic,initial_slope,density,-0.558444,-0.674448,0.674448
affinity_periodic,initial_slope,avg_degree,-0.558444,-0.674448,0.674448
affinity_periodic,initial_slope,edges,-0.558444,-0.674448,0.674448
reactive,avalanche_mean,PC1,0.68037,0.67381,0.67381
periodic,mean_acceptance,clustering,0.904926,0.672756,0.672756
reactive,mean_acceptance,clustering,0.919589,0.669117,0.669117
reactive,mean_acceptance,transitivity,0.920701,0.66695,0.66695
periodic,mean_acceptance,transitivity,0.907774,0.666756,0.666756
baseline,avalanche_mean,cluster,0.727082,0.650288,0.650288
reactive,mean_acceptance,cluster,0.735292,0.644659,0.644659
affinity_periodic,avalanche_mean,communities,-0.616144,-0.644028,0.644028
reactive,avalanche_mean,modularity,0.694632,0.642491,0.642491
affinity_periodic,avalanche_mean,PC1,0.609627,0.638148,0.638148
baseline,mean_acceptance,cluster,0.759132,0.633255,0.633255
periodic,avalanche_mean,communities,-0.640149,-0.631269,0.631269
affinity_periodic,initial_slope,cluster,-0.611865,-0.622286,0.622286
affinity_periodic,avalanche_mean,modularity,0.659128,0.622167,0.622167
periodic,avalanche_mean,avg_path,0.522761,0.620713,0.620713
affinity_reactive,avalanche_mean,cluster,0.654804,0.619064,0.619064
affinity_periodic,mean_acceptance,diameter,0.631389,0.618377,0.618377
periodic,mean_acceptance,cluster,0.68086,0.612598,0.612598
affinity_reactive,relaxation_time,cluster,-0.485063,-0.611315,0.611315
