configuration,iteration,hazard
baseline,0,0.0
baseline,1,0.041667
baseline,2,0.13913
baseline,3,0.363636
baseline,4,0.507937
baseline,5,0.612903
baseline,6,0.583333
baseline,7,0.6
baseline,8,0.5
baseline,9,1.0
baseline,10,0.0
baseline,11,0.0
baseline,12,0.0
baseline,13,0.0
baseline,14,0.0
baseline,15,0.0
baseline,16,0.0
baseline,17,0.0
baseline,18,0.0
baseline,19,0.0
baseline,20,0.0
baseline,21,0.0
baseline,22,0.0
baseline,23,0.0
baseline,24,0.0
baseline,25,0.0
baseline,26,0.0
baseline,27,0.0
baseline,28,0.0
baseline,29,0.0
baseline,30,0.0
baseline,31,0.0
baseline,32,0.0
baseline,33,0.0
baseline,34,0.0
baseline,35,0.0
baseline,36,0.0
baseline,37,0.0
baseline,38,0.0
baseline,39,0.0
baseline,40,0.0
baseline,41,0.0
baseline,42,0.0
baseline,43,0.0
baseline,44,0.0
baseline,45,0.0
baseline,46,0.0
baseline,47,0.0
baseline,48,0.0
baseline,49,0.0
affinity,0,0.0
affinity,1,0.0
affinity,2,0.05
affinity,3,0.166667
affinity,4,0.4
affinity,5,0.508772
affinity,6,0.678571
affinity,7,0.666667
affinity,8,1.0
affinity,9,0.0
affinity,10,0.0
affinity,11,0.0
affinity,12,0.0
affinity,13,0.0
affinity,14,0.0
affinity,15,0.0
affinity,16,0.0
affinity,17,0.0
affinity,18,0.0
affinity,19,0.0
affinity,20,0.0
affinity,21,0.0
affinity,22,0.0
affinity,23,0.0
affinity,24,0.0
affinity,25,0.0
affinity,26,0.0
affinity,27,0.0
affinity,28,0.0
affinity,29,0.0
affinity,30,0.0
affinity,31,0.0
affinity,32,0.0
affinity,33,0.0
affinity,34,0.0
affinity,35,0.0
affinity,36,0.0
affinity,37,0.0
affinity,38,0.0
affinity,39,0.0
affinity,40,0.0
affinity,41,0.0
affinity,42,0.0
affinity,43,0.0
affinity,44,0.0
affinity,45,0.0
affinity,46,0.0
affinity,47,0.0
affinity,48,0.0
affinity,49,0.0
periodic,0,0.0
periodic,1,0.0
periodic,2,0.016667
periodic,3,0.076271
periodic,4,0.110092
periodic,5,0.113402
periodic,6,0.093023
periodic,7,0.064103
periodic,8,0.068493
periodic,9,0.058824
periodic,10,0.140625
periodic,11,0.090909
periodic,12,0.12
periodic,13,0.136364
periodic,14,0.105263
periodic,15,0.117647
periodic,16,0.1
periodic,17,0.111111
periodic,18,0.125
periodic,19,0.095238
periodic,20,0.105263
periodic,21,0.058824
periodic,22,0.25
periodic,23,0.083333
periodic,24,0.181818
periodic,25,0.111111
periodic,26,0.0
periodic,27,0.375
periodic,28,0.2
periodic,29,0.0
periodic,30,0.0
periodic,31,0.25
periodic,32,0.0
periodic,33,0.0
periodic,34,0.333333
periodic,35,0.0
periodic,36,0.0
periodic,37,0.0
periodic,38,0.5
periodic,39,0.0
periodic,40,0.0
periodic,41,0.0
periodic,42,0.0
periodic,43,0.0
periodic,44,0.0
periodic,45,0.0
periodic,46,0.0
periodic,47,0.0
periodic,48,0.0
periodic,49,1.0
reactive,0,0.0
reactive,1,0.0
reactive,2,0.0
reactive,3,0.008333
reactive,4,0.058824
reactive,5,0.008929
reactive,6,0.045045
reactive,7,0.066038
reactive,8,0.080808
reactive,9,0.142857
reactive,10,0.051282
reactive,11,0.094595
reactive,12,0.104478
reactive,13,0.05
reactive,14,0.052632
reactive,15,0.018519
reactive,16,0.132075
reactive,17,0.130435
reactive,18,0.1
reactive,19,0.055556
reactive,20,0.117647
reactive,21,0.1
reactive,22,0.074074
reactive,23,0.16
reactive,24,0.190476
reactive,25,0.235294
reactive,26,0.230769
reactive,27,0.0
reactive,28,0.0
reactive,29,0.1
reactive,30,0.111111
reactive,31,0.0
reactive,32,0.25
reactive,33,0.0
reactive,34,0.5
reactive,35,0.0
reactive,36,0.0
reactive,37,0.0
reactive,38,0.0
reactive,39,0.0
reactive,40,0.0
reactive,41,0.0
reactive,42,0.0
reactive,43,0.333333
reactive,44,0.5
reactive,45,0.0
reactive,46,0.0
reactive,47,0.0
reactive,48,0.0
reactive,49,1.0
affinity_periodic,0,0.0
affinity_periodic,1,0.0
affinity_periodic,2,0.016667
affinity_periodic,3,0.084746
affinity_periodic,4,0.12963
affinity_periodic,5,0.138298
affinity_periodic,6,0.160494
affinity_periodic,7,0.058824
affinity_periodic,8,0.109375
affinity_periodic,9,0.035088
affinity_periodic,10,0.145455
affinity_periodic,11,0.148936
affinity_periodic,12,0.05
affinity_periodic,13,0.131579
affinity_periodic,14,0.121212
affinity_periodic,15,0.034483
affinity_periodic,16,0.178571
affinity_periodic,17,0.217391
affinity_periodic,18,0.166667
affinity_periodic,19,0.066667
affinity_periodic,20,0.071429
affinity_periodic,21,0.230769
affinity_periodic,22,0.2
affinity_periodic,23,0.375
affinity_periodic,24,0.0
affinity_periodic,25,0.2
affinity_periodic,26,0.25
affinity_periodic,27,0.333333
affinity_periodic,28,0.0
affinity_periodic,29,0.0
affinity_periodic,30,0.0
affinity_periodic,31,0.0
affinity_periodic,32,0.0
affinity_periodic,33,0.0
affinity_periodic,34,0.0
affinity_periodic,35,0.5
affinity_periodic,36,0.0
affinity_periodic,37,0.0
affinity_periodic,38,0.0
affinity_periodic,39,1.0
affinity_periodic,40,0.0
affinity_periodic,41,0.0
affinity_periodic,42,0.0
affinity_periodic,43,0.0
affinity_periodic,44,0.0
affinity_periodic,45,0.0
affinity_periodic,46,0.0
affinity_periodic,47,0.0
affinity_periodic,48,0.0
affinity_periodic,49,0.0
affinity_reactive,0,0.0
affinity_reactive,1,0.0
affinity_reactive,2,0.0
affinity_reactive,3,0.0
affinity_reactive,4,0.05
affinity_reactive,5,0.061404
affinity_reactive,6,0.065421
affinity_reactive,7,0.1
affinity_reactive,8,0.077778
affinity_reactive,9,0.084337
affinity_reactive,10,0.131579
affinity_reactive,11,0.030303
affinity_reactive,12,0.078125
affinity_reactive,13,0.101695
affinity_reactive,14,0.075472
affinity_reactive,15,0.061224
affinity_reactive,16,0.152174
affinity_reactive,17,0.102564
affinity_reactive,18,0.142857
affinity_reactive,19,0.2
affinity_reactive,20,0.125
affinity_reactive,21,0.238095
affinity_reactive,22,0.0625
affinity_reactive,23,0.133333
affinity_reactive,24,0.0
affinity_reactive,25,0.076923
affinity_reactive,26,0.166667
affinity_reactive,27,0.0
affinity_reactive,28,0.3
affinity_reactive,29,0.285714
affinity_reactive,30,0.2
affinity_reactive,31,0.25
affinity_reactive,32,0.333333
affinity_reactive,33,0.5
affinity_reactive,34,1.0
affinity_reactive,35,0.0
affinity_reactive,36,0.0
affinity_reactive,37,0.0
affinity_reactive,38,0.0
affinity_reactive,39,0.0
affinity_reactive,40,0.0
affinity_reactive,41,0.0
affinity_reactive,42,0.0
affinity_reactive,43,0.0
affinity_reactive,44,0.0
affinity_reactive,45,0.0
affinity_reactive,46,0.0
affinity_reactive,47,0.0
affinity_reactive,48,0.0
affinity_reactive,49,0.0
