configuration,iteration,mean,std
baseline,0,1.0,0.0
baseline,1,0.3186155193897895,0.142989608664329
baseline,2,0.11290929848502256,0.1059105863069996
baseline,3,0.03749796744218941,0.06937642588121179
baseline,4,0.01675997354128158,0.04969880941998141
baseline,5,0.005181903635896032,0.024837764277221848
baseline,6,0.001957278170059112,0.01254269398010895
baseline,7,0.0003437927534313077,0.0026575675122138495
baseline,8,0.00010040160642570282,0.0010998444929822611
baseline,9,0.0,0.0
baseline,10,0.0,0.0
baseline,11,0.0,0.0
baseline,12,0.0,0.0
baseline,13,0.0,0.0
baseline,14,0.0,0.0
baseline,15,0.0,0.0
baseline,16,0.0,0.0
baseline,17,0.0,0.0
baseline,18,0.0,0.0
baseline,19,0.0,0.0
baseline,20,0.0,0.0
baseline,21,0.0,0.0
baseline,22,0.0,0.0
baseline,23,0.0,0.0
baseline,24,0.0,0.0
baseline,25,0.0,0.0
baseline,26,0.0,0.0
baseline,27,0.0,0.0
baseline,28,0.0,0.0
baseline,29,0.0,0.0
baseline,30,0.0,0.0
baseline,31,0.0,0.0
baseline,32,0.0,0.0
baseline,33,0.0,0.0
baseline,34,0.0,0.0
baseline,35,0.0,0.0
baseline,36,0.0,0.0
baseline,37,0.0,0.0
baseline,38,0.0,0.0
baseline,39,0.0,0.0
baseline,40,0.0,0.0
baseline,41,0.0,0.0
baseline,42,0.0,0.0
baseline,43,0.0,0.0
baseline,44,0.0,0.0
baseline,45,0.0,0.0
baseline,46,0.0,0.0
baseline,47,0.0,0.0
baseline,48,0.0,0.0
baseline,49,0.0,0.0
affinity,0,1.0,0.0
affinity,1,0.37316841995529776,0.12618832254676524
affinity,2,0.15382169044768676,0.10544792985023606
affinity,3,0.06360398301554078,0.06984279759897065
affinity,4,0.027803387705907307,0.046410431405938375
affinity,5,0.010551215929594984,0.028856952622984124
affinity,6,0.002321083816137442,0.008158353283737695
affinity,7,0.0006790013048346019,0.0031454823483554177
affinity,8,0.0002982079682025716,0.0019041815375780778
affinity,9,0.0002982079682025716,0.0019041815375780778
affinity,10,0.0002982079682025716,0.0019041815375780778
affinity,11,0.0002982079682025716,0.0019041815375780778
affinity,12,0.0002982079682025716,0.0019041815375780778
affinity,13,0.0002982079682025716,0.0019041815375780778
affinity,14,0.0002982079682025716,0.0019041815375780778
affinity,15,0.0002982079682025716,0.0019041815375780778
affinity,16,0.0002982079682025716,0.0019041815375780778
affinity,17,0.0002982079682025716,0.0019041815375780778
affinity,18,0.0002982079682025716,0.0019041815375780778
affinity,19,0.0002982079682025716,0.0019041815375780778
affinity,20,0.0002982079682025716,0.0019041815375780778
affinity,21,0.0002982079682025716,0.0019041815375780778
affinity,22,0.0002982079682025716,0.0019041815375780778
affinity,23,0.0002982079682025716,0.0019041815375780778
affinity,24,0.0002982079682025716,0.0019041815375780778
affinity,25,0.0002982079682025716,0.0019041815375780778
affinity,26,0.0002982079682025716,0.0019041815375780778
affinity,27,0.0002982079682025716,0.0019041815375780778
affinity,28,0.0002982079682025716,0.0019041815375780778
affinity,29,0.0002982079682025716,0.0019041815375780778
affinity,30,0.0002982079682025716,0.0019041815375780778
affinity,31,0.0002982079682025716,0.0019041815375780778
affinity,32,0.0002982079682025716,0.0019041815375780778
affinity,33,0.0002982079682025716,0.0019041815375780778
affinity,34,0.0002982079682025716,0.0019041815375780778
affinity,35,0.0002982079682025716,0.0019041815375780778
affinity,36,0.0002982079682025716,0.0019041815375780778
affinity,37,0.0002982079682025716,0.0019041815375780778
affinity,38,0.0002982079682025716,0.0019041815375780778
affinity,39,0.0002982079682025716,0.0019041815375780778
affinity,40,0.0002982079682025716,0.0019041815375780778
affinity,41,0.0002982079682025716,0.0019041815375780778
affinity,42,0.0002982079682025716,0.0019041815375780778
affinity,43,0.0002982079682025716,0.0019041815375780778
affinity,44,0.0002982079682025716,0.0019041815375780778
affinity,45,0.0002982079682025716,0.0019041815375780778
affinity,46,0.0002982079682025716,0.0019041815375780778
affinity,47,0.0002982079682025716,0.0019041815375780778
affinity,48,0.0002982079682025716,0.0019041815375780778
affinity,49,0.0002982079682025716,0.0019041815375780778
periodic,0,1.0,0.0
periodic,1,0.4363287067443347,0.16203483897442053
periodic,2,0.2715100524883506,0.17263159096068015
periodic,3,0.20567304682241477,0.1584626658353136
periodic,4,0.17186429132575468,0.14979921094512114
periodic,5,0.1482443029920945,0.14064020576073752
periodic,6,0.13308788824130885,0.1318586117389012
periodic,7,0.1190072789287464,0.12249863126172726
periodic,8,0.10817815757315875,0.11400777760991906
periodic,9,0.09508356335442295,0.10499591711277484
periodic,10,0.08582299237958031,0.0993799325587802
periodic,11,0.07822191344604518,0.0943194022785385
periodic,12,0.07288806857274154,0.0891561941922367
periodic,13,0.06802288432934449,0.08642295929493585
periodic,14,0.06280869649995333,0.08353609719503163
periodic,15,0.05806587994291121,0.0802745484541062
periodic,16,0.0535314388147152,0.07677293536340174
periodic,17,0.05008593345443936,0.07348152209970296
periodic,18,0.047718842786862975,0.07185625118243502
periodic,19,0.044757623150055194,0.0681270271494957
periodic,20,0.04117747864409823,0.06432723757771656
periodic,21,0.03797168057733892,0.05981879825715573
periodic,22,0.03408735367628425,0.055632158120571165
periodic,23,0.030750919463507782,0.05189154981836268
periodic,24,0.029031893316641806,0.05014357793181145
periodic,25,0.025889863247077816,0.04789411438661244
periodic,26,0.02389588325087644,0.04503437711068258
periodic,27,0.021574661664248204,0.04000535446957345
periodic,28,0.01961634124669203,0.03608055465063759
periodic,29,0.017989802353693973,0.03343634260350007
periodic,30,0.016202270453918095,0.031178256787973254
periodic,31,0.013954664788081295,0.030024276584591707
periodic,32,0.012327680208050034,0.028067464610304387
periodic,33,0.010882233959135863,0.026888282544872463
periodic,34,0.009356687723695448,0.02530800807201124
periodic,35,0.008498824419793475,0.02398474289639934
periodic,36,0.0072586612965498416,0.021123369373594634
periodic,37,0.006248241338166825,0.018003020454474092
periodic,38,0.0049783549200380466,0.013976460111520587
periodic,39,0.004563042718663808,0.013090457495532346
periodic,40,0.003428484868094247,0.011880107584800459
periodic,41,0.002881403313128835,0.01035824303550261
periodic,42,0.0017527044554034668,0.006584295645522354
periodic,43,0.0012804381911567244,0.004569748047254675
periodic,44,0.0009800625538955287,0.004017244224704333
periodic,45,0.0007608021444177279,0.003318410417207509
periodic,46,0.0006091129188405908,0.002821204431433558
periodic,47,0.0003577666414827528,0.002072690564381163
periodic,48,0.00025359997481608606,0.0017456345974959946
periodic,49,0.0,0.0
reactive,0,1.0,0.0
reactive,1,0.5286818307685032,0.1406882504028621
reactive,2,0.3637146965557969,0.16430119602854773
reactive,3,0.28481309898362756,0.1609082456914627
reactive,4,0.23977817526387843,0.14527356234328892
reactive,5,0.20625075784765204,0.13799834855651028
reactive,6,0.17542324798736647,0.12780446165395
reactive,7,0.15440244014695845,0.12051335300139682
reactive,8,0.13688810223515926,0.1156954442435319
reactive,9,0.1229326053543027,0.11059415283967237
reactive,10,0.1105409160850019,0.10342327388642501
reactive,11,0.0985721737498929,0.09668685628962033
reactive,12,0.08970275150329547,0.09256243905124274
reactive,13,0.08359092932423622,0.08798973295106262
reactive,14,0.07764309198989933,0.08314825345104937
reactive,15,0.0715073346586459,0.07935897639627862
reactive,16,0.06537670549124613,0.07627610715160278
reactive,17,0.060111796247039925,0.07248215175999441
reactive,18,0.05438975684427438,0.06603110176202992
reactive,19,0.04951635715116329,0.06288577936841729
reactive,20,0.04468897226765823,0.06054831638764084
reactive,21,0.04120559664292864,0.058043927044173764
reactive,22,0.03883959203106645,0.05696069922580058
reactive,23,0.035900581430745385,0.05580155517349132
reactive,24,0.03378287788828026,0.05405637847746653
reactive,25,0.03197859299026914,0.052191206366115586
reactive,26,0.029865614895801317,0.04866521194065394
reactive,27,0.028477881966367278,0.04717331480837926
reactive,28,0.02652989491884473,0.04531465760638171
reactive,29,0.024949500440351366,0.04311274062146475
reactive,30,0.022586777441489243,0.04003464811893554
reactive,31,0.020930630436508148,0.03900698401862819
reactive,32,0.01926587683104518,0.037454604368275864
reactive,33,0.01774587631653398,0.03617105211146797
reactive,34,0.016163912345311213,0.03395595148893742
reactive,35,0.014635788262854447,0.030794316776469644
reactive,36,0.013727168426702891,0.030081127461059648
reactive,37,0.012663509449774747,0.028592031145317876
reactive,38,0.012048328543789143,0.027288434020426612
reactive,39,0.01104947036786196,0.0256116519948467
reactive,40,0.009665757432906605,0.02403826277074868
reactive,41,0.008112158835774087,0.021483848870596695
reactive,42,0.006411327129788491,0.01785792293119531
reactive,43,0.004829938815267719,0.01564312732908801
reactive,44,0.0038549385013368063,0.013021657002973034
reactive,45,0.0034656437118434132,0.011512616629667839
reactive,46,0.0029251428945230784,0.009529532061911376
reactive,47,0.001898622520006996,0.005501660669787088
reactive,48,0.0010537953140577335,0.003352330140646853
reactive,49,0.0,0.0
affinity_periodic,0,1.0,0.0
affinity_periodic,1,0.4712453830071962,0.15071106802909323
affinity_periodic,2,0.2860595385254818,0.16037562768471098
affinity_periodic,3,0.2081085226224755,0.1575405552872186
affinity_periodic,4,0.16784455366964576,0.14024641692755907
affinity_periodic,5,0.14003074611756358,0.12730477640108195
affinity_periodic,6,0.12229292849516162,0.11607489244130605
affinity_periodic,7,0.10823017363372929,0.10750921544382894
affinity_periodic,8,0.0995015670242308,0.09806904827274684
affinity_periodic,9,0.08944042894896939,0.08951720880884059
affinity_periodic,10,0.08077790921955169,0.08188774829901337
affinity_periodic,11,0.07136049964693322,0.07603591955543014
affinity_periodic,12,0.06344752219405946,0.07066878582260114
affinity_periodic,13,0.05826716515133805,0.06834813383810093
affinity_periodic,14,0.05314043327887164,0.06481399611050312
affinity_periodic,15,0.04899548453937729,0.06086723642852077
affinity_periodic,16,0.04486031596493276,0.05627570710463671
affinity_periodic,17,0.04099273286654841,0.050910110747455564
affinity_periodic,18,0.03736624873730661,0.047153128533220116
affinity_periodic,19,0.03543230816336464,0.045435991964920854
affinity_periodic,20,0.03314344676500879,0.04349523707344361
affinity_periodic,21,0.03147464738478615,0.042899061988016816
affinity_periodic,22,0.030215359418793133,0.042140455756997305
affinity_periodic,23,0.028709566648122596,0.04132854735822119
affinity_periodic,24,0.0271683109345428,0.03954717809864553
affinity_periodic,25,0.025516630707878005,0.03840256335299233
affinity_periodic,26,0.02331045727162291,0.03585777849976139
affinity_periodic,27,0.021898637210633395,0.03489126097566615
affinity_periodic,28,0.02095442693744249,0.03398999186598584
affinity_periodic,29,0.019916368046945174,0.032950203333606286
affinity_periodic,30,0.019046773141002893,0.03227630895313953
affinity_periodic,31,0.017916455590025537,0.03200250386580529
affinity_periodic,32,0.016553782249641883,0.03174160381971182
affinity_periodic,33,0.015842623901452454,0.031093595697652094
affinity_periodic,34,0.014842203570786094,0.030717422892042556
affinity_periodic,35,0.014044387543227312,0.029357496321183764
affinity_periodic,36,0.012971036436395715,0.027974212896772085
affinity_periodic,37,0.012282159106951207,0.026971594314184867
affinity_periodic,38,0.01117238399995624,0.025614563192696206
affinity_periodic,39,0.010677171745967816,0.02486064209701474
affinity_periodic,40,0.00983832160622484,0.024671588436984263
affinity_periodic,41,0.008635688377479689,0.024064643851105204
affinity_periodic,42,0.007461641730425784,0.02200507370699336
affinity_periodic,43,0.006373622556973883,0.02044893833576771
affinity_periodic,44,0.005772115074661448,0.01862962754156604
affinity_periodic,45,0.004601456016017407,0.011995323793684384
affinity_periodic,46,0.004456442063900826,0.010873293933151222
affinity_periodic,47,0.003381576579203298,0.008074831247837921
affinity_periodic,48,0.002384698134249294,0.00634279666937961
affinity_periodic,49,0.0010555474438072355,0.00416538704300811
affinity_reactive,0,1.0,0.0
affinity_reactive,1,0.49444765141412483,0.13278198189441745
affinity_reactive,2,0.3140273389276435,0.1442846232179422
affinity_reactive,3,0.23790163129232234,0.13945916749740764
affinity_reactive,4,0.20032782050800216,0.13737402018459524
affinity_reactive,5,0.17553946530521403,0.13305608392961246
affinity_reactive,6,0.1540354953209648,0.12477527706544081
affinity_reactive,7,0.138158506995114,0.11758790676872323
affinity_reactive,8,0.1252878664406215,0.11203940576443289
affinity_reactive,9,0.11361680111718218,0.10677699132080794
affinity_reactive,10,0.10464895969444316,0.10107742612255412
affinity_reactive,11,0.09560185577121215,0.09536353640503394
affinity_reactive,12,0.08711492455785222,0.08861594728348242
affinity_reactive,13,0.0816642115781798,0.0850982202100333
affinity_reactive,14,0.07495031112346572,0.07964457776865297
affinity_reactive,15,0.06962240113031268,0.07666777177196739
affinity_reactive,16,0.0639853158612483,0.07159021999952252
affinity_reactive,17,0.06003694864338453,0.0688245328739317
affinity_reactive,18,0.05486627483879935,0.06633855753589434
affinity_reactive,19,0.049272808357689483,0.06214069462329951
affinity_reactive,20,0.044500529240535054,0.05836127140785338
affinity_reactive,21,0.04027893136648832,0.055547088663467165
affinity_reactive,22,0.038066937643982404,0.05450828492175414
affinity_reactive,23,0.03608121498762386,0.05283704211274921
affinity_reactive,24,0.033340718369014796,0.050028880953021514
affinity_reactive,25,0.031385239340161936,0.048136546143129975
affinity_reactive,26,0.029041375333516955,0.0450564962086167
affinity_reactive,27,0.027588591455388885,0.04309356195510946
affinity_reactive,28,0.02587164776364168,0.04101893577022727
affinity_reactive,29,0.024161769408602905,0.039274330432781335
affinity_reactive,30,0.02248838989062724,0.03757496232454981
affinity_reactive,31,0.021098184326447618,0.036701590743633536
affinity_reactive,32,0.01975368585257942,0.03416728940488652
affinity_reactive,33,0.01762487947276433,0.02882507434653133
affinity_reactive,34,0.01588253803544663,0.027004988865075963
affinity_reactive,35,0.014605881502355342,0.02564970713023648
affinity_reactive,36,0.013335171671135636,0.023809664051203258
affinity_reactive,37,0.012295268571378849,0.02260849075490411
affinity_reactive,38,0.011090452501583943,0.021057481094543872
affinity_reactive,39,0.010350289738443343,0.02059096368885375
affinity_reactive,40,0.009361678719879777,0.019371568608593223
affinity_reactive,41,0.008634626382983946,0.018786013776601777
affinity_reactive,42,0.007924762822983478,0.01775772207048618
affinity_reactive,43,0.007340737928210616,0.01662065531962735
affinity_reactive,44,0.006655514470066357,0.015273311440343074
affinity_reactive,45,0.005439008119234104,0.013702927654882225
affinity_reactive,46,0.004349455954290918,0.010863782632558053
affinity_reactive,47,0.00302227759430312,0.00755372941524022
affinity_reactive,48,0.0017147938020492701,0.004673135341677632
affinity_reactive,49,0.0006765804046397864,0.003324411774102609
