configuration,target_type,model,parameters,sse,rmse,aic,bic,warning_short_timeseries
baseline,raw,exponential,"139.6157,1.1141,583.2503",3.465204,0.263257,-127.4626,-121.7265,False
baseline,raw,stretched_exp,"139.8500,1.1470,0.9323,583.2013",0.326549,0.080814,-243.5599,-235.9118,False
baseline,raw,logarithmic,"4.8853,105518456924.7643,723.0500",1308.072773,5.114827,169.2144,174.9504,False
baseline,raw,power_law,"141.6207,1.8808,582.4873",118.06086,1.536625,48.9589,54.6949,True
baseline,normalized,exponential,"0.9986,1.1235,0.0003",0.000133,0.001633,-635.7044,-629.9683,False
baseline,normalized,stretched_exp,"1.0000,1.1524,0.9408,-0.0000",1.4e-05,0.000525,-747.1615,-739.5134,False
baseline,normalized,logarithmic,"0.0344,169367152979.9496,1.0000",0.066333,0.036423,-325.2545,-319.5184,False
baseline,normalized,power_law,"1.0125,1.8946,-0.0050",0.00615,0.011091,-444.1656,-438.4295,True
affinity,raw,exponential,"153.4861,1.0351,566.7009",4.607244,0.303554,-113.2197,-107.4836,False
affinity,raw,stretched_exp,"153.8036,1.0631,0.9343,566.6424",0.167198,0.057827,-277.0298,-269.3817,False
affinity,raw,logarithmic,"5.9479,6595717175.7438,720.4500",1841.414978,6.068632,186.3133,192.0494,False
affinity,raw,power_law,"156.2263,1.7857,565.6947",183.826375,1.917427,71.0984,76.8345,True
affinity,normalized,exponential,"0.9973,0.9590,0.0005",0.000233,0.002159,-607.826,-602.0899,False
affinity,normalized,stretched_exp,"0.9998,0.9829,0.9364,0.0001",1.9e-05,0.000613,-731.7052,-724.0571,False
affinity,normalized,logarithmic,"0.0429,509554131.9267,1.0000",0.089725,0.042362,-310.1512,-304.4151,False
affinity,normalized,power_law,"1.0193,1.6923,-0.0074",0.009798,0.013998,-420.8807,-415.1447,True
periodic,raw,exponential,"118.1357,0.7586,540.4576",813.256378,4.033005,145.4512,151.1872,False
periodic,raw,stretched_exp,"125.9629,1.1071,0.4116,536.5574",62.339061,1.116594,19.0283,26.6764,False
periodic,raw,logarithmic,"9.2364,22463.1318,662.3005",411.025869,2.867144,111.3317,117.0677,False
periodic,raw,power_law,"123.5206,1.2320,537.0731",114.324775,1.512116,47.351,53.0871,True
periodic,normalized,exponential,"0.9171,0.6020,0.0334",0.067437,0.036725,-324.4293,-318.6932,False
periodic,normalized,stretched_exp,"1.0074,0.8072,0.4246,-0.0052",0.003637,0.008529,-468.4313,-460.7832,False
periodic,normalized,logarithmic,"0.0866,2855.4177,1.0000",0.027776,0.02357,-368.7796,-363.0436,False
periodic,normalized,power_law,"0.9906,1.0578,-0.0071",0.006703,0.011578,-439.8642,-434.1281,True
reactive,raw,exponential,"165.8343,0.4898,545.2607",1780.575267,5.967538,184.6334,190.3695,False
reactive,raw,stretched_exp,"182.7255,0.6306,0.5149,540.6959",47.680508,0.97653,5.625,13.2731,False
reactive,raw,logarithmic,"17.3067,1128.1246,723.0706",1591.596656,5.64198,179.0235,184.7596,False
reactive,raw,power_law,"185.3373,0.9804,536.5801",24.104212,0.694323,-30.4818,-24.7458,True
reactive,normalized,exponential,"0.8709,0.3756,0.0346",0.069013,0.037152,-323.2739,-317.5379,False
reactive,normalized,stretched_exp,"1.0037,0.4814,0.5044,-0.0010",0.001687,0.005808,-506.8536,-499.2055,False
reactive,normalized,logarithmic,"0.1108,228.3258,1.0005",0.040665,0.028518,-349.721,-343.9849,False
reactive,normalized,power_law,"1.0296,0.8211,-0.0384",0.001021,0.004518,-533.9589,-528.2229,True
affinity_periodic,raw,exponential,"126.0147,0.6622,532.3109",698.748808,3.738312,137.8634,143.5995,False
affinity_periodic,raw,stretched_exp,"133.3238,0.8557,0.5064,529.7271",72.952525,1.207912,26.8893,34.5374,False
affinity_periodic,raw,logarithmic,"10.4829,10253.0229,662.7017",829.309687,4.072615,146.4285,152.1646,False
affinity_periodic,raw,power_law,"133.8503,1.1713,528.2916",30.256584,0.777902,-19.1155,-13.3794,True
affinity_periodic,normalized,exponential,"0.9250,0.5755,0.0315",0.045353,0.030117,-344.2655,-338.5294,False
affinity_periodic,normalized,stretched_exp,"0.9938,0.7283,0.5120,0.0093",0.00403,0.008978,-463.2998,-455.6517,False
affinity_periodic,normalized,logarithmic,"0.0866,2859.3882,1.0000",0.048145,0.031031,-341.2777,-335.5416,False
affinity_periodic,normalized,power_law,"1.0029,1.0688,-0.0069",0.001344,0.005185,-520.1985,-514.4625,True
affinity_reactive,raw,exponential,"169.0237,0.6194,544.0139",1726.649052,5.876477,183.0957,188.8318,False
affinity_reactive,raw,stretched_exp,"181.8803,0.8104,0.4697,539.0588",146.807349,1.713519,61.8549,69.503,False
affinity_reactive,raw,logarithmic,"15.2547,4282.6696,720.4550",1279.47693,5.05861,168.1092,173.8452,False
affinity_reactive,raw,power_law,"181.3918,1.0994,537.4325",113.79342,1.508598,47.1181,52.8542,True
affinity_reactive,normalized,exponential,"0.8962,0.4855,0.0382",0.070822,0.037636,-321.9804,-316.2443,False
affinity_reactive,normalized,stretched_exp,"1.0032,0.6154,0.4629,0.0000",0.004446,0.00943,-458.3896,-450.7415,False
affinity_reactive,normalized,logarithmic,"0.0982,705.8833,1.0002",0.035139,0.02651,-357.0237,-351.2876,False
affinity_reactive,normalized,power_law,"1.0042,0.9343,-0.0166",0.003999,0.008944,-465.6812,-459.9452,True
