configuration,iteration,events_d_t,at_risk,survival_probability
baseline,0,0,120,1.0
baseline,1,5,120,0.958333
baseline,2,16,115,0.825
baseline,3,36,99,0.525
baseline,4,32,63,0.258333
baseline,5,19,31,0.1
baseline,6,7,12,0.041667
baseline,7,3,5,0.016667
baseline,8,1,2,0.008333
baseline,9,1,1,0.0
baseline,10,0,0,0.0
baseline,11,0,0,0.0
baseline,12,0,0,0.0
baseline,13,0,0,0.0
baseline,14,0,0,0.0
baseline,15,0,0,0.0
baseline,16,0,0,0.0
baseline,17,0,0,0.0
baseline,18,0,0,0.0
baseline,19,0,0,0.0
baseline,20,0,0,0.0
baseline,21,0,0,0.0
baseline,22,0,0,0.0
baseline,23,0,0,0.0
baseline,24,0,0,0.0
baseline,25,0,0,0.0
baseline,26,0,0,0.0
baseline,27,0,0,0.0
baseline,28,0,0,0.0
baseline,29,0,0,0.0
baseline,30,0,0,0.0
baseline,31,0,0,0.0
baseline,32,0,0,0.0
baseline,33,0,0,0.0
baseline,34,0,0,0.0
baseline,35,0,0,0.0
baseline,36,0,0,0.0
baseline,37,0,0,0.0
baseline,38,0,0,0.0
baseline,39,0,0,0.0
baseline,40,0,0,0.0
baseline,41,0,0,0.0
baseline,42,0,0,0.0
baseline,43,0,0,0.0
baseline,44,0,0,0.0
baseline,45,0,0,0.0
baseline,46,0,0,0.0
baseline,47,0,0,0.0
baseline,48,0,0,0.0
baseline,49,0,0,0.0
affinity,0,0,120,1.0
affinity,1,0,120,1.0
affinity,2,6,120,0.95
affinity,3,19,114,0.791667
affinity,4,38,95,0.475
affinity,5,29,57,0.233333
affinity,6,19,28,0.075
affinity,7,6,9,0.025
affinity,8,3,3,0.0
affinity,9,0,0,0.0
affinity,10,0,0,0.0
affinity,11,0,0,0.0
affinity,12,0,0,0.0
affinity,13,0,0,0.0
affinity,14,0,0,0.0
affinity,15,0,0,0.0
affinity,16,0,0,0.0
affinity,17,0,0,0.0
affinity,18,0,0,0.0
affinity,19,0,0,0.0
affinity,20,0,0,0.0
affinity,21,0,0,0.0
affinity,22,0,0,0.0
affinity,23,0,0,0.0
affinity,24,0,0,0.0
affinity,25,0,0,0.0
affinity,26,0,0,0.0
affinity,27,0,0,0.0
affinity,28,0,0,0.0
affinity,29,0,0,0.0
affinity,30,0,0,0.0
affinity,31,0,0,0.0
affinity,32,0,0,0.0
affinity,33,0,0,0.0
affinity,34,0,0,0.0
affinity,35,0,0,0.0
affinity,36,0,0,0.0
affinity,37,0,0,0.0
affinity,38,0,0,0.0
affinity,39,0,0,0.0
affinity,40,0,0,0.0
affinity,41,0,0,0.0
affinity,42,0,0,0.0
affinity,43,0,0,0.0
affinity,44,0,0,0.0
affinity,45,0,0,0.0
affinity,46,0,0,0.0
affinity,47,0,0,0.0
affinity,48,0,0,0.0
affinity,49,0,0,0.0
periodic,0,0,120,1.0
periodic,1,0,120,1.0
periodic,2,2,120,0.983333
periodic,3,9,118,0.908333
periodic,4,12,109,0.808333
periodic,5,11,97,0.716667
periodic,6,8,86,0.65
periodic,7,5,78,0.608333
periodic,8,5,73,0.566667
periodic,9,4,68,0.533333
periodic,10,9,64,0.458333
periodic,11,5,55,0.416667
periodic,12,6,50,0.366667
periodic,13,6,44,0.316667
periodic,14,4,38,0.283333
periodic,15,4,34,0.25
periodic,16,3,30,0.225
periodic,17,3,27,0.2
periodic,18,3,24,0.175
periodic,19,2,21,0.158333
periodic,20,2,19,0.141667
periodic,21,1,17,0.133333
periodic,22,4,16,0.1
periodic,23,1,12,0.091667
periodic,24,2,11,0.075
periodic,25,1,9,0.066667
periodic,26,0,8,0.066667
periodic,27,3,8,0.041667
periodic,28,1,5,0.033333
periodic,29,0,4,0.033333
periodic,30,0,4,0.033333
periodic,31,1,4,0.025
periodic,32,0,3,0.025
periodic,33,0,3,0.025
periodic,34,1,3,0.016667
periodic,35,0,2,0.016667
periodic,36,0,2,0.016667
periodic,37,0,2,0.016667
periodic,38,1,2,0.008333
periodic,39,0,1,0.008333
periodic,40,0,1,0.008333
periodic,41,0,1,0.008333
periodic,42,0,1,0.008333
periodic,43,0,1,0.008333
periodic,44,0,1,0.008333
periodic,45,0,1,0.008333
periodic,46,0,1,0.008333
periodic,47,0,1,0.008333
periodic,48,0,1,0.008333
periodic,49,1,1,0.0
reactive,0,0,120,1.0
reactive,1,0,120,1.0
reactive,2,0,120,1.0
reactive,3,1,120,0.991667
reactive,4,7,119,0.933333
reactive,5,1,112,0.925
reactive,6,5,111,0.883333
reactive,7,7,106,0.825
reactive,8,8,99,0.758333
reactive,9,13,91,0.65
reactive,10,4,78,0.616667
reactive,11,7,74,0.558333
reactive,12,7,67,0.5
reactive,13,3,60,0.475
reactive,14,3,57,0.45
reactive,15,1,54,0.441667
reactive,16,7,53,0.383333
reactive,17,6,46,0.333333
reactive,18,4,40,0.3
reactive,19,2,36,0.283333
reactive,20,4,34,0.25
reactive,21,3,30,0.225
reactive,22,2,27,0.208333
reactive,23,4,25,0.175
reactive,24,4,21,0.141667
reactive,25,4,17,0.108333
reactive,26,3,13,0.083333
reactive,27,0,10,0.083333
reactive,28,0,10,0.083333
reactive,29,1,10,0.075
reactive,30,1,9,0.066667
reactive,31,0,8,0.066667
reactive,32,2,8,0.05
reactive,33,0,6,0.05
reactive,34,3,6,0.025
reactive,35,0,3,0.025
reactive,36,0,3,0.025
reactive,37,0,3,0.025
reactive,38,0,3,0.025
reactive,39,0,3,0.025
reactive,40,0,3,0.025
reactive,41,0,3,0.025
reactive,42,0,3,0.025
reactive,43,1,3,0.016667
reactive,44,1,2,0.008333
reactive,45,0,1,0.008333
reactive,46,0,1,0.008333
reactive,47,0,1,0.008333
reactive,48,0,1,0.008333
reactive,49,1,1,0.0
affinity_periodic,0,0,120,1.0
affinity_periodic,1,0,120,1.0
affinity_periodic,2,2,120,0.983333
affinity_periodic,3,10,118,0.9
affinity_periodic,4,14,108,0.783333
affinity_periodic,5,13,94,0.675
affinity_periodic,6,13,81,0.566667
affinity_periodic,7,4,68,0.533333
affinity_periodic,8,7,64,0.475
affinity_periodic,9,2,57,0.458333
affinity_periodic,10,8,55,0.391667
affinity_periodic,11,7,47,0.333333
affinity_periodic,12,2,40,0.316667
affinity_periodic,13,5,38,0.275
affinity_periodic,14,4,33,0.241667
affinity_periodic,15,1,29,0.233333
affinity_periodic,16,5,28,0.191667
affinity_periodic,17,5,23,0.15
affinity_periodic,18,3,18,0.125
affinity_periodic,19,1,15,0.116667
affinity_periodic,20,1,14,0.108333
affinity_periodic,21,3,13,0.083333
affinity_periodic,22,2,10,0.066667
affinity_periodic,23,3,8,0.041667
affinity_periodic,24,0,5,0.041667
affinity_periodic,25,1,5,0.033333
affinity_periodic,26,1,4,0.025
affinity_periodic,27,1,3,0.016667
affinity_periodic,28,0,2,0.016667
affinity_periodic,29,0,2,0.016667
affinity_periodic,30,0,2,0.016667
affinity_periodic,31,0,2,0.016667
affinity_periodic,32,0,2,0.016667
affinity_periodic,33,0,2,0.016667
affinity_periodic,34,0,2,0.016667
affinity_periodic,35,1,2,0.008333
affinity_periodic,36,0,1,0.008333
affinity_periodic,37,0,1,0.008333
affinity_periodic,38,0,1,0.008333
affinity_periodic,39,1,1,0.0
affinity_periodic,40,0,0,0.0
affinity_periodic,41,0,0,0.0
affinity_periodic,42,0,0,0.0
affinity_periodic,43,0,0,0.0
affinity_periodic,44,0,0,0.0
affinity_periodic,45,0,0,0.0
affinity_periodic,46,0,0,0.0
affinity_periodic,47,0,0,0.0
affinity_periodic,48,0,0,0.0
affinity_periodic,49,0,0,0.0
affinity_reactive,0,0,120,1.0
affinity_reactive,1,0,120,1.0
affinity_reactive,2,0,120,1.0
affinity_reactive,3,0,120,1.0
affinity_reactive,4,6,120,0.95
affinity_reactive,5,7,114,0.891667
affinity_reactive,6,7,107,0.833333
affinity_reactive,7,10,100,0.75
affinity_reactive,8,7,90,0.691667
affinity_reactive,9,7,83,0.633333
affinity_reactive,10,10,76,0.55
affinity_reactive,11,2,66,0.533333
affinity_reactive,12,5,64,0.491667
affinity_reactive,13,6,59,0.441667
affinity_reactive,14,4,53,0.408333
affinity_reactive,15,3,49,0.383333
affinity_reactive,16,7,46,0.325
affinity_reactive,17,4,39,0.291667
affinity_reactive,18,5,35,0.25
affinity_reactive,19,6,30,0.2
affinity_reactive,20,3,24,0.175
affinity_reactive,21,5,21,0.133333
affinity_reactive,22,1,16,0.125
affinity_reactive,23,2,15,0.108333
affinity_reactive,24,0,13,0.108333
affinity_reactive,25,1,13,0.1
affinity_reactive,26,2,12,0.083333
affinity_reactive,27,0,10,0.083333
affinity_reactive,28,3,10,0.058333
affinity_reactive,29,2,7,0.041667
affinity_reactive,30,1,5,0.033333
affinity_reactive,31,1,4,0.025
affinity_reactive,32,1,3,0.016667
affinity_reactive,33,1,2,0.008333
affinity_reactive,34,1,1,0.0
affinity_reactive,35,0,0,0.0
affinity_reactive,36,0,0,0.0
affinity_reactive,37,0,0,0.0
affinity_reactive,38,0,0,0.0
affinity_reactive,39,0,0,0.0
affinity_reactive,40,0,0,0.0
affinity_reactive,41,0,0,0.0
affinity_reactive,42,0,0,0.0
affinity_reactive,43,0,0,0.0
affinity_reactive,44,0,0,0.0
affinity_reactive,45,0,0,0.0
affinity_reactive,46,0,0,0.0
affinity_reactive,47,0,0,0.0
affinity_reactive,48,0,0,0.0
affinity_reactive,49,0,0,0.0
