configuration,dynamic_variable,topology_feature,pearson_r,spearman_rho
baseline,initial_slope,nodes,,
baseline,initial_slope,edges,-0.040855,0.027544
baseline,initial_slope,density,-0.040855,0.027544
baseline,initial_slope,avg_degree,-0.040855,0.027544
baseline,initial_slope,degree_std,-0.11947,-0.138298
baseline,initial_slope,max_degree,-0.130075,-0.177682
baseline,initial_slope,hub_ratio,-0.128384,-0.151516
baseline,initial_slope,degree_gini,-0.101189,-0.141819
baseline,initial_slope,clustering,-0.128146,-0.206969
baseline,initial_slope,transitivity,-0.121519,-0.202934
baseline,initial_slope,assortativity,0.120627,0.079753
baseline,initial_slope,core_number,0.081962,0.080611
baseline,initial_slope,diameter,-0.019375,-0.057478
baseline,initial_slope,avg_path,-0.043464,-0.069636
baseline,initial_slope,spectral_radius,,
baseline,initial_slope,algebraic_connectivity,,
baseline,initial_slope,communities,0.154395,0.174662
baseline,initial_slope,modularity,-0.075839,-0.102924
baseline,initial_slope,improvement,-0.259498,-0.242314
baseline,initial_slope,improvement_%,-0.193113,-0.233598
baseline,initial_slope,PC1,0.003387,-0.072289
baseline,initial_slope,PC2,0.033474,0.096983
baseline,initial_slope,cluster,-0.143502,-0.152779
baseline,plateau_iteration,nodes,,
baseline,plateau_iteration,edges,-0.057455,0.082466
baseline,plateau_iteration,density,-0.057455,0.082466
baseline,plateau_iteration,avg_degree,-0.057455,0.082466
baseline,plateau_iteration,degree_std,-0.208126,-0.185941
baseline,plateau_iteration,max_degree,-0.220411,-0.187592
baseline,plateau_iteration,hub_ratio,-0.217145,-0.188634
baseline,plateau_iteration,degree_gini,-0.169541,-0.17881
baseline,plateau_iteration,clustering,0.078578,-0.036901
baseline,plateau_iteration,transitivity,0.087005,-0.045281
baseline,plateau_iteration,assortativity,0.267522,0.261925
baseline,plateau_iteration,core_number,0.075006,0.068213
baseline,plateau_iteration,diameter,0.13864,0.121885
baseline,plateau_iteration,avg_path,0.157249,0.15417
baseline,plateau_iteration,spectral_radius,,
baseline,plateau_iteration,algebraic_connectivity,,
baseline,plateau_iteration,communities,-0.075411,-0.054521
baseline,plateau_iteration,modularity,0.152621,0.148504
baseline,plateau_iteration,improvement,-0.415149,-0.446672
baseline,plateau_iteration,improvement_%,-0.359096,-0.414981
baseline,plateau_iteration,PC1,0.199862,0.157216
baseline,plateau_iteration,PC2,-0.003574,0.087134
baseline,plateau_iteration,cluster,-0.025744,-0.026637
baseline,mean_acceptance,nodes,,
baseline,mean_acceptance,edges,0.375025,0.460568
baseline,mean_acceptance,density,0.375025,0.460568
baseline,mean_acceptance,avg_degree,0.375025,0.460568
baseline,mean_acceptance,degree_std,-0.308507,-0.196783
baseline,mean_acceptance,max_degree,-0.263174,-0.072834
baseline,mean_acceptance,hub_ratio,-0.333968,-0.197277
baseline,mean_acceptance,degree_gini,-0.408875,-0.207039
baseline,mean_acceptance,clustering,0.938533,0.589359
baseline,mean_acceptance,transitivity,0.941888,0.58065
baseline,mean_acceptance,assortativity,0.381098,0.317117
baseline,mean_acceptance,core_number,0.280226,0.241803
baseline,mean_acceptance,diameter,0.320398,0.190711
baseline,mean_acceptance,avg_path,0.525206,0.380909
baseline,mean_acceptance,spectral_radius,,
baseline,mean_acceptance,algebraic_connectivity,,
baseline,mean_acceptance,communities,-0.666466,-0.471932
baseline,mean_acceptance,modularity,0.719797,0.489326
baseline,mean_acceptance,improvement,-0.072482,-0.178977
baseline,mean_acceptance,improvement_%,-0.078963,-0.147137
baseline,mean_acceptance,PC1,0.666998,0.497917
baseline,mean_acceptance,PC2,0.263221,0.256851
baseline,mean_acceptance,cluster,0.759132,0.633255
baseline,avalanche_mean,nodes,,
baseline,avalanche_mean,edges,0.351922,0.490662
baseline,avalanche_mean,density,0.351922,0.490662
baseline,avalanche_mean,avg_degree,0.351922,0.490662
baseline,avalanche_mean,degree_std,-0.302742,-0.184586
baseline,avalanche_mean,max_degree,-0.260042,-0.078499
baseline,avalanche_mean,hub_ratio,-0.326746,-0.20797
baseline,avalanche_mean,degree_gini,-0.396721,-0.191265
baseline,avalanche_mean,clustering,0.907268,0.590763
baseline,avalanche_mean,transitivity,0.9104,0.584772
baseline,avalanche_mean,assortativity,0.357282,0.232077
baseline,avalanche_mean,core_number,0.275204,0.277541
baseline,avalanche_mean,diameter,0.317859,0.161223
baseline,avalanche_mean,avg_path,0.518675,0.345498
baseline,avalanche_mean,spectral_radius,,
baseline,avalanche_mean,algebraic_connectivity,,
baseline,avalanche_mean,communities,-0.688988,-0.53158
baseline,avalanche_mean,modularity,0.702957,0.50292
baseline,avalanche_mean,improvement,0.075752,0.022613
baseline,avalanche_mean,improvement_%,0.061056,0.04897
baseline,avalanche_mean,PC1,0.65667,0.493682
baseline,avalanche_mean,PC2,0.247558,0.272999
baseline,avalanche_mean,cluster,0.727082,0.650288
baseline,relaxation_time,nodes,,
baseline,relaxation_time,edges,0.00428,0.026016
baseline,relaxation_time,density,0.00428,0.026016
baseline,relaxation_time,avg_degree,0.00428,0.026016
baseline,relaxation_time,degree_std,0.007015,-0.123425
baseline,relaxation_time,max_degree,0.009679,-0.151372
baseline,relaxation_time,hub_ratio,0.008113,-0.131107
baseline,relaxation_time,degree_gini,-0.003536,-0.136849
baseline,relaxation_time,clustering,-0.192103,-0.240579
baseline,relaxation_time,transitivity,-0.18926,-0.222221
baseline,relaxation_time,assortativity,-0.017015,0.010062
baseline,relaxation_time,core_number,0.044663,0.093766
baseline,relaxation_time,diameter,-0.130277,-0.112127
baseline,relaxation_time,avg_path,-0.163548,-0.118753
baseline,relaxation_time,spectral_radius,,
baseline,relaxation_time,algebraic_connectivity,,
baseline,relaxation_time,communities,0.236382,0.227059
baseline,relaxation_time,modularity,-0.190471,-0.163186
baseline,relaxation_time,improvement,-0.14341,-0.155399
baseline,relaxation_time,improvement_%,-0.116851,-0.157973
baseline,relaxation_time,PC1,-0.136307,-0.140704
baseline,relaxation_time,PC2,0.050898,0.115643
baseline,relaxation_time,cluster,-0.132617,-0.170534
affinity,initial_slope,nodes,,
affinity,initial_slope,edges,-0.329859,-0.383823
affinity,initial_slope,density,-0.329859,-0.383823
affinity,initial_slope,avg_degree,-0.329859,-0.383823
affinity,initial_slope,degree_std,0.191991,0.207631
affinity,initial_slope,max_degree,0.12893,0.117522
affinity,initial_slope,hub_ratio,0.187614,0.200151
affinity,initial_slope,degree_gini,0.303163,0.203253
affinity,initial_slope,clustering,-0.380151,-0.280334
affinity,initial_slope,transitivity,-0.380794,-0.269892
affinity,initial_slope,assortativity,-0.070218,-0.03784
affinity,initial_slope,core_number,-0.32292,-0.302123
affinity,initial_slope,diameter,0.04187,0.046032
affinity,initial_slope,avg_path,-0.084015,-0.162478
affinity,initial_slope,spectral_radius,,
affinity,initial_slope,algebraic_connectivity,,
affinity,initial_slope,communities,0.204269,0.196383
affinity,initial_slope,modularity,-0.188355,-0.224968
affinity,initial_slope,improvement,0.236746,0.310463
affinity,initial_slope,improvement_%,0.197148,0.284314
affinity,initial_slope,PC1,-0.248427,-0.207533
affinity,initial_slope,PC2,-0.321204,-0.293046
affinity,initial_slope,cluster,-0.374034,-0.395921
affinity,plateau_iteration,nodes,,
affinity,plateau_iteration,edges,-0.344056,-0.431081
affinity,plateau_iteration,density,-0.344056,-0.431081
affinity,plateau_iteration,avg_degree,-0.344056,-0.431081
affinity,plateau_iteration,degree_std,0.248631,0.374903
affinity,plateau_iteration,max_degree,0.150279,0.305803
affinity,plateau_iteration,hub_ratio,0.211737,0.352831
affinity,plateau_iteration,degree_gini,0.374125,0.367411
affinity,plateau_iteration,clustering,-0.163271,0.003031
affinity,plateau_iteration,transitivity,-0.166278,0.011336
affinity,plateau_iteration,assortativity,-0.029417,-0.062154
affinity,plateau_iteration,core_number,-0.43742,-0.436868
affinity,plateau_iteration,diameter,0.177107,0.171679
affinity,plateau_iteration,avg_path,0.096891,-0.039697
affinity,plateau_iteration,spectral_radius,,
affinity,plateau_iteration,algebraic_connectivity,,
affinity,plateau_iteration,communities,0.122706,0.132658
affinity,plateau_iteration,modularity,0.013847,-0.111694
affinity,plateau_iteration,improvement,0.233398,0.322632
affinity,plateau_iteration,improvement_%,0.184642,0.315195
affinity,plateau_iteration,PC1,-0.149985,-0.111326
affinity,plateau_iteration,PC2,-0.409338,-0.380288
affinity,plateau_iteration,cluster,-0.212244,-0.209394
affinity,mean_acceptance,nodes,,
affinity,mean_acceptance,edges,-0.04586,-0.005244
affinity,mean_acceptance,density,-0.04586,-0.005244
affinity,mean_acceptance,avg_degree,-0.04586,-0.005244
affinity,mean_acceptance,degree_std,0.164371,0.286487
affinity,mean_acceptance,max_degree,0.093702,0.363079
affinity,mean_acceptance,hub_ratio,0.102934,0.276703
affinity,mean_acceptance,degree_gini,0.206844,0.282115
affinity,mean_acceptance,clustering,0.750513,0.817437
affinity,mean_acceptance,transitivity,0.742123,0.822292
affinity,mean_acceptance,assortativity,0.338883,0.335111
affinity,mean_acceptance,core_number,-0.37954,-0.298452
affinity,mean_acceptance,diameter,0.536467,0.503123
affinity,mean_acceptance,avg_path,0.610263,0.462009
affinity,mean_acceptance,spectral_radius,,
affinity,mean_acceptance,algebraic_connectivity,,
affinity,mean_acceptance,communities,-0.563254,-0.568009
affinity,mean_acceptance,modularity,0.722487,0.549142
affinity,mean_acceptance,improvement,0.239064,0.305521
affinity,mean_acceptance,improvement_%,0.172123,0.325197
affinity,mean_acceptance,PC1,0.389221,0.544461
affinity,mean_acceptance,PC2,-0.306863,-0.271415
affinity,mean_acceptance,cluster,0.55397,0.570855
affinity,avalanche_mean,nodes,,
affinity,avalanche_mean,edges,0.339808,0.483354
affinity,avalanche_mean,density,0.339808,0.483354
affinity,avalanche_mean,avg_degree,0.339808,0.483354
affinity,avalanche_mean,degree_std,-0.333868,-0.283892
affinity,avalanche_mean,max_degree,-0.291542,-0.175778
affinity,avalanche_mean,hub_ratio,-0.357239,-0.292746
affinity,avalanche_mean,degree_gini,-0.420578,-0.283479
affinity,avalanche_mean,clustering,0.915783,0.536366
affinity,avalanche_mean,transitivity,0.920088,0.525621
affinity,avalanche_mean,assortativity,0.407787,0.355514
affinity,avalanche_mean,core_number,0.276361,0.27621
affinity,avalanche_mean,diameter,0.343623,0.261467
affinity,avalanche_mean,avg_path,0.541666,0.447612
affinity,avalanche_mean,spectral_radius,,
affinity,avalanche_mean,algebraic_connectivity,,
affinity,avalanche_mean,communities,-0.701389,-0.567565
affinity,avalanche_mean,modularity,0.729607,0.568072
affinity,avalanche_mean,improvement,0.031395,-0.023229
affinity,avalanche_mean,improvement_%,0.030924,0.019637
affinity,avalanche_mean,PC1,0.686006,0.582927
affinity,avalanche_mean,PC2,0.241228,0.269157
affinity,avalanche_mean,cluster,0.718515,0.563459
affinity,relaxation_time,nodes,,
affinity,relaxation_time,edges,-0.183835,-0.193906
affinity,relaxation_time,density,-0.183835,-0.193906
affinity,relaxation_time,avg_degree,-0.183835,-0.193906
affinity,relaxation_time,degree_std,0.076376,0.066788
affinity,relaxation_time,max_degree,0.049117,-0.001488
affinity,relaxation_time,hub_ratio,0.082263,0.048062
affinity,relaxation_time,degree_gini,0.136797,0.058512
affinity,relaxation_time,clustering,-0.324219,-0.292079
affinity,relaxation_time,transitivity,-0.322102,-0.274863
affinity,relaxation_time,assortativity,-0.035621,-0.012154
affinity,relaxation_time,core_number,-0.123882,-0.110672
affinity,relaxation_time,diameter,-0.048207,-0.042878
affinity,relaxation_time,avg_path,-0.134654,-0.174056
affinity,relaxation_time,spectral_radius,,
affinity,relaxation_time,algebraic_connectivity,,
affinity,relaxation_time,communities,0.174488,0.168343
affinity,relaxation_time,modularity,-0.199055,-0.18787
affinity,relaxation_time,improvement,0.122311,0.17801
affinity,relaxation_time,improvement_%,0.090471,0.153817
affinity,relaxation_time,PC1,-0.186756,-0.181396
affinity,relaxation_time,PC2,-0.138606,-0.109984
affinity,relaxation_time,cluster,-0.298049,-0.312441
periodic,initial_slope,nodes,,
periodic,initial_slope,edges,-0.344616,-0.490154
periodic,initial_slope,density,-0.344616,-0.490154
periodic,initial_slope,avg_degree,-0.344616,-0.490154
periodic,initial_slope,degree_std,0.356555,0.381759
periodic,initial_slope,max_degree,0.289875,0.246499
periodic,initial_slope,hub_ratio,0.354019,0.347075
periodic,initial_slope,degree_gini,0.456367,0.371566
periodic,initial_slope,clustering,-0.611409,-0.37314
periodic,initial_slope,transitivity,-0.618256,-0.363572
periodic,initial_slope,assortativity,-0.292025,-0.321683
periodic,initial_slope,core_number,-0.391027,-0.356983
periodic,initial_slope,diameter,-0.151386,-0.168108
periodic,initial_slope,avg_path,-0.298531,-0.430324
periodic,initial_slope,spectral_radius,,
periodic,initial_slope,algebraic_connectivity,,
periodic,initial_slope,communities,0.492444,0.518705
periodic,initial_slope,modularity,-0.423924,-0.488752
periodic,initial_slope,improvement,0.138334,0.162241
periodic,initial_slope,improvement_%,0.104536,0.116375
periodic,initial_slope,PC1,-0.507731,-0.522578
periodic,initial_slope,PC2,-0.332948,-0.32412
periodic,initial_slope,cluster,-0.504891,-0.493402
periodic,plateau_iteration,nodes,,
periodic,plateau_iteration,edges,-0.18115,-0.314286
periodic,plateau_iteration,density,-0.18115,-0.314286
periodic,plateau_iteration,avg_degree,-0.18115,-0.314286
periodic,plateau_iteration,degree_std,0.312,0.350299
periodic,plateau_iteration,max_degree,0.276549,0.247367
periodic,plateau_iteration,hub_ratio,0.311221,0.312443
periodic,plateau_iteration,degree_gini,0.356094,0.328539
periodic,plateau_iteration,clustering,-0.31652,-0.157849
periodic,plateau_iteration,transitivity,-0.325328,-0.1574
periodic,plateau_iteration,assortativity,-0.193342,-0.308434
periodic,plateau_iteration,core_number,-0.306392,-0.258578
periodic,plateau_iteration,diameter,-0.099261,-0.181348
periodic,plateau_iteration,avg_path,-0.183544,-0.378049
periodic,plateau_iteration,spectral_radius,,
periodic,plateau_iteration,algebraic_connectivity,,
periodic,plateau_iteration,communities,0.306618,0.342912
periodic,plateau_iteration,modularity,-0.237633,-0.393468
periodic,plateau_iteration,improvement,0.064726,0.139462
periodic,plateau_iteration,improvement_%,0.027281,0.10561
periodic,plateau_iteration,PC1,-0.349853,-0.402599
periodic,plateau_iteration,PC2,-0.223572,-0.213247
periodic,plateau_iteration,cluster,-0.236857,-0.239374
periodic,mean_acceptance,nodes,,
periodic,mean_acceptance,edges,0.246328,0.336519
periodic,mean_acceptance,density,0.246328,0.336519
periodic,mean_acceptance,avg_degree,0.246328,0.336519
periodic,mean_acceptance,degree_std,-0.268181,-0.029497
periodic,mean_acceptance,max_degree,-0.250413,0.06562
periodic,mean_acceptance,hub_ratio,-0.300543,-0.046312
periodic,mean_acceptance,degree_gini,-0.320822,-0.050675
periodic,mean_acceptance,clustering,0.904926,0.672756
periodic,mean_acceptance,transitivity,0.907774,0.666756
periodic,mean_acceptance,assortativity,0.399514,0.31338
periodic,mean_acceptance,core_number,0.150846,0.07548
periodic,mean_acceptance,diameter,0.404251,0.28044
periodic,mean_acceptance,avg_path,0.592234,0.361453
periodic,mean_acceptance,spectral_radius,,
periodic,mean_acceptance,algebraic_connectivity,,
periodic,mean_acceptance,communities,-0.688061,-0.500437
periodic,mean_acceptance,modularity,0.768185,0.521467
periodic,mean_acceptance,improvement,0.028796,0.013805
periodic,mean_acceptance,improvement_%,0.002346,0.033679
periodic,mean_acceptance,PC1,0.664848,0.49525
periodic,mean_acceptance,PC2,0.124481,0.09791
periodic,mean_acceptance,cluster,0.68086,0.612598
periodic,avalanche_mean,nodes,,
periodic,avalanche_mean,edges,0.274332,0.435522
periodic,avalanche_mean,density,0.274332,0.435522
periodic,avalanche_mean,avg_degree,0.274332,0.435522
periodic,avalanche_mean,degree_std,-0.350145,-0.42636
periodic,avalanche_mean,max_degree,-0.31635,-0.313393
periodic,avalanche_mean,hub_ratio,-0.371553,-0.406902
periodic,avalanche_mean,degree_gini,-0.41397,-0.423568
periodic,avalanche_mean,clustering,0.81979,0.38939
periodic,avalanche_mean,transitivity,0.826346,0.383167
periodic,avalanche_mean,assortativity,0.374874,0.515494
periodic,avalanche_mean,core_number,0.261515,0.260253
periodic,avalanche_mean,diameter,0.347265,0.387334
periodic,avalanche_mean,avg_path,0.522761,0.620713
periodic,avalanche_mean,spectral_radius,,
periodic,avalanche_mean,algebraic_connectivity,,
periodic,avalanche_mean,communities,-0.640149,-0.631269
periodic,avalanche_mean,modularity,0.673587,0.693816
periodic,avalanche_mean,improvement,-0.034289,-0.150483
periodic,avalanche_mean,improvement_%,-0.041402,-0.082583
periodic,avalanche_mean,PC1,0.656334,0.718641
periodic,avalanche_mean,PC2,0.204417,0.240202
periodic,avalanche_mean,cluster,0.615378,0.41809
periodic,relaxation_time,nodes,,
periodic,relaxation_time,edges,-0.379502,-0.477568
periodic,relaxation_time,density,-0.379502,-0.477568
periodic,relaxation_time,avg_degree,-0.379502,-0.477568
periodic,relaxation_time,degree_std,0.131662,0.373505
periodic,relaxation_time,max_degree,0.047498,0.233107
periodic,relaxation_time,hub_ratio,0.109349,0.331039
periodic,relaxation_time,degree_gini,0.268484,0.360672
periodic,relaxation_time,clustering,-0.308697,-0.34035
periodic,relaxation_time,transitivity,-0.306916,-0.329176
periodic,relaxation_time,assortativity,-0.020317,-0.308262
periodic,relaxation_time,core_number,-0.340806,-0.354762
periodic,relaxation_time,diameter,0.129992,-0.13161
periodic,relaxation_time,avg_path,0.028993,-0.384721
periodic,relaxation_time,spectral_radius,,
periodic,relaxation_time,algebraic_connectivity,,
periodic,relaxation_time,communities,0.196395,0.552449
periodic,relaxation_time,modularity,-0.063404,-0.457709
periodic,relaxation_time,improvement,0.113878,0.155077
periodic,relaxation_time,improvement_%,0.11495,0.116809
periodic,relaxation_time,PC1,-0.153486,-0.506558
periodic,relaxation_time,PC2,-0.365744,-0.319575
periodic,relaxation_time,cluster,-0.3779,-0.479708
reactive,initial_slope,nodes,,
reactive,initial_slope,edges,-0.216934,-0.454055
reactive,initial_slope,density,-0.216934,-0.454055
reactive,initial_slope,avg_degree,-0.216934,-0.454055
reactive,initial_slope,degree_std,0.436522,0.397053
reactive,initial_slope,max_degree,0.387765,0.296913
reactive,initial_slope,hub_ratio,0.433445,0.389895
reactive,initial_slope,degree_gini,0.47877,0.387283
reactive,initial_slope,clustering,-0.546424,-0.294396
reactive,initial_slope,transitivity,-0.558683,-0.286985
reactive,initial_slope,assortativity,-0.403632,-0.415765
reactive,initial_slope,core_number,-0.359091,-0.339809
reactive,initial_slope,diameter,-0.249701,-0.229493
reactive,initial_slope,avg_path,-0.36998,-0.433867
reactive,initial_slope,spectral_radius,,
reactive,initial_slope,algebraic_connectivity,,
reactive,initial_slope,communities,0.432404,0.410807
reactive,initial_slope,modularity,-0.459933,-0.499729
reactive,initial_slope,improvement,0.229691,0.275426
reactive,initial_slope,improvement_%,0.165326,0.211426
reactive,initial_slope,PC1,-0.553838,-0.498719
reactive,initial_slope,PC2,-0.24433,-0.333069
reactive,initial_slope,cluster,-0.373705,-0.3814
reactive,plateau_iteration,nodes,,
reactive,plateau_iteration,edges,-0.079299,-0.317063
reactive,plateau_iteration,density,-0.079299,-0.317063
reactive,plateau_iteration,avg_degree,-0.079299,-0.317063
reactive,plateau_iteration,degree_std,0.488971,0.474697
reactive,plateau_iteration,max_degree,0.441859,0.443841
reactive,plateau_iteration,hub_ratio,0.469869,0.458578
reactive,plateau_iteration,degree_gini,0.491296,0.471518
reactive,plateau_iteration,clustering,-0.236677,-0.016135
reactive,plateau_iteration,transitivity,-0.25134,0.00727
reactive,plateau_iteration,assortativity,-0.432593,-0.468196
reactive,plateau_iteration,core_number,-0.364395,-0.289899
reactive,plateau_iteration,diameter,-0.172733,-0.200697
reactive,plateau_iteration,avg_path,-0.242519,-0.355098
reactive,plateau_iteration,spectral_radius,,
reactive,plateau_iteration,algebraic_connectivity,,
reactive,plateau_iteration,communities,0.334839,0.310805
reactive,plateau_iteration,modularity,-0.254319,-0.369905
reactive,plateau_iteration,improvement,0.202532,0.219591
reactive,plateau_iteration,improvement_%,0.128299,0.15638
reactive,plateau_iteration,PC1,-0.446396,-0.407381
reactive,plateau_iteration,PC2,-0.201471,-0.274481
reactive,plateau_iteration,cluster,-0.070064,-0.043854
reactive,mean_acceptance,nodes,,
reactive,mean_acceptance,edges,0.321956,0.370815
reactive,mean_acceptance,density,0.321956,0.370815
reactive,mean_acceptance,avg_degree,0.321956,0.370815
reactive,mean_acceptance,degree_std,-0.246613,-0.055988
reactive,mean_acceptance,max_degree,-0.215371,0.057447
reactive,mean_acceptance,hub_ratio,-0.276083,-0.067816
reactive,mean_acceptance,degree_gini,-0.330303,-0.069385
reactive,mean_acceptance,clustering,0.919589,0.669117
reactive,mean_acceptance,transitivity,0.920701,0.66695
reactive,mean_acceptance,assortativity,0.339024,0.244154
reactive,mean_acceptance,core_number,0.19587,0.126051
reactive,mean_acceptance,diameter,0.338484,0.21199
reactive,mean_acceptance,avg_path,0.538386,0.357088
reactive,mean_acceptance,spectral_radius,,
reactive,mean_acceptance,algebraic_connectivity,,
reactive,mean_acceptance,communities,-0.670538,-0.510212
reactive,mean_acceptance,modularity,0.728692,0.498361
reactive,mean_acceptance,improvement,0.06768,0.005363
reactive,mean_acceptance,improvement_%,0.040059,0.018004
reactive,mean_acceptance,PC1,0.6344,0.485943
reactive,mean_acceptance,PC2,0.191595,0.142885
reactive,mean_acceptance,cluster,0.735292,0.644659
reactive,avalanche_mean,nodes,,
reactive,avalanche_mean,edges,0.304659,0.505336
reactive,avalanche_mean,density,0.304659,0.505336
reactive,avalanche_mean,avg_degree,0.304659,0.505336
reactive,avalanche_mean,degree_std,-0.358336,-0.426361
reactive,avalanche_mean,max_degree,-0.320011,-0.331456
reactive,avalanche_mean,hub_ratio,-0.380785,-0.427328
reactive,avalanche_mean,degree_gini,-0.432105,-0.416838
reactive,avalanche_mean,clustering,0.865111,0.448424
reactive,avalanche_mean,transitivity,0.871093,0.427269
reactive,avalanche_mean,assortativity,0.398722,0.493884
reactive,avalanche_mean,core_number,0.275008,0.326016
reactive,avalanche_mean,diameter,0.344605,0.324323
reactive,avalanche_mean,avg_path,0.53688,0.552666
reactive,avalanche_mean,spectral_radius,,
reactive,avalanche_mean,algebraic_connectivity,,
reactive,avalanche_mean,communities,-0.681767,-0.607701
reactive,avalanche_mean,modularity,0.694632,0.642491
reactive,avalanche_mean,improvement,-0.107259,-0.213219
reactive,avalanche_mean,improvement_%,-0.102129,-0.148129
reactive,avalanche_mean,PC1,0.68037,0.67381
reactive,avalanche_mean,PC2,0.227282,0.313033
reactive,avalanche_mean,cluster,0.660136,0.477256
reactive,relaxation_time,nodes,,
reactive,relaxation_time,edges,-0.369141,-0.483214
reactive,relaxation_time,density,-0.369141,-0.483214
reactive,relaxation_time,avg_degree,-0.369141,-0.483214
reactive,relaxation_time,degree_std,0.182981,0.368278
reactive,relaxation_time,max_degree,0.103058,0.252869
reactive,relaxation_time,hub_ratio,0.168473,0.352244
reactive,relaxation_time,degree_gini,0.307768,0.365933
reactive,relaxation_time,clustering,-0.347231,-0.274316
reactive,relaxation_time,transitivity,-0.34708,-0.263676
reactive,relaxation_time,assortativity,-0.159236,-0.296141
reactive,relaxation_time,core_number,-0.346667,-0.383253
reactive,relaxation_time,diameter,0.05094,-0.099704
reactive,relaxation_time,avg_path,-0.017839,-0.29542
reactive,relaxation_time,spectral_radius,,
reactive,relaxation_time,algebraic_connectivity,,
reactive,relaxation_time,communities,0.226915,0.353889
reactive,relaxation_time,modularity,-0.121533,-0.366019
reactive,relaxation_time,improvement,0.132868,0.282333
reactive,relaxation_time,improvement_%,0.128435,0.232027
reactive,relaxation_time,PC1,-0.217223,-0.382686
reactive,relaxation_time,PC2,-0.355142,-0.358909
reactive,relaxation_time,cluster,-0.373218,-0.404474
affinity_periodic,initial_slope,nodes,,
affinity_periodic,initial_slope,edges,-0.558444,-0.674448
affinity_periodic,initial_slope,density,-0.558444,-0.674448
affinity_periodic,initial_slope,avg_degree,-0.558444,-0.674448
affinity_periodic,initial_slope,degree_std,0.313993,0.453119
affinity_periodic,initial_slope,max_degree,0.20288,0.305107
affinity_periodic,initial_slope,hub_ratio,0.301445,0.427785
affinity_periodic,initial_slope,degree_gini,0.505212,0.445648
affinity_periodic,initial_slope,clustering,-0.596421,-0.353372
affinity_periodic,initial_slope,transitivity,-0.598827,-0.34558
affinity_periodic,initial_slope,assortativity,-0.149273,-0.130527
affinity_periodic,initial_slope,core_number,-0.547321,-0.5722
affinity_periodic,initial_slope,diameter,0.080949,0.090309
affinity_periodic,initial_slope,avg_path,-0.095603,-0.252169
affinity_periodic,initial_slope,spectral_radius,,
affinity_periodic,initial_slope,algebraic_connectivity,,
affinity_periodic,initial_slope,communities,0.370255,0.398056
affinity_periodic,initial_slope,modularity,-0.275523,-0.360677
affinity_periodic,initial_slope,improvement,0.04185,0.16949
affinity_periodic,initial_slope,improvement_%,0.051071,0.157065
affinity_periodic,initial_slope,PC1,-0.393279,-0.374109
affinity_periodic,initial_slope,PC2,-0.546681,-0.530729
affinity_periodic,initial_slope,cluster,-0.611865,-0.622286
affinity_periodic,plateau_iteration,nodes,,
affinity_periodic,plateau_iteration,edges,-0.335973,-0.3475
affinity_periodic,plateau_iteration,density,-0.335973,-0.3475
affinity_periodic,plateau_iteration,avg_degree,-0.335973,-0.3475
affinity_periodic,plateau_iteration,degree_std,0.102839,0.184735
affinity_periodic,plateau_iteration,max_degree,0.05882,0.106599
affinity_periodic,plateau_iteration,hub_ratio,0.114517,0.187134
affinity_periodic,plateau_iteration,degree_gini,0.224513,0.172427
affinity_periodic,plateau_iteration,clustering,-0.369679,-0.316095
affinity_periodic,plateau_iteration,transitivity,-0.366846,-0.315082
affinity_periodic,plateau_iteration,assortativity,0.050563,-0.062518
affinity_periodic,plateau_iteration,core_number,-0.260637,-0.256839
affinity_periodic,plateau_iteration,diameter,0.067316,-0.034041
affinity_periodic,plateau_iteration,avg_path,-0.043164,-0.190533
affinity_periodic,plateau_iteration,spectral_radius,,
affinity_periodic,plateau_iteration,algebraic_connectivity,,
affinity_periodic,plateau_iteration,communities,0.331543,0.377126
affinity_periodic,plateau_iteration,modularity,-0.165059,-0.296209
affinity_periodic,plateau_iteration,improvement,0.106662,0.176343
affinity_periodic,plateau_iteration,improvement_%,0.10182,0.163037
affinity_periodic,plateau_iteration,PC1,-0.206294,-0.307847
affinity_periodic,plateau_iteration,PC2,-0.296504,-0.225638
affinity_periodic,plateau_iteration,cluster,-0.395748,-0.407193
affinity_periodic,mean_acceptance,nodes,,
affinity_periodic,mean_acceptance,edges,-0.265492,-0.151724
affinity_periodic,mean_acceptance,density,-0.265492,-0.151724
affinity_periodic,mean_acceptance,avg_degree,-0.265492,-0.151724
affinity_periodic,mean_acceptance,degree_std,0.203938,0.311728
affinity_periodic,mean_acceptance,max_degree,0.091353,0.348418
affinity_periodic,mean_acceptance,hub_ratio,0.137377,0.28941
affinity_periodic,mean_acceptance,degree_gini,0.328058,0.305928
affinity_periodic,mean_acceptance,clustering,0.59889,0.702284
affinity_periodic,mean_acceptance,transitivity,0.592301,0.706152
affinity_periodic,mean_acceptance,assortativity,0.493029,0.494176
affinity_periodic,mean_acceptance,core_number,-0.549571,-0.425618
affinity_periodic,mean_acceptance,diameter,0.631389,0.618377
affinity_periodic,mean_acceptance,avg_path,0.661417,0.510821
affinity_periodic,mean_acceptance,spectral_radius,,
affinity_periodic,mean_acceptance,algebraic_connectivity,,
affinity_periodic,mean_acceptance,communities,-0.482585,-0.513757
affinity_periodic,mean_acceptance,modularity,0.714579,0.57754
affinity_periodic,mean_acceptance,improvement,0.194652,0.251036
affinity_periodic,mean_acceptance,improvement_%,0.153604,0.296043
affinity_periodic,mean_acceptance,PC1,0.339798,0.557837
affinity_periodic,mean_acceptance,PC2,-0.510086,-0.382179
affinity_periodic,mean_acceptance,cluster,0.34803,0.35977
affinity_periodic,avalanche_mean,nodes,,
affinity_periodic,avalanche_mean,edges,0.275976,0.355898
affinity_periodic,avalanche_mean,density,0.275976,0.355898
affinity_periodic,avalanche_mean,avg_degree,0.275976,0.355898
affinity_periodic,avalanche_mean,degree_std,-0.299244,-0.196577
affinity_periodic,avalanche_mean,max_degree,-0.270363,-0.080274
affinity_periodic,avalanche_mean,hub_ratio,-0.324493,-0.192137
affinity_periodic,avalanche_mean,degree_gini,-0.365957,-0.192213
affinity_periodic,avalanche_mean,clustering,0.792012,0.553589
affinity_periodic,avalanche_mean,transitivity,0.796694,0.551714
affinity_periodic,avalanche_mean,assortativity,0.30808,0.397442
affinity_periodic,avalanche_mean,core_number,0.242802,0.143104
affinity_periodic,avalanche_mean,diameter,0.312345,0.340863
affinity_periodic,avalanche_mean,avg_path,0.483533,0.498255
affinity_periodic,avalanche_mean,spectral_radius,,
affinity_periodic,avalanche_mean,algebraic_connectivity,,
affinity_periodic,avalanche_mean,communities,-0.616144,-0.644028
affinity_periodic,avalanche_mean,modularity,0.659128,0.622167
affinity_periodic,avalanche_mean,improvement,0.011879,-0.045727
affinity_periodic,avalanche_mean,improvement_%,-0.008224,0.003195
affinity_periodic,avalanche_mean,PC1,0.609627,0.638148
affinity_periodic,avalanche_mean,PC2,0.196352,0.139558
affinity_periodic,avalanche_mean,cluster,0.613478,0.529878
affinity_periodic,relaxation_time,nodes,,
affinity_periodic,relaxation_time,edges,-0.531437,-0.59514
affinity_periodic,relaxation_time,density,-0.531437,-0.59514
affinity_periodic,relaxation_time,avg_degree,-0.531437,-0.59514
affinity_periodic,relaxation_time,degree_std,0.134264,0.39745
affinity_periodic,relaxation_time,max_degree,0.037752,0.266213
affinity_periodic,relaxation_time,hub_ratio,0.12738,0.374249
affinity_periodic,relaxation_time,degree_gini,0.328917,0.393426
affinity_periodic,relaxation_time,clustering,-0.40349,-0.353637
affinity_periodic,relaxation_time,transitivity,-0.401419,-0.34844
affinity_periodic,relaxation_time,assortativity,0.095282,-0.139874
affinity_periodic,relaxation_time,core_number,-0.431035,-0.487417
affinity_periodic,relaxation_time,diameter,0.210778,0.035938
affinity_periodic,relaxation_time,avg_path,0.080558,-0.262495
affinity_periodic,relaxation_time,spectral_radius,,
affinity_periodic,relaxation_time,algebraic_connectivity,,
affinity_periodic,relaxation_time,communities,0.280571,0.461918
affinity_periodic,relaxation_time,modularity,-0.073966,-0.372565
affinity_periodic,relaxation_time,improvement,0.005326,0.107617
affinity_periodic,relaxation_time,improvement_%,0.027129,0.088741
affinity_periodic,relaxation_time,PC1,-0.176752,-0.406249
affinity_periodic,relaxation_time,PC2,-0.497507,-0.44514
affinity_periodic,relaxation_time,cluster,-0.511465,-0.591035
affinity_reactive,initial_slope,nodes,,
affinity_reactive,initial_slope,edges,-0.426353,-0.469457
affinity_reactive,initial_slope,density,-0.426353,-0.469457
affinity_reactive,initial_slope,avg_degree,-0.426353,-0.469457
affinity_reactive,initial_slope,degree_std,0.152425,0.181475
affinity_reactive,initial_slope,max_degree,0.091424,0.038112
affinity_reactive,initial_slope,hub_ratio,0.165293,0.168746
affinity_reactive,initial_slope,degree_gini,0.292695,0.177676
affinity_reactive,initial_slope,clustering,-0.652486,-0.498599
affinity_reactive,initial_slope,transitivity,-0.649332,-0.482427
affinity_reactive,initial_slope,assortativity,-0.130792,-0.110574
affinity_reactive,initial_slope,core_number,-0.298947,-0.320374
affinity_reactive,initial_slope,diameter,-0.054784,0.00116
affinity_reactive,initial_slope,avg_path,-0.218076,-0.223281
affinity_reactive,initial_slope,spectral_radius,,
affinity_reactive,initial_slope,algebraic_connectivity,,
affinity_reactive,initial_slope,communities,0.336149,0.284027
affinity_reactive,initial_slope,modularity,-0.374371,-0.291816
affinity_reactive,initial_slope,improvement,-0.00051,0.089546
affinity_reactive,initial_slope,improvement_%,-0.007865,0.066325
affinity_reactive,initial_slope,PC1,-0.359291,-0.299234
affinity_reactive,initial_slope,PC2,-0.335473,-0.333014
affinity_reactive,initial_slope,cluster,-0.624178,-0.607006
affinity_reactive,plateau_iteration,nodes,,
affinity_reactive,plateau_iteration,edges,-0.403232,-0.357628
affinity_reactive,plateau_iteration,density,-0.403232,-0.357628
affinity_reactive,plateau_iteration,avg_degree,-0.403232,-0.357628
affinity_reactive,plateau_iteration,degree_std,0.106146,0.2016
affinity_reactive,plateau_iteration,max_degree,0.038046,0.115495
affinity_reactive,plateau_iteration,hub_ratio,0.106116,0.184483
affinity_reactive,plateau_iteration,degree_gini,0.25021,0.19501
affinity_reactive,plateau_iteration,clustering,-0.259739,-0.175707
affinity_reactive,plateau_iteration,transitivity,-0.256938,-0.161245
affinity_reactive,plateau_iteration,assortativity,-0.022667,-0.031326
affinity_reactive,plateau_iteration,core_number,-0.354892,-0.338464
affinity_reactive,plateau_iteration,diameter,0.200507,0.173027
affinity_reactive,plateau_iteration,avg_path,0.097517,0.006543
affinity_reactive,plateau_iteration,spectral_radius,,
affinity_reactive,plateau_iteration,algebraic_connectivity,,
affinity_reactive,plateau_iteration,communities,0.126374,0.094137
affinity_reactive,plateau_iteration,modularity,-0.001102,-0.041401
affinity_reactive,plateau_iteration,improvement,-0.056565,-0.00957
affinity_reactive,plateau_iteration,improvement_%,-0.047226,-0.011044
affinity_reactive,plateau_iteration,PC1,-0.100234,-0.056535
affinity_reactive,plateau_iteration,PC2,-0.396339,-0.338699
affinity_reactive,plateau_iteration,cluster,-0.351151,-0.319121
affinity_reactive,mean_acceptance,nodes,,
affinity_reactive,mean_acceptance,edges,-0.201209,-0.109478
affinity_reactive,mean_acceptance,density,-0.201209,-0.109478
affinity_reactive,mean_acceptance,avg_degree,-0.201209,-0.109478
affinity_reactive,mean_acceptance,degree_std,0.254608,0.325343
affinity_reactive,mean_acceptance,max_degree,0.157899,0.376276
affinity_reactive,mean_acceptance,hub_ratio,0.19496,0.314047
affinity_reactive,mean_acceptance,degree_gini,0.348354,0.313509
affinity_reactive,mean_acceptance,clustering,0.597383,0.73744
affinity_reactive,mean_acceptance,transitivity,0.588438,0.751969
affinity_reactive,mean_acceptance,assortativity,0.310431,0.344627
affinity_reactive,mean_acceptance,core_number,-0.536812,-0.389209
affinity_reactive,mean_acceptance,diameter,0.570189,0.548139
affinity_reactive,mean_acceptance,avg_path,0.592298,0.438246
affinity_reactive,mean_acceptance,spectral_radius,,
affinity_reactive,mean_acceptance,algebraic_connectivity,,
affinity_reactive,mean_acceptance,communities,-0.492875,-0.537656
affinity_reactive,mean_acceptance,modularity,0.661539,0.52496
affinity_reactive,mean_acceptance,improvement,0.174827,0.261286
affinity_reactive,mean_acceptance,improvement_%,0.113387,0.285784
affinity_reactive,mean_acceptance,PC1,0.288479,0.517161
affinity_reactive,mean_acceptance,PC2,-0.464073,-0.358386
affinity_reactive,mean_acceptance,cluster,0.393998,0.43465
affinity_reactive,avalanche_mean,nodes,,
affinity_reactive,avalanche_mean,edges,0.308393,0.445172
affinity_reactive,avalanche_mean,density,0.308393,0.445172
affinity_reactive,avalanche_mean,avg_degree,0.308393,0.445172
affinity_reactive,avalanche_mean,degree_std,-0.291704,-0.185699
affinity_reactive,avalanche_mean,max_degree,-0.253518,-0.079355
affinity_reactive,avalanche_mean,hub_ratio,-0.312785,-0.20389
affinity_reactive,avalanche_mean,degree_gini,-0.371674,-0.190257
affinity_reactive,avalanche_mean,clustering,0.831934,0.594323
affinity_reactive,avalanche_mean,transitivity,0.836129,0.588364
affinity_reactive,avalanche_mean,assortativity,0.371921,0.276836
affinity_reactive,avalanche_mean,core_number,0.251324,0.237569
affinity_reactive,avalanche_mean,diameter,0.296633,0.203808
affinity_reactive,avalanche_mean,avg_path,0.492081,0.388413
affinity_reactive,avalanche_mean,spectral_radius,,
affinity_reactive,avalanche_mean,algebraic_connectivity,,
affinity_reactive,avalanche_mean,communities,-0.615906,-0.480023
affinity_reactive,avalanche_mean,modularity,0.656288,0.497863
affinity_reactive,avalanche_mean,improvement,0.213003,0.087871
affinity_reactive,avalanche_mean,improvement_%,0.238055,0.116767
affinity_reactive,avalanche_mean,PC1,0.611977,0.505818
affinity_reactive,avalanche_mean,PC2,0.219367,0.256915
affinity_reactive,avalanche_mean,cluster,0.654804,0.619064
affinity_reactive,relaxation_time,nodes,,
affinity_reactive,relaxation_time,edges,-0.4425,-0.459082
affinity_reactive,relaxation_time,density,-0.4425,-0.459082
affinity_reactive,relaxation_time,avg_degree,-0.4425,-0.459082
affinity_reactive,relaxation_time,degree_std,0.0344,0.176173
affinity_reactive,relaxation_time,max_degree,-0.032539,0.021915
affinity_reactive,relaxation_time,hub_ratio,0.04115,0.15316
affinity_reactive,relaxation_time,degree_gini,0.191301,0.161401
affinity_reactive,relaxation_time,clustering,-0.386329,-0.476361
affinity_reactive,relaxation_time,transitivity,-0.380585,-0.463787
affinity_reactive,relaxation_time,assortativity,0.071377,-0.073358
affinity_reactive,relaxation_time,core_number,-0.290943,-0.316378
affinity_reactive,relaxation_time,diameter,0.165738,0.01904
affinity_reactive,relaxation_time,avg_path,0.044444,-0.195067
affinity_reactive,relaxation_time,spectral_radius,,
affinity_reactive,relaxation_time,algebraic_connectivity,,
affinity_reactive,relaxation_time,communities,0.123557,0.304517
affinity_reactive,relaxation_time,modularity,-0.07955,-0.256761
affinity_reactive,relaxation_time,improvement,-0.054615,0.037014
affinity_reactive,relaxation_time,improvement_%,-0.032815,0.012047
affinity_reactive,relaxation_time,PC1,-0.109298,-0.282326
affinity_reactive,relaxation_time,PC2,-0.376981,-0.318956
affinity_reactive,relaxation_time,cluster,-0.485063,-0.611315
