configuration,iteration,acceptance_mean,acceptance_std
affinity,0,0.2745840736905423,0.06193257936938838
affinity,1,0.0804264911068119,0.02601821367339006
affinity,2,0.03389487869947061,0.01238941180677961
affinity,3,0.01626876956222205,0.009859171739486547
affinity,4,0.008099194407077688,0.007393281468717256
affinity,5,0.003842813966804111,0.0055447629134068735
affinity,6,0.002006931239768772,0.004903039216156366
affinity,7,0.0005702900098954306,0.0022606465600822443
affinity,8,0.0001312972599623538,0.0009647244796794566
affinity,9,3.144654088050314e-05,0.00034447959591519877
affinity,10,0.0,0.0
affinity,11,0.0,0.0
affinity,12,0.0,0.0
affinity,13,0.0,0.0
affinity,14,0.0,0.0
affinity,15,0.0,0.0
affinity,16,0.0,0.0
affinity,17,0.0,0.0
affinity,18,0.0,0.0
affinity,19,0.0,0.0
affinity,20,0.0,0.0
affinity,21,0.0,0.0
affinity,22,0.0,0.0
affinity,23,0.0,0.0
affinity,24,0.0,0.0
affinity,25,0.0,0.0
affinity,26,0.0,0.0
affinity,27,0.0,0.0
affinity,28,0.0,0.0
affinity,29,0.0,0.0
affinity,30,0.0,0.0
affinity,31,0.0,0.0
affinity,32,0.0,0.0
affinity,33,0.0,0.0
affinity,34,0.0,0.0
affinity,35,0.0,0.0
affinity,36,0.0,0.0
affinity,37,0.0,0.0
affinity,38,0.0,0.0
affinity,39,0.0,0.0
affinity,40,0.0,0.0
affinity,41,0.0,0.0
affinity,42,0.0,0.0
affinity,43,0.0,0.0
affinity,44,0.0,0.0
affinity,45,0.0,0.0
affinity,46,0.0,0.0
affinity,47,0.0,0.0
affinity,48,0.0,0.0
affinity,49,0.0,0.0
affinity_periodic,0,0.14114218825993266,0.034250227430111205
affinity_periodic,1,0.03104791064083243,0.008917807599322461
affinity_periodic,2,0.013046030605090225,0.005291184123193262
affinity_periodic,3,0.006338490616348699,0.00392642288062557
affinity_periodic,4,0.0037928501708781757,0.003572002576165256
affinity_periodic,5,0.0024137633131367897,0.0028667640180577796
affinity_periodic,6,0.0017418072449303726,0.002700499771845074
affinity_periodic,7,0.0014091208184922092,0.0022389878533609097
affinity_periodic,8,0.001044719322454459,0.002149562382698462
affinity_periodic,9,0.0010237778075015212,0.002068556327931967
affinity_periodic,10,0.0008403919394777868,0.0016793666971847492
affinity_periodic,11,0.0008460476394612817,0.0016296743659540366
affinity_periodic,12,0.0007594354038848193,0.0014967506949320288
affinity_periodic,13,0.0005023250160472111,0.0010043269509649665
affinity_periodic,14,0.00047233540117917375,0.0009029754512035661
affinity_periodic,15,0.00048405071599782323,0.000964321055685788
affinity_periodic,16,0.0004345200366758875,0.0010522829089032264
affinity_periodic,17,0.0004562540140705518,0.0013152707783889606
affinity_periodic,18,0.00031574441485075284,0.0007691899057568143
affinity_periodic,19,0.00021686375709335245,0.0005486801418867008
affinity_periodic,20,0.00026416873184075234,0.0008200689414496639
affinity_periodic,21,0.00023624715447053427,0.0007540709485424264
affinity_periodic,22,0.00023300619809635877,0.0005360914870580071
affinity_periodic,23,0.00021096529905129374,0.0005513804356793712
affinity_periodic,24,0.00013942818782601717,0.00046188546592420925
affinity_periodic,25,0.0001949016509858168,0.000481693664858043
affinity_periodic,26,0.00026861375094611276,0.0007692889071367505
affinity_periodic,27,0.00019915135549805236,0.0006633548232508049
affinity_periodic,28,0.00012873921439951548,0.000456405638564147
affinity_periodic,29,0.000134327282553018,0.0004942517210508316
affinity_periodic,30,0.00015630874259625537,0.0004043338859446551
affinity_periodic,31,0.00011465025428269278,0.00041850762111908074
affinity_periodic,32,0.00014799055462358902,0.00045829624089320677
affinity_periodic,33,0.00011177757402417476,0.00034644816825774515
affinity_periodic,34,0.00010928522232319687,0.000381940323753295
affinity_periodic,35,0.0001254372241049082,0.0004118823290981507
affinity_periodic,36,0.00012465826073776508,0.00039960904121617234
affinity_periodic,37,8.584173926808077e-05,0.00038401821417692134
affinity_periodic,38,0.00010940788713540216,0.0004799668972553599
affinity_periodic,39,8.74074956412174e-05,0.0002789102578119827
affinity_periodic,40,0.00010526084055803362,0.0003680085921493501
affinity_periodic,41,0.00011138458035658044,0.00034242134408719714
affinity_periodic,42,0.00010757738781835876,0.00039861897737873057
affinity_periodic,43,0.00010794300074268862,0.00036695990128527583
affinity_periodic,44,0.00012126408275615784,0.0007094952678485326
affinity_periodic,45,9.927393837619729e-05,0.0006276557602186498
affinity_periodic,46,7.590155432757194e-05,0.00030711551289393913
affinity_periodic,47,0.00013160940828287588,0.0004897488392345189
affinity_periodic,48,0.00012005743140507633,0.00043739950075391494
affinity_periodic,49,0.00018649771644529964,0.0007023646841235537
affinity_reactive,0,0.2745840736905423,0.06193257936938838
affinity_reactive,1,0.0804264911068119,0.02601821367339006
affinity_reactive,2,0.03382835658738987,0.012481103608491185
affinity_reactive,3,0.016405379484105406,0.009689094791712384
affinity_reactive,4,0.008617112216600855,0.007230074331947544
affinity_reactive,5,0.005318806620192474,0.006518585199608372
affinity_reactive,6,0.004850518806442728,0.006385291049761008
affinity_reactive,7,0.0034670024520649444,0.004690735345488217
affinity_reactive,8,0.003243093149388141,0.004776530651887575
affinity_reactive,9,0.0022812532364075593,0.0036973724704415407
affinity_reactive,10,0.0021225587299409676,0.004413629188844149
affinity_reactive,11,0.002292273337484221,0.004243327591260189
affinity_reactive,12,0.0021666226380385573,0.0035897565589174067
affinity_reactive,13,0.00170694819074085,0.003237465206997915
affinity_reactive,14,0.00210689499022325,0.00405884876833801
affinity_reactive,15,0.0013723933111912396,0.002798103583748935
affinity_reactive,16,0.0010962413512700143,0.0022223070141602934
affinity_reactive,17,0.0009495637620862823,0.00240584479682035
affinity_reactive,18,0.001303556419992927,0.002819177655565393
affinity_reactive,19,0.0012533665849460464,0.002761724223809222
affinity_reactive,20,0.0010690980518562644,0.002460834081644807
affinity_reactive,21,0.0008021361298238087,0.0019607564117896195
affinity_reactive,22,0.0004910862239435027,0.00140708495448847
affinity_reactive,23,0.0006077558371889501,0.001992292323250537
affinity_reactive,24,0.0005439849471771505,0.0017586188120860835
affinity_reactive,25,0.0006206532275823284,0.002436789758619157
affinity_reactive,26,0.0006723093291634823,0.0025773575215922
affinity_reactive,27,0.0003970042820039095,0.0016609187614337036
affinity_reactive,28,0.0003162925484079323,0.0008394737296488788
affinity_reactive,29,0.0006883167070907816,0.0022427966573964854
affinity_reactive,30,0.00048536174300721203,0.0019181611153888168
affinity_reactive,31,0.0004497279374176417,0.0014881395163037913
affinity_reactive,32,0.00034266158226042826,0.0011555232042866665
affinity_reactive,33,0.0004874507690337561,0.0020028201883947726
affinity_reactive,34,0.00043255967798759207,0.0013374844057736936
affinity_reactive,35,0.00037963421398865834,0.0011689786758745115
affinity_reactive,36,0.00034121472337024673,0.0012097763688990973
affinity_reactive,37,0.00030013842071548066,0.0011095652186897313
affinity_reactive,38,0.000244470842265664,0.001144719509348607
affinity_reactive,39,0.00021035015828107872,0.0007824054975812713
affinity_reactive,40,0.00017808701068788572,0.0005324750957586856
affinity_reactive,41,0.0002559041404585049,0.0009869954034934032
affinity_reactive,42,0.0002181119422868444,0.0009489277277382412
affinity_reactive,43,0.00019309328146255362,0.000863580946761247
affinity_reactive,44,0.0002865324742839212,0.0013181199847243173
affinity_reactive,45,0.0003410094807458199,0.0014249468094728467
affinity_reactive,46,0.00027035055987803227,0.001287556626227126
affinity_reactive,47,0.00017984955755309204,0.0006107751312391499
affinity_reactive,48,0.00023535256784603675,0.0011259275901761797
affinity_reactive,49,0.00023619715590401336,0.000771324064569284
baseline,0,0.2277024027601084,0.04833271836535559
baseline,1,0.06211011230796604,0.026038363795834466
baseline,2,0.022494388521327666,0.011447232735041776
baseline,3,0.009077951598997637,0.007277086187149356
baseline,4,0.0032239297199242096,0.004703690941377581
baseline,5,0.0016685425347842486,0.0041065949816332424
baseline,6,0.00047986693465284515,0.0018924050364390406
baseline,7,0.0003017380586445341,0.001858299277866999
baseline,8,7.32788443043462e-05,0.0005957143872232343
baseline,9,1.1291779584462512e-05,0.00012369524785572856
baseline,10,0.0,0.0
baseline,11,0.0,0.0
baseline,12,0.0,0.0
baseline,13,0.0,0.0
baseline,14,0.0,0.0
baseline,15,0.0,0.0
baseline,16,0.0,0.0
baseline,17,0.0,0.0
baseline,18,0.0,0.0
baseline,19,0.0,0.0
baseline,20,0.0,0.0
baseline,21,0.0,0.0
baseline,22,0.0,0.0
baseline,23,0.0,0.0
baseline,24,0.0,0.0
baseline,25,0.0,0.0
baseline,26,0.0,0.0
baseline,27,0.0,0.0
baseline,28,0.0,0.0
baseline,29,0.0,0.0
baseline,30,0.0,0.0
baseline,31,0.0,0.0
baseline,32,0.0,0.0
baseline,33,0.0,0.0
baseline,34,0.0,0.0
baseline,35,0.0,0.0
baseline,36,0.0,0.0
baseline,37,0.0,0.0
baseline,38,0.0,0.0
baseline,39,0.0,0.0
baseline,40,0.0,0.0
baseline,41,0.0,0.0
baseline,42,0.0,0.0
baseline,43,0.0,0.0
baseline,44,0.0,0.0
baseline,45,0.0,0.0
baseline,46,0.0,0.0
baseline,47,0.0,0.0
baseline,48,0.0,0.0
baseline,49,0.0,0.0
periodic,0,0.1163498622990255,0.026910046771479946
periodic,1,0.02318248370799206,0.008185716328248691
periodic,2,0.0077644203455519405,0.002836267147538576
periodic,3,0.0035416160399495693,0.002250857161103122
periodic,4,0.0018580229538155057,0.002027274355078483
periodic,5,0.0012933687067827125,0.0016900827988075146
periodic,6,0.0008500300338206775,0.0013722127053295572
periodic,7,0.000776264735503193,0.0012071774594025757
periodic,8,0.0006240721719476954,0.0011252312641704734
periodic,9,0.0007617395649115465,0.0014874675651240289
periodic,10,0.0005481605011480583,0.0010473744830950442
periodic,11,0.00047384092253866715,0.0009230590550170117
periodic,12,0.00034606223778723143,0.0009122623098036977
periodic,13,0.00031393697065266633,0.000659606470999045
periodic,14,0.0003030193337516616,0.0007005186290632199
periodic,15,0.00027848363894389936,0.0005979817838250529
periodic,16,0.00026162465055039173,0.0007045175482026094
periodic,17,0.00022972773369220686,0.00047906757412031944
periodic,18,0.000179726231845135,0.0005157527608096878
periodic,19,0.00021133782963052568,0.000626346967645838
periodic,20,0.00019151251554832305,0.0005237378513168518
periodic,21,0.00019900693614637139,0.0004639756947121123
periodic,22,0.00021866903426651611,0.0005386716554993198
periodic,23,0.00019064462474390866,0.000510447425817301
periodic,24,0.0001241012766486967,0.00034108323768681435
periodic,25,0.00017172321231234192,0.0004827335513258651
periodic,26,0.00012497794963670992,0.0004426798900472262
periodic,27,0.00015957171499626107,0.0006717007497964524
periodic,28,0.0001522285718258518,0.0007748408590910086
periodic,29,0.00011254319623954474,0.00037869832034701813
periodic,30,0.0001183041170372094,0.00047764165127012567
periodic,31,0.00015090507903781737,0.0005052275987138051
periodic,32,0.0001089994054766066,0.00040887256606168403
periodic,33,8.991008190423619e-05,0.00028578847108347554
periodic,34,0.0001288591024828285,0.0004039641399557474
periodic,35,8.089095726710061e-05,0.0003369980530735294
periodic,36,8.308893885939992e-05,0.00030747190310631724
periodic,37,7.510832095227161e-05,0.00036995106449104226
periodic,38,9.344331906275683e-05,0.00040664589309490756
periodic,39,2.9882639445578762e-05,0.00017697533574460945
periodic,40,7.344082305104682e-05,0.0002721679240799216
periodic,41,4.688856993386015e-05,0.0002189846877130314
periodic,42,7.411834751066656e-05,0.00032658213241127293
periodic,43,3.5074935546533075e-05,0.00023344057598121735
periodic,44,2.411845388148242e-05,0.00013088686116964417
periodic,45,1.864278207611011e-05,0.00014849911729072072
periodic,46,1.835344708789456e-05,0.00014623938510674334
periodic,47,1.932214913034826e-05,0.00016078634442680297
periodic,48,5.699954400364797e-06,6.243987203661264e-05
periodic,49,1.8521883990293578e-05,0.00011651991546581692
reactive,0,0.2277024027601084,0.04833271836535559
reactive,1,0.06196458213750839,0.02618125714993495
reactive,2,0.02269427402719836,0.011006928684213492
reactive,3,0.010582274762672693,0.006546121095826969
reactive,4,0.006066875825369419,0.005860771065608021
reactive,5,0.005164342125750331,0.005679979384522148
reactive,6,0.003815965826858212,0.004670830665833508
reactive,7,0.0029106512738033465,0.004056688887909008
reactive,8,0.002417078539889489,0.00339268304476629
reactive,9,0.001887114633051454,0.0032778418509008477
reactive,10,0.0016153064251959149,0.003068162044014181
reactive,11,0.001476001955996556,0.002916102502398561
reactive,12,0.0013471298198504985,0.0029009453345367384
reactive,13,0.0007870377616907867,0.0020308018954558558
reactive,14,0.0006324029442536564,0.0014594209307627684
reactive,15,0.0007015186092695759,0.0018627005866153677
reactive,16,0.0006640645127515293,0.0013181187107020223
reactive,17,0.0005647208623178757,0.001105695031614235
reactive,18,0.0006349825700584116,0.001791751458472135
reactive,19,0.0006911432939206019,0.0019320807283435058
reactive,20,0.0005495776905646043,0.0012173193758125425
reactive,21,0.00040792215670400065,0.0009681377974384499
reactive,22,0.0002830638096772669,0.0008814621755799791
reactive,23,0.00029347799637895346,0.0010617468326843114
reactive,24,0.0002347514069139944,0.0006801400921373483
reactive,25,0.00018240901645553604,0.0007901260377339447
reactive,26,0.00027638173251828374,0.001217184200283126
reactive,27,0.00017583764893772696,0.0006306930117981121
reactive,28,0.00018666136059236849,0.0006500773565225842
reactive,29,0.00014811116123120285,0.0004529677124968284
reactive,30,0.000313186275797271,0.001233099624322247
reactive,31,0.00018545815759599317,0.0008261896530664005
reactive,32,0.0001670140535919848,0.0005151953129830696
reactive,33,0.00013728713335300002,0.000372421274939033
reactive,34,0.00018806484750211216,0.0006760769903798554
reactive,35,0.00021506752216231886,0.0011112251990117315
reactive,36,7.494082260687751e-05,0.00026689113873100265
reactive,37,0.00010985962417999161,0.00038243396663437926
reactive,38,0.00010412822090518076,0.0007128661950350473
reactive,39,0.0001151117939028541,0.0006583243471860951
reactive,40,0.00015987167021791872,0.0005553825648121225
reactive,41,0.00023391059046948853,0.0009400962817868632
reactive,42,0.00027607353653031155,0.0018402811866671323
reactive,43,0.00012247622449747023,0.0003671255631401437
reactive,44,0.0001589136604379188,0.0008945435572477419
reactive,45,5.1844707728008814e-05,0.0003465953154535679
reactive,46,5.219390054827513e-05,0.00029265504810959276
reactive,47,0.00018947214537652345,0.0011564579027157733
reactive,48,0.00012923646055340414,0.0006175602316745574
reactive,49,0.00013010198377370885,0.0005729930483193956
