graph,variant,edge_cut,weighted_cost,runtime
barabasi_albert_0.pkl,baseline,800,800.0,6.694898366928101
barabasi_albert_0.pkl,affinity_modified,777,63.45738262235022,8.66044569015503
barabasi_albert_1.pkl,baseline,781,781.0,10.299580335617065
barabasi_albert_1.pkl,affinity_modified,776,61.791059609153635,9.14338731765747
barabasi_albert_10.pkl,baseline,821,821.0,6.321176767349243
barabasi_albert_10.pkl,affinity_modified,764,61.438490148863714,8.685148477554321
barabasi_albert_11.pkl,baseline,806,806.0,6.286731719970703
barabasi_albert_11.pkl,affinity_modified,766,60.549569394885104,13.706153392791748
barabasi_albert_12.pkl,baseline,789,789.0,10.208083152770996
barabasi_albert_12.pkl,affinity_modified,768,61.342227811052744,8.917827844619751
barabasi_albert_13.pkl,baseline,808,808.0,10.20592188835144
barabasi_albert_13.pkl,affinity_modified,774,61.696448811185476,14.038593053817749
barabasi_albert_14.pkl,baseline,806,806.0,6.302776575088501
barabasi_albert_14.pkl,affinity_modified,769,61.874183868534885,8.547491073608398
barabasi_albert_15.pkl,baseline,760,760.0,6.522432565689087
barabasi_albert_15.pkl,affinity_modified,771,61.25611087336062,8.966267585754395
barabasi_albert_16.pkl,baseline,795,795.0,6.595016956329346
barabasi_albert_16.pkl,affinity_modified,777,61.51763517100838,8.739396810531616
barabasi_albert_17.pkl,baseline,803,803.0,6.381763219833374
barabasi_albert_17.pkl,affinity_modified,778,60.257613788301455,8.762415170669556
barabasi_albert_18.pkl,baseline,771,771.0,6.4936113357543945
barabasi_albert_18.pkl,affinity_modified,780,63.405878696105404,13.88717770576477
barabasi_albert_19.pkl,baseline,787,787.0,9.863971948623657
barabasi_albert_19.pkl,affinity_modified,781,63.450421250997934,8.824544668197632
barabasi_albert_2.pkl,baseline,796,796.0,6.175931215286255
barabasi_albert_2.pkl,affinity_modified,791,62.155633843894044,14.206254482269287
barabasi_albert_20.pkl,baseline,802,802.0,6.205643653869629
barabasi_albert_20.pkl,affinity_modified,791,62.694730915295054,13.934738159179688
barabasi_albert_21.pkl,baseline,870,870.0,6.134783029556274
barabasi_albert_21.pkl,affinity_modified,752,60.708093579235715,13.880303621292114
barabasi_albert_22.pkl,baseline,828,828.0,6.155286550521851
barabasi_albert_22.pkl,affinity_modified,814,65.00975361233107,8.622200965881348
barabasi_albert_23.pkl,baseline,782,782.0,10.098298788070679
barabasi_albert_23.pkl,affinity_modified,778,61.75583050622205,8.770789623260498
barabasi_albert_24.pkl,baseline,811,811.0,10.154383659362793
barabasi_albert_24.pkl,affinity_modified,789,62.74576520959509,8.655789375305176
barabasi_albert_25.pkl,baseline,773,773.0,6.528903484344482
barabasi_albert_25.pkl,affinity_modified,779,61.4598753484161,14.046373844146729
barabasi_albert_26.pkl,baseline,770,770.0,10.19385814666748
barabasi_albert_26.pkl,affinity_modified,739,59.50762556959101,16.759454250335693
barabasi_albert_27.pkl,baseline,794,794.0,6.268911600112915
barabasi_albert_27.pkl,affinity_modified,770,63.55386884729199,8.575289487838745
barabasi_albert_28.pkl,baseline,799,799.0,6.477464199066162
barabasi_albert_28.pkl,affinity_modified,790,64.97739605839972,8.808225393295288
barabasi_albert_29.pkl,baseline,774,774.0,10.499167203903198
barabasi_albert_29.pkl,affinity_modified,766,60.867945190584294,14.604934930801392
barabasi_albert_3.pkl,baseline,804,804.0,6.248215198516846
barabasi_albert_3.pkl,affinity_modified,765,60.7825984902209,14.069151878356934
barabasi_albert_4.pkl,baseline,811,811.0,6.344911336898804
barabasi_albert_4.pkl,affinity_modified,772,61.328171202291266,14.017315864562988
barabasi_albert_5.pkl,baseline,801,801.0,10.268365859985352
barabasi_albert_5.pkl,affinity_modified,786,62.541793258776984,13.670439958572388
barabasi_albert_6.pkl,baseline,793,793.0,6.551507472991943
barabasi_albert_6.pkl,affinity_modified,740,60.54097128905957,8.734992504119873
barabasi_albert_7.pkl,baseline,810,810.0,6.234828948974609
barabasi_albert_7.pkl,affinity_modified,768,60.27868479515927,8.704793453216553
barabasi_albert_8.pkl,baseline,847,847.0,6.214052438735962
barabasi_albert_8.pkl,affinity_modified,786,60.74157890299122,9.038029193878174
barabasi_albert_9.pkl,baseline,822,822.0,6.27591609954834
barabasi_albert_9.pkl,affinity_modified,770,60.33918041525431,13.62536334991455
planted_partition_0.pkl,baseline,439,439.0,9.058995246887207
planted_partition_0.pkl,affinity_modified,399,54.15563741358475,9.456128358840942
planted_partition_1.pkl,baseline,429,429.0,4.3991005420684814
planted_partition_1.pkl,affinity_modified,406,58.29933192761946,5.5346362590789795
planted_partition_10.pkl,baseline,385,385.0,4.4546263217926025
planted_partition_10.pkl,affinity_modified,371,54.716132467052674,5.50944185256958
planted_partition_11.pkl,baseline,357,357.0,8.591297388076782
planted_partition_11.pkl,affinity_modified,391,57.21813437587291,5.825333118438721
planted_partition_12.pkl,baseline,360,360.0,6.547118902206421
planted_partition_12.pkl,affinity_modified,368,55.63952369148029,8.479554176330566
planted_partition_13.pkl,baseline,370,370.0,8.359219074249268
planted_partition_13.pkl,affinity_modified,365,54.252576206303154,8.565925359725952
planted_partition_14.pkl,baseline,368,368.0,4.065691709518433
planted_partition_14.pkl,affinity_modified,349,51.75368735013992,8.587007284164429
planted_partition_15.pkl,baseline,391,391.0,4.105648517608643
planted_partition_15.pkl,affinity_modified,358,53.778380135331794,5.769785165786743
planted_partition_16.pkl,baseline,386,386.0,4.086687803268433
planted_partition_16.pkl,affinity_modified,314,47.2469972791555,10.150986194610596
planted_partition_17.pkl,baseline,370,370.0,4.056778907775879
planted_partition_17.pkl,affinity_modified,369,55.99260428429952,8.15405011177063
planted_partition_18.pkl,baseline,358,358.0,8.228330850601196
planted_partition_18.pkl,affinity_modified,364,54.94041886884338,5.357284784317017
planted_partition_19.pkl,baseline,373,373.0,8.099920511245728
planted_partition_19.pkl,affinity_modified,351,52.54728673457938,5.586612224578857
planted_partition_2.pkl,baseline,384,384.0,4.18218207359314
planted_partition_2.pkl,affinity_modified,359,52.10401229095787,8.538646697998047
planted_partition_20.pkl,baseline,409,409.0,7.00065016746521
planted_partition_20.pkl,affinity_modified,354,49.9092530506956,8.697773218154907
planted_partition_21.pkl,baseline,350,350.0,6.707895994186401
planted_partition_21.pkl,affinity_modified,387,58.59519666464115,5.416267395019531
planted_partition_22.pkl,baseline,403,403.0,6.930970191955566
planted_partition_22.pkl,affinity_modified,371,53.01237537845353,8.58728575706482
planted_partition_23.pkl,baseline,373,373.0,4.376868009567261
planted_partition_23.pkl,affinity_modified,351,51.78489466209692,5.577453851699829
planted_partition_24.pkl,baseline,405,405.0,6.920632839202881
planted_partition_24.pkl,affinity_modified,372,54.17961450048049,8.949479579925537
planted_partition_25.pkl,baseline,393,393.0,6.883578777313232
planted_partition_25.pkl,affinity_modified,368,54.58039087912227,5.386818170547485
planted_partition_26.pkl,baseline,418,418.0,6.981275796890259
planted_partition_26.pkl,affinity_modified,375,54.60518044617265,5.615584850311279
planted_partition_27.pkl,baseline,379,379.0,8.186424732208252
planted_partition_27.pkl,affinity_modified,335,51.731522516988356,5.716598272323608
planted_partition_28.pkl,baseline,428,428.0,7.239133358001709
planted_partition_28.pkl,affinity_modified,371,53.87690837300963,5.768421173095703
planted_partition_29.pkl,baseline,360,360.0,4.311783075332642
planted_partition_29.pkl,affinity_modified,367,52.70884867511423,5.4265336990356445
planted_partition_3.pkl,baseline,399,399.0,6.831439018249512
planted_partition_3.pkl,affinity_modified,365,52.833370741784655,5.529403448104858
planted_partition_4.pkl,baseline,373,373.0,6.928038835525513
planted_partition_4.pkl,affinity_modified,380,56.824295141300304,8.558964967727661
planted_partition_5.pkl,baseline,369,369.0,6.86976957321167
planted_partition_5.pkl,affinity_modified,392,56.67241301667339,9.146999835968018
planted_partition_6.pkl,baseline,418,418.0,4.551884412765503
planted_partition_6.pkl,affinity_modified,368,54.63774028149777,10.877295970916748
planted_partition_7.pkl,baseline,407,407.0,6.851323366165161
planted_partition_7.pkl,affinity_modified,355,53.0289137051669,8.785884618759155
planted_partition_8.pkl,baseline,411,411.0,4.119004011154175
planted_partition_8.pkl,affinity_modified,355,53.92412560372821,5.367382764816284
planted_partition_9.pkl,baseline,440,440.0,4.294884920120239
planted_partition_9.pkl,affinity_modified,372,54.55422377665416,8.869719982147217
random_regular_0.pkl,baseline,780,780.0,6.862643718719482
random_regular_0.pkl,affinity_modified,780,77.61290083638009,9.287792682647705
random_regular_1.pkl,baseline,769,769.0,6.635176420211792
random_regular_1.pkl,affinity_modified,769,76.51835992714908,8.75382924079895
random_regular_10.pkl,baseline,787,787.0,7.019630193710327
random_regular_10.pkl,affinity_modified,787,78.3094268695271,9.157893180847168
random_regular_11.pkl,baseline,776,776.0,13.57208800315857
random_regular_11.pkl,affinity_modified,776,77.21488596029609,18.274897575378418
random_regular_12.pkl,baseline,769,769.0,10.584410905838013
random_regular_12.pkl,affinity_modified,769,76.51835992714908,14.312867164611816
random_regular_13.pkl,baseline,785,785.0,10.846158266067505
random_regular_13.pkl,affinity_modified,785,78.1104194314851,14.210752964019775
random_regular_14.pkl,baseline,795,795.0,6.637305021286011
random_regular_14.pkl,affinity_modified,795,79.10545662169511,8.862220287322998
random_regular_15.pkl,baseline,766,766.0,6.722823143005371
random_regular_15.pkl,affinity_modified,766,76.21984877008607,9.136478662490845
random_regular_16.pkl,baseline,790,790.0,6.565083026885986
random_regular_16.pkl,affinity_modified,790,78.6079380265901,8.743122577667236
random_regular_17.pkl,baseline,758,758.0,10.63057255744934
random_regular_17.pkl,affinity_modified,758,75.42381901791806,14.18044400215149
random_regular_18.pkl,baseline,765,765.0,10.71960186958313
random_regular_18.pkl,affinity_modified,765,76.12034505106507,14.331000328063965
random_regular_19.pkl,baseline,772,772.0,11.147090911865234
random_regular_19.pkl,affinity_modified,772,76.81687108421208,14.713571071624756
random_regular_2.pkl,baseline,783,783.0,10.796484231948853
random_regular_2.pkl,affinity_modified,783,77.9114119934431,14.926207065582275
random_regular_20.pkl,baseline,759,759.0,13.307899713516235
random_regular_20.pkl,affinity_modified,759,75.52332273693906,17.745336532592773
random_regular_21.pkl,baseline,772,772.0,13.422080039978027
random_regular_21.pkl,affinity_modified,772,76.81687108421208,17.70359468460083
random_regular_22.pkl,baseline,753,753.0,10.813036441802979
random_regular_22.pkl,affinity_modified,753,74.92630042281306,13.977981090545654
random_regular_23.pkl,baseline,758,758.0,10.55832815170288
random_regular_23.pkl,affinity_modified,758,75.42381901791806,14.352641820907593
random_regular_24.pkl,baseline,785,785.0,10.574860572814941
random_regular_24.pkl,affinity_modified,785,78.1104194314851,14.234972476959229
random_regular_25.pkl,baseline,782,782.0,6.883855819702148
random_regular_25.pkl,affinity_modified,782,77.8119082744221,9.219672441482544
random_regular_26.pkl,baseline,766,766.0,10.626107215881348
random_regular_26.pkl,affinity_modified,766,76.21984877008607,14.357909917831421
random_regular_27.pkl,baseline,787,787.0,6.611742258071899
random_regular_27.pkl,affinity_modified,787,78.3094268695271,9.000421047210693
random_regular_28.pkl,baseline,777,777.0,10.535095930099487
random_regular_28.pkl,affinity_modified,777,77.31438967931709,14.57772946357727
random_regular_29.pkl,baseline,745,745.0,10.974154710769653
random_regular_29.pkl,affinity_modified,745,74.13027067064505,14.694036483764648
random_regular_3.pkl,baseline,761,761.0,10.847472429275513
random_regular_3.pkl,affinity_modified,761,75.72233017498107,14.520697355270386
random_regular_4.pkl,baseline,737,737.0,6.798879384994507
random_regular_4.pkl,affinity_modified,737,73.33424091847704,9.370661497116089
random_regular_5.pkl,baseline,774,774.0,13.679583549499512
random_regular_5.pkl,affinity_modified,774,77.01587852225408,17.698781967163086
random_regular_6.pkl,baseline,795,795.0,6.505702495574951
random_regular_6.pkl,affinity_modified,795,79.10545662169511,8.801623582839966
random_regular_7.pkl,baseline,784,784.0,6.487346887588501
random_regular_7.pkl,affinity_modified,784,78.0109157124641,8.785021543502808
random_regular_8.pkl,baseline,766,766.0,6.835513114929199
random_regular_8.pkl,affinity_modified,766,76.21984877008607,8.779669761657715
random_regular_9.pkl,baseline,759,759.0,10.779682397842407
random_regular_9.pkl,affinity_modified,759,75.52332273693906,14.428516626358032
watts_strogatz_0.pkl,baseline,383,383.0,9.556633949279785
watts_strogatz_0.pkl,affinity_modified,400,39.11979517890502,18.33128523826599
watts_strogatz_1.pkl,baseline,343,343.0,5.97721791267395
watts_strogatz_1.pkl,affinity_modified,371,36.42037465186043,7.179652690887451
watts_strogatz_10.pkl,baseline,476,476.0,9.652283906936646
watts_strogatz_10.pkl,affinity_modified,335,32.571848059632934,7.201997995376587
watts_strogatz_11.pkl,baseline,324,324.0,5.772092580795288
watts_strogatz_11.pkl,affinity_modified,410,40.288382365920185,7.25184178352356
watts_strogatz_12.pkl,baseline,424,424.0,9.6731595993042
watts_strogatz_12.pkl,affinity_modified,338,33.372637716998746,13.853314399719238
watts_strogatz_13.pkl,baseline,387,387.0,9.612464904785156
watts_strogatz_13.pkl,affinity_modified,395,38.73639758053435,7.372626304626465
watts_strogatz_14.pkl,baseline,350,350.0,11.901093006134033
watts_strogatz_14.pkl,affinity_modified,310,30.27417849375061,11.220547914505005
watts_strogatz_15.pkl,baseline,469,469.0,5.975168466567993
watts_strogatz_15.pkl,affinity_modified,367,35.93233133067253,14.162884950637817
watts_strogatz_16.pkl,baseline,339,339.0,9.284993410110474
watts_strogatz_16.pkl,affinity_modified,301,29.275035852214035,13.542861223220825
watts_strogatz_17.pkl,baseline,353,353.0,9.909748554229736
watts_strogatz_17.pkl,affinity_modified,414,40.9366163211818,7.376101970672607
watts_strogatz_18.pkl,baseline,347,347.0,6.0226640701293945
watts_strogatz_18.pkl,affinity_modified,337,32.9313952849864,6.972449064254761
watts_strogatz_19.pkl,baseline,342,342.0,11.923055648803711
watts_strogatz_19.pkl,affinity_modified,312,30.63852142090249,7.063348293304443
watts_strogatz_2.pkl,baseline,391,391.0,9.644517421722412
watts_strogatz_2.pkl,affinity_modified,359,35.10373264557636,14.12427282333374
watts_strogatz_20.pkl,baseline,321,321.0,5.794894695281982
watts_strogatz_20.pkl,affinity_modified,302,29.40623825396947,13.612520217895508
watts_strogatz_21.pkl,baseline,271,271.0,6.040048599243164
watts_strogatz_21.pkl,affinity_modified,350,34.424242782645784,13.973655700683594
watts_strogatz_22.pkl,baseline,299,299.0,5.778453826904297
watts_strogatz_22.pkl,affinity_modified,322,31.513751917671488,11.06294870376587
watts_strogatz_23.pkl,baseline,405,405.0,6.136014699935913
watts_strogatz_23.pkl,affinity_modified,336,32.85945800926362,11.282604455947876
watts_strogatz_24.pkl,baseline,382,382.0,6.017287492752075
watts_strogatz_24.pkl,affinity_modified,262,25.82943822918026,7.29882025718689
watts_strogatz_25.pkl,baseline,402,402.0,5.966592073440552
watts_strogatz_25.pkl,affinity_modified,279,27.537964103605457,10.943629741668701
watts_strogatz_26.pkl,baseline,318,318.0,11.531240701675415
watts_strogatz_26.pkl,affinity_modified,388,37.92818605050708,11.348500967025757
watts_strogatz_27.pkl,baseline,479,479.0,5.926047325134277
watts_strogatz_27.pkl,affinity_modified,372,36.431259052941755,11.413521528244019
watts_strogatz_28.pkl,baseline,339,339.0,5.7936811447143555
watts_strogatz_28.pkl,affinity_modified,331,32.67503598585293,11.097640752792358
watts_strogatz_29.pkl,baseline,331,331.0,9.492428302764893
watts_strogatz_29.pkl,affinity_modified,379,37.22721633937745,7.000279903411865
watts_strogatz_3.pkl,baseline,333,333.0,11.521763324737549
watts_strogatz_3.pkl,affinity_modified,333,32.81819012304148,11.081764698028564
watts_strogatz_4.pkl,baseline,341,341.0,15.179423570632935
watts_strogatz_4.pkl,affinity_modified,368,35.958832932996,11.11144208908081
watts_strogatz_5.pkl,baseline,404,404.0,9.340451717376709
watts_strogatz_5.pkl,affinity_modified,389,38.17199673917181,7.030725955963135
watts_strogatz_6.pkl,baseline,360,360.0,9.435046672821045
watts_strogatz_6.pkl,affinity_modified,359,35.099200285229706,11.29560923576355
watts_strogatz_7.pkl,baseline,338,338.0,11.918310642242432
watts_strogatz_7.pkl,affinity_modified,393,38.11525012632558,7.197913885116577
watts_strogatz_8.pkl,baseline,368,368.0,6.236800909042358
watts_strogatz_8.pkl,affinity_modified,459,44.95782892219019,7.199532747268677
watts_strogatz_9.pkl,baseline,491,491.0,6.019545793533325
watts_strogatz_9.pkl,affinity_modified,344,33.50280731503814,11.301445245742798
