graph,variant,edge_cut,runtime,nodes,edges
barabasi_albert_0.pkl,bloc_reloc_v2_baseline,825,5.435353994369507,300,1475
barabasi_albert_1.pkl,bloc_reloc_v2_baseline,804,5.596787452697754,300,1475
barabasi_albert_10.pkl,bloc_reloc_v2_baseline,771,5.4323954582214355,300,1475
barabasi_albert_11.pkl,bloc_reloc_v2_baseline,778,5.2641565799713135,300,1475
barabasi_albert_12.pkl,bloc_reloc_v2_baseline,784,5.6457839012146,300,1475
barabasi_albert_13.pkl,bloc_reloc_v2_baseline,836,5.363935947418213,300,1475
barabasi_albert_14.pkl,bloc_reloc_v2_baseline,801,5.405519247055054,300,1475
barabasi_albert_15.pkl,bloc_reloc_v2_baseline,820,5.242218732833862,300,1475
barabasi_albert_16.pkl,bloc_reloc_v2_baseline,779,5.414240121841431,300,1475
barabasi_albert_17.pkl,bloc_reloc_v2_baseline,853,5.357334136962891,300,1475
barabasi_albert_18.pkl,bloc_reloc_v2_baseline,778,5.5767130851745605,300,1475
barabasi_albert_19.pkl,bloc_reloc_v2_baseline,794,5.481706857681274,300,1475
barabasi_albert_2.pkl,bloc_reloc_v2_baseline,822,5.309491395950317,300,1475
barabasi_albert_20.pkl,bloc_reloc_v2_baseline,821,5.371976375579834,300,1475
barabasi_albert_21.pkl,bloc_reloc_v2_baseline,814,5.300308704376221,300,1475
barabasi_albert_22.pkl,bloc_reloc_v2_baseline,789,5.416475057601929,300,1475
barabasi_albert_23.pkl,bloc_reloc_v2_baseline,831,5.221811532974243,300,1475
barabasi_albert_24.pkl,bloc_reloc_v2_baseline,833,5.3697450160980225,300,1475
barabasi_albert_25.pkl,bloc_reloc_v2_baseline,809,5.409768104553223,300,1475
barabasi_albert_26.pkl,bloc_reloc_v2_baseline,820,5.418610334396362,300,1475
barabasi_albert_27.pkl,bloc_reloc_v2_baseline,803,5.308481216430664,300,1475
barabasi_albert_28.pkl,bloc_reloc_v2_baseline,797,5.338573455810547,300,1475
barabasi_albert_29.pkl,bloc_reloc_v2_baseline,797,5.332679748535156,300,1475
barabasi_albert_3.pkl,bloc_reloc_v2_baseline,804,5.518578767776489,300,1475
barabasi_albert_4.pkl,bloc_reloc_v2_baseline,826,5.435342073440552,300,1475
barabasi_albert_5.pkl,bloc_reloc_v2_baseline,835,5.398407220840454,300,1475
barabasi_albert_6.pkl,bloc_reloc_v2_baseline,825,5.192925453186035,300,1475
barabasi_albert_7.pkl,bloc_reloc_v2_baseline,865,5.378262519836426,300,1475
barabasi_albert_8.pkl,bloc_reloc_v2_baseline,791,5.198261976242065,300,1475
barabasi_albert_9.pkl,bloc_reloc_v2_baseline,793,5.330595016479492,300,1475
planted_partition_0.pkl,bloc_reloc_v2_baseline,460,3.6671383380889893,300,985
planted_partition_1.pkl,bloc_reloc_v2_baseline,432,3.786909341812134,300,932
planted_partition_10.pkl,bloc_reloc_v2_baseline,405,3.4858756065368652,300,886
planted_partition_11.pkl,bloc_reloc_v2_baseline,406,3.6042537689208984,300,924
planted_partition_12.pkl,bloc_reloc_v2_baseline,417,3.63127064704895,300,867
planted_partition_13.pkl,bloc_reloc_v2_baseline,397,3.415128469467163,300,883
planted_partition_14.pkl,bloc_reloc_v2_baseline,358,3.4739787578582764,300,868
planted_partition_15.pkl,bloc_reloc_v2_baseline,410,3.6736879348754883,300,886
planted_partition_16.pkl,bloc_reloc_v2_baseline,389,3.4839630126953125,300,886
planted_partition_17.pkl,bloc_reloc_v2_baseline,352,3.4111568927764893,300,847
planted_partition_18.pkl,bloc_reloc_v2_baseline,364,3.5989627838134766,300,871
planted_partition_19.pkl,bloc_reloc_v2_baseline,415,3.4570837020874023,300,884
planted_partition_2.pkl,bloc_reloc_v2_baseline,385,3.579923629760742,300,885
planted_partition_20.pkl,bloc_reloc_v2_baseline,414,3.861544370651245,300,930
planted_partition_21.pkl,bloc_reloc_v2_baseline,416,3.508356809616089,300,894
planted_partition_22.pkl,bloc_reloc_v2_baseline,428,3.7381036281585693,300,937
planted_partition_23.pkl,bloc_reloc_v2_baseline,361,3.7397665977478027,300,881
planted_partition_24.pkl,bloc_reloc_v2_baseline,402,3.5290651321411133,300,917
planted_partition_25.pkl,bloc_reloc_v2_baseline,418,3.8104441165924072,300,912
planted_partition_26.pkl,bloc_reloc_v2_baseline,410,3.8667900562286377,300,902
planted_partition_27.pkl,bloc_reloc_v2_baseline,305,3.507607936859131,300,862
planted_partition_28.pkl,bloc_reloc_v2_baseline,422,3.8826122283935547,300,926
planted_partition_29.pkl,bloc_reloc_v2_baseline,407,3.6286466121673584,300,909
planted_partition_3.pkl,bloc_reloc_v2_baseline,372,3.5714919567108154,300,907
planted_partition_4.pkl,bloc_reloc_v2_baseline,361,3.7233102321624756,300,886
planted_partition_5.pkl,bloc_reloc_v2_baseline,373,3.6599230766296387,300,921
planted_partition_6.pkl,bloc_reloc_v2_baseline,431,3.5425798892974854,300,919
planted_partition_7.pkl,bloc_reloc_v2_baseline,378,3.825798511505127,300,899
planted_partition_8.pkl,bloc_reloc_v2_baseline,379,3.485442638397217,300,873
planted_partition_9.pkl,bloc_reloc_v2_baseline,380,3.5943639278411865,300,922
random_regular_0.pkl,bloc_reloc_v2_baseline,789,5.5094428062438965,300,1500
random_regular_1.pkl,bloc_reloc_v2_baseline,770,5.574668645858765,300,1500
random_regular_10.pkl,bloc_reloc_v2_baseline,784,5.409189701080322,300,1500
random_regular_11.pkl,bloc_reloc_v2_baseline,798,5.6451191902160645,300,1500
random_regular_12.pkl,bloc_reloc_v2_baseline,789,5.551939487457275,300,1500
random_regular_13.pkl,bloc_reloc_v2_baseline,746,5.476524353027344,300,1500
random_regular_14.pkl,bloc_reloc_v2_baseline,781,5.461507081985474,300,1500
random_regular_15.pkl,bloc_reloc_v2_baseline,756,5.57167649269104,300,1500
random_regular_16.pkl,bloc_reloc_v2_baseline,774,5.366413831710815,300,1500
random_regular_17.pkl,bloc_reloc_v2_baseline,798,5.797273635864258,300,1500
random_regular_18.pkl,bloc_reloc_v2_baseline,777,5.439396142959595,300,1500
random_regular_19.pkl,bloc_reloc_v2_baseline,787,5.797716379165649,300,1500
random_regular_2.pkl,bloc_reloc_v2_baseline,764,5.701444149017334,300,1500
random_regular_20.pkl,bloc_reloc_v2_baseline,772,5.6816864013671875,300,1500
random_regular_21.pkl,bloc_reloc_v2_baseline,789,5.522037506103516,300,1500
random_regular_22.pkl,bloc_reloc_v2_baseline,793,5.491180419921875,300,1500
random_regular_23.pkl,bloc_reloc_v2_baseline,736,5.465774297714233,300,1500
random_regular_24.pkl,bloc_reloc_v2_baseline,778,5.35625147819519,300,1500
random_regular_25.pkl,bloc_reloc_v2_baseline,773,5.553456783294678,300,1500
random_regular_26.pkl,bloc_reloc_v2_baseline,776,5.352275848388672,300,1500
random_regular_27.pkl,bloc_reloc_v2_baseline,782,5.564030885696411,300,1500
random_regular_28.pkl,bloc_reloc_v2_baseline,778,5.379068613052368,300,1500
random_regular_29.pkl,bloc_reloc_v2_baseline,777,5.67370080947876,300,1500
random_regular_3.pkl,bloc_reloc_v2_baseline,790,5.669954299926758,300,1500
random_regular_4.pkl,bloc_reloc_v2_baseline,739,5.605517625808716,300,1500
random_regular_5.pkl,bloc_reloc_v2_baseline,803,5.49543309211731,300,1500
random_regular_6.pkl,bloc_reloc_v2_baseline,787,5.537248611450195,300,1500
random_regular_7.pkl,bloc_reloc_v2_baseline,755,5.518069744110107,300,1500
random_regular_8.pkl,bloc_reloc_v2_baseline,755,5.472781181335449,300,1500
random_regular_9.pkl,bloc_reloc_v2_baseline,762,5.562762975692749,300,1500
watts_strogatz_0.pkl,bloc_reloc_v2_baseline,349,5.049572944641113,300,1500
watts_strogatz_1.pkl,bloc_reloc_v2_baseline,295,5.209514379501343,300,1500
watts_strogatz_10.pkl,bloc_reloc_v2_baseline,359,5.017538070678711,300,1500
watts_strogatz_11.pkl,bloc_reloc_v2_baseline,296,5.276495933532715,300,1500
watts_strogatz_12.pkl,bloc_reloc_v2_baseline,469,5.198951721191406,300,1500
watts_strogatz_13.pkl,bloc_reloc_v2_baseline,346,5.204271078109741,300,1500
watts_strogatz_14.pkl,bloc_reloc_v2_baseline,327,5.184099197387695,300,1500
watts_strogatz_15.pkl,bloc_reloc_v2_baseline,335,5.209764003753662,300,1500
watts_strogatz_16.pkl,bloc_reloc_v2_baseline,376,5.099471569061279,300,1500
watts_strogatz_17.pkl,bloc_reloc_v2_baseline,356,5.144608497619629,300,1500
watts_strogatz_18.pkl,bloc_reloc_v2_baseline,297,5.030517816543579,300,1500
watts_strogatz_19.pkl,bloc_reloc_v2_baseline,288,5.137633323669434,300,1500
watts_strogatz_2.pkl,bloc_reloc_v2_baseline,386,5.0642454624176025,300,1500
watts_strogatz_20.pkl,bloc_reloc_v2_baseline,379,5.232497930526733,300,1500
watts_strogatz_21.pkl,bloc_reloc_v2_baseline,327,5.055065631866455,300,1500
watts_strogatz_22.pkl,bloc_reloc_v2_baseline,319,5.224619150161743,300,1500
watts_strogatz_23.pkl,bloc_reloc_v2_baseline,361,5.0658745765686035,300,1500
watts_strogatz_24.pkl,bloc_reloc_v2_baseline,365,5.205585241317749,300,1500
watts_strogatz_25.pkl,bloc_reloc_v2_baseline,312,5.033497095108032,300,1500
watts_strogatz_26.pkl,bloc_reloc_v2_baseline,341,5.1978583335876465,300,1500
watts_strogatz_27.pkl,bloc_reloc_v2_baseline,385,5.079107284545898,300,1500
watts_strogatz_28.pkl,bloc_reloc_v2_baseline,328,5.186444044113159,300,1500
watts_strogatz_29.pkl,bloc_reloc_v2_baseline,388,4.976810455322266,300,1500
watts_strogatz_3.pkl,bloc_reloc_v2_baseline,292,5.12287163734436,300,1500
watts_strogatz_4.pkl,bloc_reloc_v2_baseline,368,5.117570161819458,300,1500
watts_strogatz_5.pkl,bloc_reloc_v2_baseline,380,5.222615957260132,300,1500
watts_strogatz_6.pkl,bloc_reloc_v2_baseline,335,5.089829921722412,300,1500
watts_strogatz_7.pkl,bloc_reloc_v2_baseline,314,5.1703407764434814,300,1500
watts_strogatz_8.pkl,bloc_reloc_v2_baseline,355,5.182646751403809,300,1500
watts_strogatz_9.pkl,bloc_reloc_v2_baseline,307,5.134278297424316,300,1500
