feature,appearances,mean_rank,mean_importance
modularity,4,2.0,0.08127620394024074
runtime_baseline,4,5.0,0.060942129610972236
clustering,4,5.25,0.07168271432230365
cost_after5,4,5.5,0.08695293119225278
avg_path,4,5.75,0.07700696298652648
early_acceptance_max,4,6.25,0.06819751160126783
early_acceptance_std,3,3.3333333333333335,0.06530602391054707
edgecut_after5,3,5.666666666666667,0.05706668173632353
early_edgecut_slope,3,8.0,0.06557529930667788
early_acceptance_min,2,5.0,0.08815630125694429
assortativity,2,5.5,0.08697918215677156
early_cost_slope,2,10.0,0.05013014945993617
early_acceptance_mean,1,9.0,0.037723710872738105
