target,model,rank,feature,importance
delta_affinity,RandomForest,1,assortativity,0.1540619083251056
delta_affinity,RandomForest,2,modularity,0.15159116264064607
delta_affinity,RandomForest,3,degree_gini,0.13375001739615758
delta_affinity,RandomForest,4,transitivity,0.1162113667001736
delta_affinity,RandomForest,5,degree_std,0.10966280933202091
delta_affinity,RandomForest,6,avg_path,0.09096153373900007
delta_affinity,RandomForest,7,clustering,0.08429823682163763
delta_affinity,RandomForest,8,hub_ratio,0.08200000280985613
delta_affinity,RandomForest,9,max_degree,0.026701407726582367
delta_affinity,RandomForest,10,communities,0.022803463312653295
delta_affinity,RandomForest,11,core_number,0.008449878505689654
delta_affinity,RandomForest,12,diameter,0.006997204683121209
delta_affinity,RandomForest,13,avg_degree,0.005266678367329596
delta_affinity,RandomForest,14,edges,0.0037150955009286183
delta_affinity,RandomForest,15,density,0.0035292341390974987
delta_affinity,RandomForest,16,nodes,0.0
delta_affinity,RandomForest,17,algebraic_connectivity,0.0
delta_affinity,RandomForest,18,spectral_radius,0.0
delta_affinity,GradientBoosting,1,assortativity,0.20073027337896784
delta_affinity,GradientBoosting,2,transitivity,0.16377297314825398
delta_affinity,GradientBoosting,3,modularity,0.1275998577085686
delta_affinity,GradientBoosting,4,hub_ratio,0.11546072149629209
delta_affinity,GradientBoosting,5,avg_path,0.104379202561984
delta_affinity,GradientBoosting,6,degree_gini,0.09553937484286748
delta_affinity,GradientBoosting,7,degree_std,0.0897385094626861
delta_affinity,GradientBoosting,8,clustering,0.07102999093377445
delta_affinity,GradientBoosting,9,communities,0.012401800163542646
delta_affinity,GradientBoosting,10,max_degree,0.009192227167287584
delta_affinity,GradientBoosting,11,diameter,0.005487117515921138
delta_affinity,GradientBoosting,12,avg_degree,0.001994997232460806
delta_affinity,GradientBoosting,13,edges,0.001805937126535684
delta_affinity,GradientBoosting,14,density,0.0006016319786539258
delta_affinity,GradientBoosting,15,core_number,0.0002653852822037713
delta_affinity,GradientBoosting,16,nodes,0.0
delta_affinity,GradientBoosting,17,algebraic_connectivity,0.0
delta_affinity,GradientBoosting,18,spectral_radius,0.0
delta_periodic,RandomForest,1,modularity,0.16446315755876703
delta_periodic,RandomForest,2,assortativity,0.14524034178191286
delta_periodic,RandomForest,3,degree_std,0.12270274770082855
delta_periodic,RandomForest,4,avg_path,0.1100451290765587
delta_periodic,RandomForest,5,degree_gini,0.09744114609821412
delta_periodic,RandomForest,6,transitivity,0.09562868836474328
delta_periodic,RandomForest,7,clustering,0.08516150915967788
delta_periodic,RandomForest,8,hub_ratio,0.06709430645019189
delta_periodic,RandomForest,9,max_degree,0.041993802579519596
delta_periodic,RandomForest,10,communities,0.029685284021857723
delta_periodic,RandomForest,11,edges,0.011983505907953594
delta_periodic,RandomForest,12,density,0.010022509922445088
delta_periodic,RandomForest,13,avg_degree,0.009877491292301657
delta_periodic,RandomForest,14,diameter,0.005345330166058954
delta_periodic,RandomForest,15,core_number,0.003315049918968972
delta_periodic,RandomForest,16,nodes,0.0
delta_periodic,RandomForest,17,algebraic_connectivity,0.0
delta_periodic,RandomForest,18,spectral_radius,0.0
delta_periodic,GradientBoosting,1,modularity,0.1780509375033411
delta_periodic,GradientBoosting,2,degree_std,0.14761560670056806
delta_periodic,GradientBoosting,3,assortativity,0.13714279062221357
delta_periodic,GradientBoosting,4,avg_path,0.125053434872827
delta_periodic,GradientBoosting,5,degree_gini,0.09202095359428367
delta_periodic,GradientBoosting,6,transitivity,0.09080501623285304
delta_periodic,GradientBoosting,7,clustering,0.07919103203251715
delta_periodic,GradientBoosting,8,hub_ratio,0.07375095823781094
delta_periodic,GradientBoosting,9,communities,0.033750868768119745
delta_periodic,GradientBoosting,10,max_degree,0.02818965477350454
delta_periodic,GradientBoosting,11,edges,0.006236715787031786
delta_periodic,GradientBoosting,12,diameter,0.0026811313717947953
delta_periodic,GradientBoosting,13,density,0.0026187055494397934
delta_periodic,GradientBoosting,14,avg_degree,0.002280820355016805
delta_periodic,GradientBoosting,15,core_number,0.0006113735986778953
delta_periodic,GradientBoosting,16,nodes,0.0
delta_periodic,GradientBoosting,17,algebraic_connectivity,0.0
delta_periodic,GradientBoosting,18,spectral_radius,0.0
delta_reactive,RandomForest,1,modularity,0.17279753721543023
delta_reactive,RandomForest,2,assortativity,0.14308873708584002
delta_reactive,RandomForest,3,clustering,0.10750896596482318
delta_reactive,RandomForest,4,transitivity,0.1058547061046676
delta_reactive,RandomForest,5,avg_path,0.103758589941041
delta_reactive,RandomForest,6,degree_std,0.10074121499137537
delta_reactive,RandomForest,7,degree_gini,0.09129595862433663
delta_reactive,RandomForest,8,hub_ratio,0.05797167731985918
delta_reactive,RandomForest,9,max_degree,0.04598480198336806
delta_reactive,RandomForest,10,communities,0.028207122927972058
delta_reactive,RandomForest,11,edges,0.009915057587409213
delta_reactive,RandomForest,12,density,0.009674267625935077
delta_reactive,RandomForest,13,avg_degree,0.008325983511043187
delta_reactive,RandomForest,14,diameter,0.007685482173924188
delta_reactive,RandomForest,15,core_number,0.007189896942975016
delta_reactive,RandomForest,16,nodes,0.0
delta_reactive,RandomForest,17,algebraic_connectivity,0.0
delta_reactive,RandomForest,18,spectral_radius,0.0
delta_reactive,GradientBoosting,1,modularity,0.16929730558865455
delta_reactive,GradientBoosting,2,assortativity,0.13164605890896783
delta_reactive,GradientBoosting,3,degree_std,0.12609549716504811
delta_reactive,GradientBoosting,4,avg_path,0.11816874025953197
delta_reactive,GradientBoosting,5,clustering,0.11198719494413971
delta_reactive,GradientBoosting,6,hub_ratio,0.10008110258162942
delta_reactive,GradientBoosting,7,transitivity,0.0772578909839268
delta_reactive,GradientBoosting,8,degree_gini,0.06246109620120504
delta_reactive,GradientBoosting,9,max_degree,0.0492177164679508
delta_reactive,GradientBoosting,10,communities,0.0184741225324971
delta_reactive,GradientBoosting,11,avg_degree,0.014174596612973303
delta_reactive,GradientBoosting,12,edges,0.011361676647134205
delta_reactive,GradientBoosting,13,diameter,0.006351111429272711
delta_reactive,GradientBoosting,14,core_number,0.002316167048239007
delta_reactive,GradientBoosting,15,density,0.0011097226288295523
delta_reactive,GradientBoosting,16,nodes,0.0
delta_reactive,GradientBoosting,17,algebraic_connectivity,0.0
delta_reactive,GradientBoosting,18,spectral_radius,0.0
delta_affinity_periodic,RandomForest,1,modularity,0.22606660902778059
delta_affinity_periodic,RandomForest,2,assortativity,0.1277536869735837
delta_affinity_periodic,RandomForest,3,avg_path,0.12268662717913814
delta_affinity_periodic,RandomForest,4,degree_gini,0.11899015633938648
delta_affinity_periodic,RandomForest,5,degree_std,0.0853954989492441
delta_affinity_periodic,RandomForest,6,hub_ratio,0.08454535089259387
delta_affinity_periodic,RandomForest,7,transitivity,0.07141716820257374
delta_affinity_periodic,RandomForest,8,clustering,0.06937057631212963
delta_affinity_periodic,RandomForest,9,communities,0.02982588554872535
delta_affinity_periodic,RandomForest,10,max_degree,0.02327140998446111
delta_affinity_periodic,RandomForest,11,edges,0.0103142260471217
delta_affinity_periodic,RandomForest,12,avg_degree,0.009476176336402251
delta_affinity_periodic,RandomForest,13,density,0.00832151585176514
delta_affinity_periodic,RandomForest,14,core_number,0.00782193726770632
delta_affinity_periodic,RandomForest,15,diameter,0.004743175087387906
delta_affinity_periodic,RandomForest,16,nodes,0.0
delta_affinity_periodic,RandomForest,17,algebraic_connectivity,0.0
delta_affinity_periodic,RandomForest,18,spectral_radius,0.0
delta_affinity_periodic,GradientBoosting,1,modularity,0.23444803829528246
delta_affinity_periodic,GradientBoosting,2,assortativity,0.1344296005240713
delta_affinity_periodic,GradientBoosting,3,avg_path,0.11785110365810941
delta_affinity_periodic,GradientBoosting,4,clustering,0.11685888050671303
delta_affinity_periodic,GradientBoosting,5,degree_gini,0.10875950752260465
delta_affinity_periodic,GradientBoosting,6,degree_std,0.10031540039202752
delta_affinity_periodic,GradientBoosting,7,transitivity,0.07277208578540567
delta_affinity_periodic,GradientBoosting,8,hub_ratio,0.0682250457750077
delta_affinity_periodic,GradientBoosting,9,communities,0.017115036104838683
delta_affinity_periodic,GradientBoosting,10,max_degree,0.011160899671493045
delta_affinity_periodic,GradientBoosting,11,core_number,0.010607388992261243
delta_affinity_periodic,GradientBoosting,12,density,0.002980382266406662
delta_affinity_periodic,GradientBoosting,13,avg_degree,0.0022362624433077388
delta_affinity_periodic,GradientBoosting,14,diameter,0.0011700949601256723
delta_affinity_periodic,GradientBoosting,15,edges,0.0010702731023452447
delta_affinity_periodic,GradientBoosting,16,nodes,0.0
delta_affinity_periodic,GradientBoosting,17,algebraic_connectivity,0.0
delta_affinity_periodic,GradientBoosting,18,spectral_radius,0.0
delta_affinity_reactive,RandomForest,1,modularity,0.1863105867513372
delta_affinity_reactive,RandomForest,2,degree_gini,0.15145137480649223
delta_affinity_reactive,RandomForest,3,assortativity,0.1356255530010478
delta_affinity_reactive,RandomForest,4,transitivity,0.10271980625165612
delta_affinity_reactive,RandomForest,5,degree_std,0.09728369094014601
delta_affinity_reactive,RandomForest,6,avg_path,0.08866447016312073
delta_affinity_reactive,RandomForest,7,clustering,0.08092410237333952
delta_affinity_reactive,RandomForest,8,hub_ratio,0.05844192656780017
delta_affinity_reactive,RandomForest,9,communities,0.03127214624716106
delta_affinity_reactive,RandomForest,10,max_degree,0.020202173113004276
delta_affinity_reactive,RandomForest,11,diameter,0.013717245967194593
delta_affinity_reactive,RandomForest,12,edges,0.009399490211666693
delta_affinity_reactive,RandomForest,13,avg_degree,0.009365855197197863
delta_affinity_reactive,RandomForest,14,density,0.008802245831949176
delta_affinity_reactive,RandomForest,15,core_number,0.005819332576886363
delta_affinity_reactive,RandomForest,16,nodes,0.0
delta_affinity_reactive,RandomForest,17,algebraic_connectivity,0.0
delta_affinity_reactive,RandomForest,18,spectral_radius,0.0
delta_affinity_reactive,GradientBoosting,1,modularity,0.18587935352487078
delta_affinity_reactive,GradientBoosting,2,assortativity,0.18239563774271453
delta_affinity_reactive,GradientBoosting,3,transitivity,0.12404281324013007
delta_affinity_reactive,GradientBoosting,4,degree_std,0.11295614691584831
delta_affinity_reactive,GradientBoosting,5,clustering,0.10086780042052051
delta_affinity_reactive,GradientBoosting,6,avg_path,0.08485681088986496
delta_affinity_reactive,GradientBoosting,7,degree_gini,0.07875355907415232
delta_affinity_reactive,GradientBoosting,8,max_degree,0.042811855314521
delta_affinity_reactive,GradientBoosting,9,communities,0.021752335172512616
delta_affinity_reactive,GradientBoosting,10,diameter,0.01677949392056226
delta_affinity_reactive,GradientBoosting,11,density,0.015157897163558162
delta_affinity_reactive,GradientBoosting,12,hub_ratio,0.014643489589481638
delta_affinity_reactive,GradientBoosting,13,avg_degree,0.013015039323406367
delta_affinity_reactive,GradientBoosting,14,core_number,0.003850356124478816
delta_affinity_reactive,GradientBoosting,15,edges,0.0022374115833776703
delta_affinity_reactive,GradientBoosting,16,nodes,0.0
delta_affinity_reactive,GradientBoosting,17,algebraic_connectivity,0.0
delta_affinity_reactive,GradientBoosting,18,spectral_radius,0.0
