target,model,R2,MAE,RMSE
delta_affinity,RandomForest,-0.42846282951925074,30.95433333333333,48.4538069835591
delta_affinity,GradientBoosting,-0.9211546227640386,35.708500905012684,56.19201334842579
delta_periodic,RandomForest,-0.06537079773160315,25.342116666666666,34.427608527169006
delta_periodic,GradientBoosting,-0.19229243403918606,26.096543929108233,36.42066370561342
delta_reactive,RandomForest,-0.16897071163360988,25.3343,35.43578162347582
delta_reactive,GradientBoosting,-0.37724033167032767,27.00271673190003,38.46316940704064
delta_affinity_periodic,RandomForest,-0.22822705258599663,34.880199999999995,48.606953169959816
delta_affinity_periodic,GradientBoosting,-0.43132874405303356,36.59856791562955,52.47213872707827
delta_affinity_reactive,RandomForest,-0.35921561503454336,32.9295,46.023406518133065
delta_affinity_reactive,GradientBoosting,-0.581781521501223,35.193125496108784,49.64869435250351
