sample,weighted_cost,edge_cut,accepted,rejected
0,800.0,800,0,1
1,800.0,800,0,2
5,800.0,800,0,3
6,800.0,800,0,4
7,800.0,800,0,5
8,800.0,800,0,6
9,800.0,800,0,7
10,800.0,800,0,8
11,800.0,800,0,9
13,800.0,800,0,10
14,800.0,800,0,11
15,800.0,800,0,12
16,800.0,800,0,13
17,800.0,800,0,14
18,800.0,800,0,15
19,800.0,800,0,16
20,800.0,800,0,17
22,800.0,800,0,18
23,800.0,800,0,19
26,800.0,800,0,20
27,800.0,800,0,21
28,800.0,800,0,22
30,800.0,800,0,23
31,800.0,800,0,24
32,800.0,800,0,25
33,800.0,800,0,26
36,800.0,800,0,27
37,800.0,800,0,28
38,800.0,800,0,29
40,800.0,800,0,30
41,800.0,800,0,31
42,800.0,800,0,32
43,800.0,800,0,33
44,800.0,800,0,34
45,800.0,800,0,35
46,800.0,800,0,36
47,800.0,800,0,37
49,800.0,800,0,38
52,800.0,800,0,39
53,800.0,800,0,40
54,800.0,800,0,41
56,800.0,800,0,42
57,800.0,800,0,43
58,800.0,800,0,44
61,800.0,800,0,45
62,800.0,800,0,46
64,800.0,800,0,47
65,800.0,800,0,48
66,800.0,800,0,49
67,800.0,800,0,50
68,800.0,800,0,51
69,800.0,800,0,52
70,800.0,800,0,53
71,800.0,800,0,54
72,800.0,800,0,55
73,800.0,800,0,56
74,800.0,800,0,57
75,800.0,800,0,58
76,800.0,800,0,59
80,800.0,800,0,60
81,800.0,800,0,61
82,800.0,800,0,62
84,800.0,800,0,63
85,800.0,800,0,64
86,800.0,800,0,65
87,800.0,800,0,66
88,800.0,800,0,67
89,800.0,800,0,68
90,800.0,800,0,69
91,800.0,800,0,70
92,800.0,800,0,71
93,800.0,800,0,72
94,800.0,800,0,73
95,800.0,800,0,74
96,800.0,800,0,75
99,800.0,800,0,76
100,800.0,800,0,77
101,800.0,800,0,78
103,800.0,800,0,79
104,800.0,800,0,80
105,800.0,800,0,81
106,800.0,800,0,82
107,800.0,800,0,83
108,800.0,800,0,84
109,800.0,800,0,85
110,800.0,800,0,86
111,800.0,800,0,87
112,800.0,800,0,88
114,800.0,800,0,89
116,800.0,800,0,90
119,800.0,800,0,91
120,800.0,800,0,92
121,800.0,800,0,93
122,800.0,800,0,94
123,800.0,800,0,95
124,800.0,800,0,96
125,800.0,800,0,97
129,800.0,800,0,98
130,800.0,800,0,99
131,800.0,800,0,100
132,800.0,800,0,101
134,800.0,800,0,102
137,800.0,800,0,103
138,800.0,800,0,104
139,800.0,800,0,105
140,800.0,800,0,106
141,800.0,800,0,107
142,800.0,800,0,108
143,800.0,800,0,109
144,800.0,800,0,110
146,800.0,800,0,111
148,800.0,800,0,112
150,800.0,800,0,113
151,800.0,800,0,114
152,800.0,800,0,115
154,800.0,800,0,116
156,800.0,800,0,117
157,800.0,800,0,118
158,800.0,800,0,119
159,800.0,800,0,120
160,800.0,800,0,121
161,800.0,800,0,122
162,800.0,800,0,123
163,800.0,800,0,124
165,800.0,800,0,125
167,800.0,800,0,126
168,800.0,800,0,127
169,800.0,800,0,128
170,800.0,800,0,129
171,800.0,800,0,130
172,800.0,800,0,131
174,800.0,800,0,132
175,800.0,800,0,133
176,800.0,800,0,134
177,800.0,800,0,135
178,800.0,800,0,136
179,800.0,800,0,137
181,800.0,800,0,138
183,800.0,800,0,139
184,800.0,800,0,140
185,800.0,800,0,141
186,800.0,800,0,142
187,800.0,800,0,143
188,800.0,800,0,144
189,800.0,800,0,145
190,800.0,800,0,146
191,800.0,800,0,147
192,800.0,800,0,148
193,800.0,800,0,149
195,800.0,800,0,150
196,800.0,800,0,151
197,800.0,800,0,152
198,800.0,800,0,153
199,800.0,800,0,154
201,800.0,800,0,155
202,800.0,800,0,156
203,800.0,800,0,157
204,800.0,800,0,158
205,800.0,800,0,159
207,800.0,800,0,160
209,800.0,800,0,161
210,800.0,800,0,162
211,800.0,800,0,163
212,800.0,800,0,164
213,800.0,800,0,165
215,800.0,800,0,166
216,800.0,800,0,167
218,800.0,800,0,168
220,800.0,800,0,169
222,800.0,800,0,170
223,800.0,800,0,171
224,800.0,800,0,172
225,800.0,800,0,173
228,800.0,800,0,174
229,800.0,800,0,175
230,800.0,800,0,176
231,800.0,800,0,177
232,800.0,800,0,178
233,800.0,800,0,179
234,800.0,800,0,180
237,800.0,800,0,181
238,800.0,800,0,182
239,800.0,800,0,183
240,800.0,800,0,184
241,800.0,800,0,185
243,800.0,800,0,186
244,800.0,800,0,187
245,800.0,800,0,188
247,800.0,800,0,189
248,800.0,800,0,190
249,800.0,800,0,191
250,800.0,800,0,192
251,800.0,800,0,193
252,800.0,800,0,194
253,800.0,800,0,195
254,800.0,800,0,196
256,800.0,800,0,197
257,800.0,800,0,198
259,800.0,800,0,199
260,800.0,800,0,200
262,800.0,800,0,201
263,800.0,800,0,202
264,800.0,800,0,203
265,799.0,799,1,203
266,799.0,799,1,204
267,799.0,799,1,205
268,799.0,799,1,206
269,799.0,799,1,207
270,799.0,799,1,208
271,799.0,799,1,209
272,799.0,799,1,210
273,799.0,799,1,211
274,799.0,799,1,212
275,799.0,799,1,213
277,799.0,799,1,214
278,799.0,799,1,215
279,799.0,799,1,216
281,797.0,797,2,216
283,797.0,797,2,217
285,797.0,797,2,218
286,797.0,797,2,219
287,797.0,797,2,220
288,797.0,797,2,221
289,797.0,797,2,222
290,797.0,797,2,223
292,797.0,797,2,224
293,797.0,797,2,225
294,797.0,797,2,226
297,797.0,797,2,227
298,797.0,797,2,228
300,797.0,797,2,229
301,797.0,797,2,230
302,797.0,797,2,231
303,797.0,797,2,232
304,797.0,797,2,233
305,797.0,797,2,234
307,797.0,797,2,235
308,797.0,797,2,236
309,797.0,797,2,237
310,797.0,797,2,238
311,797.0,797,2,239
313,797.0,797,2,240
316,797.0,797,2,241
317,797.0,797,2,242
318,797.0,797,2,243
319,797.0,797,2,244
321,797.0,797,2,245
322,797.0,797,2,246
323,797.0,797,2,247
324,797.0,797,2,248
325,797.0,797,2,249
327,797.0,797,2,250
329,797.0,797,2,251
330,797.0,797,2,252
331,797.0,797,2,253
335,797.0,797,2,254
337,797.0,797,2,255
338,797.0,797,2,256
340,797.0,797,2,257
342,797.0,797,2,258
343,797.0,797,2,259
344,797.0,797,2,260
346,797.0,797,2,261
348,797.0,797,2,262
349,797.0,797,2,263
350,797.0,797,2,264
351,797.0,797,2,265
353,797.0,797,2,266
355,797.0,797,2,267
357,797.0,797,2,268
358,797.0,797,2,269
359,797.0,797,2,270
360,797.0,797,2,271
361,797.0,797,2,272
362,797.0,797,2,273
364,797.0,797,2,274
365,797.0,797,2,275
366,797.0,797,2,276
367,797.0,797,2,277
369,797.0,797,2,278
370,797.0,797,2,279
371,797.0,797,2,280
372,797.0,797,2,281
375,796.0,796,3,281
376,796.0,796,3,282
377,796.0,796,3,283
378,796.0,796,3,284
379,796.0,796,3,285
380,796.0,796,3,286
381,796.0,796,3,287
382,796.0,796,3,288
383,796.0,796,3,289
384,796.0,796,3,290
385,796.0,796,3,291
386,795.0,795,4,291
387,795.0,795,4,292
388,795.0,795,4,293
389,795.0,795,4,294
390,795.0,795,4,295
394,795.0,795,4,296
395,795.0,795,4,297
396,795.0,795,4,298
397,795.0,795,4,299
398,795.0,795,4,300
399,795.0,795,4,301
400,795.0,795,4,302
401,795.0,795,4,303
402,795.0,795,4,304
403,795.0,795,4,305
404,795.0,795,4,306
405,795.0,795,4,307
406,795.0,795,4,308
409,795.0,795,4,309
411,795.0,795,4,310
412,795.0,795,4,311
413,795.0,795,4,312
414,795.0,795,4,313
415,795.0,795,4,314
416,795.0,795,4,315
417,795.0,795,4,316
418,795.0,795,4,317
420,795.0,795,4,318
421,795.0,795,4,319
422,795.0,795,4,320
423,795.0,795,4,321
424,795.0,795,4,322
425,795.0,795,4,323
426,795.0,795,4,324
427,795.0,795,4,325
428,795.0,795,4,326
429,795.0,795,4,327
430,795.0,795,4,328
431,795.0,795,4,329
432,795.0,795,4,330
435,795.0,795,4,331
437,795.0,795,4,332
438,795.0,795,4,333
439,795.0,795,4,334
440,795.0,795,4,335
441,795.0,795,4,336
442,795.0,795,4,337
443,795.0,795,4,338
444,795.0,795,4,339
445,795.0,795,4,340
446,795.0,795,4,341
447,795.0,795,4,342
448,795.0,795,4,343
449,795.0,795,4,344
450,795.0,795,4,345
451,795.0,795,4,346
452,795.0,795,4,347
453,795.0,795,4,348
454,795.0,795,4,349
455,795.0,795,4,350
458,795.0,795,4,351
459,795.0,795,4,352
460,795.0,795,4,353
462,795.0,795,4,354
463,795.0,795,4,355
464,795.0,795,4,356
465,795.0,795,4,357
466,795.0,795,4,358
467,795.0,795,4,359
468,795.0,795,4,360
470,795.0,795,4,361
471,795.0,795,4,362
473,795.0,795,4,363
474,795.0,795,4,364
476,795.0,795,4,365
477,795.0,795,4,366
479,795.0,795,4,367
480,795.0,795,4,368
481,795.0,795,4,369
482,795.0,795,4,370
486,795.0,795,4,371
487,795.0,795,4,372
489,795.0,795,4,373
492,795.0,795,4,374
494,795.0,795,4,375
495,795.0,795,4,376
496,795.0,795,4,377
497,795.0,795,4,378
498,795.0,795,4,379
499,795.0,795,4,380
500,795.0,795,4,381
501,795.0,795,4,382
503,795.0,795,4,383
505,795.0,795,4,384
507,795.0,795,4,385
508,795.0,795,4,386
509,795.0,795,4,387
511,795.0,795,4,388
512,795.0,795,4,389
513,795.0,795,4,390
515,795.0,795,4,391
516,795.0,795,4,392
517,795.0,795,4,393
518,795.0,795,4,394
519,795.0,795,4,395
520,795.0,795,4,396
522,795.0,795,4,397
523,795.0,795,4,398
524,795.0,795,4,399
525,795.0,795,4,400
526,795.0,795,4,401
528,795.0,795,4,402
529,795.0,795,4,403
531,795.0,795,4,404
532,795.0,795,4,405
534,795.0,795,4,406
535,795.0,795,4,407
536,795.0,795,4,408
538,795.0,795,4,409
539,795.0,795,4,410
540,795.0,795,4,411
542,795.0,795,4,412
543,795.0,795,4,413
544,795.0,795,4,414
545,795.0,795,4,415
547,795.0,795,4,416
548,795.0,795,4,417
550,795.0,795,4,418
552,795.0,795,4,419
553,795.0,795,4,420
554,795.0,795,4,421
555,795.0,795,4,422
556,795.0,795,4,423
558,795.0,795,4,424
559,795.0,795,4,425
560,795.0,795,4,426
562,795.0,795,4,427
563,795.0,795,4,428
564,795.0,795,4,429
565,795.0,795,4,430
566,795.0,795,4,431
567,795.0,795,4,432
570,795.0,795,4,433
571,795.0,795,4,434
572,795.0,795,4,435
573,794.0,794,5,435
575,794.0,794,5,436
577,794.0,794,5,437
578,794.0,794,5,438
581,794.0,794,5,439
582,794.0,794,5,440
583,794.0,794,5,441
585,794.0,794,5,442
586,794.0,794,5,443
589,794.0,794,5,444
590,794.0,794,5,445
593,794.0,794,5,446
594,794.0,794,5,447
595,794.0,794,5,448
598,794.0,794,5,449
601,794.0,794,5,450
602,794.0,794,5,451
603,794.0,794,5,452
604,794.0,794,5,453
605,794.0,794,5,454
606,794.0,794,5,455
607,794.0,794,5,456
608,794.0,794,5,457
609,794.0,794,5,458
610,794.0,794,5,459
611,794.0,794,5,460
612,794.0,794,5,461
614,794.0,794,5,462
615,794.0,794,5,463
616,794.0,794,5,464
619,794.0,794,5,465
623,794.0,794,5,466
625,794.0,794,5,467
627,794.0,794,5,468
630,794.0,794,5,469
631,794.0,794,5,470
632,794.0,794,5,471
633,794.0,794,5,472
634,794.0,794,5,473
635,794.0,794,5,474
637,794.0,794,5,475
638,794.0,794,5,476
640,794.0,794,5,477
641,794.0,794,5,478
643,794.0,794,5,479
647,794.0,794,5,480
648,794.0,794,5,481
649,794.0,794,5,482
651,794.0,794,5,483
652,794.0,794,5,484
653,794.0,794,5,485
654,794.0,794,5,486
656,794.0,794,5,487
657,794.0,794,5,488
658,794.0,794,5,489
659,794.0,794,5,490
662,794.0,794,5,491
663,794.0,794,5,492
664,794.0,794,5,493
665,794.0,794,5,494
666,794.0,794,5,495
667,794.0,794,5,496
668,794.0,794,5,497
669,794.0,794,5,498
670,794.0,794,5,499
674,794.0,794,5,500
676,794.0,794,5,501
677,794.0,794,5,502
680,794.0,794,5,503
682,794.0,794,5,504
684,794.0,794,5,505
685,794.0,794,5,506
686,794.0,794,5,507
687,794.0,794,5,508
688,794.0,794,5,509
689,794.0,794,5,510
690,794.0,794,5,511
693,794.0,794,5,512
694,794.0,794,5,513
695,794.0,794,5,514
696,794.0,794,5,515
697,794.0,794,5,516
698,794.0,794,5,517
699,794.0,794,5,518
701,794.0,794,5,519
702,794.0,794,5,520
703,794.0,794,5,521
704,794.0,794,5,522
707,794.0,794,5,523
708,794.0,794,5,524
709,794.0,794,5,525
711,794.0,794,5,526
713,794.0,794,5,527
714,794.0,794,5,528
716,794.0,794,5,529
717,794.0,794,5,530
718,794.0,794,5,531
719,794.0,794,5,532
720,794.0,794,5,533
721,794.0,794,5,534
723,794.0,794,5,535
724,794.0,794,5,536
725,794.0,794,5,537
726,794.0,794,5,538
728,794.0,794,5,539
729,794.0,794,5,540
730,794.0,794,5,541
731,794.0,794,5,542
732,794.0,794,5,543
733,794.0,794,5,544
734,794.0,794,5,545
735,794.0,794,5,546
738,794.0,794,5,547
739,794.0,794,5,548
742,794.0,794,5,549
743,794.0,794,5,550
744,794.0,794,5,551
745,794.0,794,5,552
746,794.0,794,5,553
747,794.0,794,5,554
749,794.0,794,5,555
750,794.0,794,5,556
751,794.0,794,5,557
752,794.0,794,5,558
753,794.0,794,5,559
754,794.0,794,5,560
755,794.0,794,5,561
756,794.0,794,5,562
757,794.0,794,5,563
758,794.0,794,5,564
760,794.0,794,5,565
762,794.0,794,5,566
763,794.0,794,5,567
764,794.0,794,5,568
765,794.0,794,5,569
766,794.0,794,5,570
767,794.0,794,5,571
769,794.0,794,5,572
770,794.0,794,5,573
771,794.0,794,5,574
772,794.0,794,5,575
774,794.0,794,5,576
775,794.0,794,5,577
776,794.0,794,5,578
778,794.0,794,5,579
780,794.0,794,5,580
781,794.0,794,5,581
782,794.0,794,5,582
783,794.0,794,5,583
784,794.0,794,5,584
785,794.0,794,5,585
786,794.0,794,5,586
787,794.0,794,5,587
788,794.0,794,5,588
789,794.0,794,5,589
790,794.0,794,5,590
791,794.0,794,5,591
793,794.0,794,5,592
794,794.0,794,5,593
796,794.0,794,5,594
797,794.0,794,5,595
798,794.0,794,5,596
799,794.0,794,5,597
800,794.0,794,5,598
801,794.0,794,5,599
802,794.0,794,5,600
803,794.0,794,5,601
805,794.0,794,5,602
806,794.0,794,5,603
807,794.0,794,5,604
808,794.0,794,5,605
809,794.0,794,5,606
810,794.0,794,5,607
811,794.0,794,5,608
812,794.0,794,5,609
814,794.0,794,5,610
815,794.0,794,5,611
817,794.0,794,5,612
818,794.0,794,5,613
819,794.0,794,5,614
820,794.0,794,5,615
821,794.0,794,5,616
822,794.0,794,5,617
823,794.0,794,5,618
824,794.0,794,5,619
825,794.0,794,5,620
826,794.0,794,5,621
827,794.0,794,5,622
828,794.0,794,5,623
829,794.0,794,5,624
830,794.0,794,5,625
831,794.0,794,5,626
832,794.0,794,5,627
833,794.0,794,5,628
834,794.0,794,5,629
835,794.0,794,5,630
837,794.0,794,5,631
838,794.0,794,5,632
839,794.0,794,5,633
840,794.0,794,5,634
841,794.0,794,5,635
842,794.0,794,5,636
843,794.0,794,5,637
844,794.0,794,5,638
845,794.0,794,5,639
847,794.0,794,5,640
848,794.0,794,5,641
850,794.0,794,5,642
851,794.0,794,5,643
852,794.0,794,5,644
853,794.0,794,5,645
854,794.0,794,5,646
855,794.0,794,5,647
856,794.0,794,5,648
857,794.0,794,5,649
858,794.0,794,5,650
859,794.0,794,5,651
861,794.0,794,5,652
862,794.0,794,5,653
863,794.0,794,5,654
865,794.0,794,5,655
867,794.0,794,5,656
868,794.0,794,5,657
870,794.0,794,5,658
874,794.0,794,5,659
875,794.0,794,5,660
879,794.0,794,5,661
880,794.0,794,5,662
881,794.0,794,5,663
882,794.0,794,5,664
883,794.0,794,5,665
884,794.0,794,5,666
885,794.0,794,5,667
886,794.0,794,5,668
887,794.0,794,5,669
888,794.0,794,5,670
890,794.0,794,5,671
893,794.0,794,5,672
894,794.0,794,5,673
895,794.0,794,5,674
896,794.0,794,5,675
897,794.0,794,5,676
898,794.0,794,5,677
900,794.0,794,5,678
901,794.0,794,5,679
902,794.0,794,5,680
903,794.0,794,5,681
905,794.0,794,5,682
906,794.0,794,5,683
907,794.0,794,5,684
908,794.0,794,5,685
911,794.0,794,5,686
912,794.0,794,5,687
913,794.0,794,5,688
915,794.0,794,5,689
916,794.0,794,5,690
917,794.0,794,5,691
919,794.0,794,5,692
920,794.0,794,5,693
921,794.0,794,5,694
923,794.0,794,5,695
926,794.0,794,5,696
927,794.0,794,5,697
928,794.0,794,5,698
929,794.0,794,5,699
930,794.0,794,5,700
931,794.0,794,5,701
933,794.0,794,5,702
934,794.0,794,5,703
935,794.0,794,5,704
937,794.0,794,5,705
938,794.0,794,5,706
939,794.0,794,5,707
940,794.0,794,5,708
943,794.0,794,5,709
944,794.0,794,5,710
946,794.0,794,5,711
947,794.0,794,5,712
949,794.0,794,5,713
950,794.0,794,5,714
951,794.0,794,5,715
953,794.0,794,5,716
955,794.0,794,5,717
957,794.0,794,5,718
958,794.0,794,5,719
959,794.0,794,5,720
960,794.0,794,5,721
961,794.0,794,5,722
963,794.0,794,5,723
964,794.0,794,5,724
966,794.0,794,5,725
967,794.0,794,5,726
968,794.0,794,5,727
969,794.0,794,5,728
970,794.0,794,5,729
971,794.0,794,5,730
972,794.0,794,5,731
975,794.0,794,5,732
976,794.0,794,5,733
977,794.0,794,5,734
979,794.0,794,5,735
980,794.0,794,5,736
981,794.0,794,5,737
982,794.0,794,5,738
983,794.0,794,5,739
984,794.0,794,5,740
986,794.0,794,5,741
987,794.0,794,5,742
988,794.0,794,5,743
990,794.0,794,5,744
991,794.0,794,5,745
992,794.0,794,5,746
995,794.0,794,5,747
996,794.0,794,5,748
997,794.0,794,5,749
999,794.0,794,5,750
1000,794.0,794,5,751
1001,794.0,794,5,752
1002,794.0,794,5,753
1003,794.0,794,5,754
1005,794.0,794,5,755
1007,794.0,794,5,756
1008,794.0,794,5,757
1009,794.0,794,5,758
1012,794.0,794,5,759
1014,794.0,794,5,760
1017,794.0,794,5,761
1018,794.0,794,5,762
1019,794.0,794,5,763
1020,794.0,794,5,764
1021,794.0,794,5,765
1022,794.0,794,5,766
1023,794.0,794,5,767
1025,794.0,794,5,768
1026,794.0,794,5,769
1027,794.0,794,5,770
1028,794.0,794,5,771
1029,794.0,794,5,772
1030,794.0,794,5,773
1031,794.0,794,5,774
1032,794.0,794,5,775
1034,794.0,794,5,776
1035,794.0,794,5,777
1037,794.0,794,5,778
1038,794.0,794,5,779
1039,794.0,794,5,780
1040,794.0,794,5,781
1043,794.0,794,5,782
1044,794.0,794,5,783
1046,794.0,794,5,784
1048,794.0,794,5,785
1049,794.0,794,5,786
1052,794.0,794,5,787
1053,794.0,794,5,788
1056,794.0,794,5,789
1057,794.0,794,5,790
1058,794.0,794,5,791
1059,794.0,794,5,792
1060,794.0,794,5,793
1061,794.0,794,5,794
1062,794.0,794,5,795
1065,794.0,794,5,796
1067,794.0,794,5,797
1069,794.0,794,5,798
1075,794.0,794,5,799
1076,794.0,794,5,800
1077,794.0,794,5,801
1078,794.0,794,5,802
1079,794.0,794,5,803
1081,794.0,794,5,804
1082,794.0,794,5,805
1083,794.0,794,5,806
1085,794.0,794,5,807
1086,794.0,794,5,808
1087,794.0,794,5,809
1088,794.0,794,5,810
1089,794.0,794,5,811
1091,794.0,794,5,812
1092,794.0,794,5,813
1094,794.0,794,5,814
1095,794.0,794,5,815
1096,794.0,794,5,816
1097,794.0,794,5,817
1098,794.0,794,5,818
1101,794.0,794,5,819
1103,794.0,794,5,820
1104,794.0,794,5,821
1105,794.0,794,5,822
1106,794.0,794,5,823
1107,794.0,794,5,824
1108,794.0,794,5,825
1109,794.0,794,5,826
1110,794.0,794,5,827
1112,794.0,794,5,828
1113,794.0,794,5,829
1114,794.0,794,5,830
1115,794.0,794,5,831
1116,794.0,794,5,832
1117,794.0,794,5,833
1118,794.0,794,5,834
1120,794.0,794,5,835
1121,794.0,794,5,836
1122,794.0,794,5,837
1123,794.0,794,5,838
1124,794.0,794,5,839
1125,794.0,794,5,840
1126,794.0,794,5,841
1127,794.0,794,5,842
1128,794.0,794,5,843
1129,794.0,794,5,844
1130,794.0,794,5,845
1132,794.0,794,5,846
1133,794.0,794,5,847
1134,794.0,794,5,848
1135,794.0,794,5,849
1136,794.0,794,5,850
1138,794.0,794,5,851
1139,794.0,794,5,852
1140,794.0,794,5,853
1141,793.0,793,6,853
1142,793.0,793,6,854
1143,793.0,793,6,855
1144,793.0,793,6,856
1145,793.0,793,6,857
1146,793.0,793,6,858
1147,793.0,793,6,859
1148,793.0,793,6,860
1149,793.0,793,6,861
1150,793.0,793,6,862
1152,793.0,793,6,863
1154,793.0,793,6,864
1155,793.0,793,6,865
1156,793.0,793,6,866
1159,793.0,793,6,867
1160,793.0,793,6,868
1161,793.0,793,6,869
1162,793.0,793,6,870
1163,793.0,793,6,871
1164,793.0,793,6,872
1165,793.0,793,6,873
1166,793.0,793,6,874
1167,793.0,793,6,875
1169,793.0,793,6,876
1171,793.0,793,6,877
1172,793.0,793,6,878
1173,793.0,793,6,879
1174,793.0,793,6,880
1177,793.0,793,6,881
1178,793.0,793,6,882
1180,793.0,793,6,883
1181,793.0,793,6,884
1184,793.0,793,6,885
1185,793.0,793,6,886
1186,793.0,793,6,887
1187,793.0,793,6,888
1189,793.0,793,6,889
1190,793.0,793,6,890
1192,793.0,793,6,891
1193,793.0,793,6,892
1197,793.0,793,6,893
1198,793.0,793,6,894
