graph,family,delta_p_improve,delta_bias,delta_mean_gain
barabasi_albert_0.pkl,barabasi_albert,13.33333333333333,0.024999999999999967,-0.0764885167203616
barabasi_albert_1.pkl,barabasi_albert,12.5,0.04999999999999993,0.3947015611848594
barabasi_albert_10.pkl,barabasi_albert,7.500000000000001,-0.05833333333333329,-0.5501647731170842
barabasi_albert_11.pkl,barabasi_albert,10.833333333333334,0.016666666666666774,0.6725954111417235
barabasi_albert_12.pkl,barabasi_albert,10.833333333333334,5.551115123125783e-17,0.0443006057869074
barabasi_albert_13.pkl,barabasi_albert,10.000000000000004,0.03333333333333338,-0.1077024112779876
barabasi_albert_14.pkl,barabasi_albert,8.333333333333332,-0.01666666666666672,-0.0922890160663266
barabasi_albert_15.pkl,barabasi_albert,3.3333333333333326,-0.09166666666666667,-0.19997732343809418
barabasi_albert_16.pkl,barabasi_albert,3.3333333333333326,-0.050000000000000044,0.35856896375020775
barabasi_albert_17.pkl,barabasi_albert,5.8333333333333295,-0.03333333333333344,-0.0278741794824767
barabasi_albert_18.pkl,barabasi_albert,9.999999999999998,0.024999999999999967,-0.04590849832016469
barabasi_albert_19.pkl,barabasi_albert,3.3333333333333326,-0.025000000000000078,0.3147090762892969
barabasi_albert_2.pkl,barabasi_albert,5.8333333333333295,-0.041666666666666685,-0.1524738877714785
barabasi_albert_20.pkl,barabasi_albert,20.833333333333332,0.175,-0.0031969911798080007
barabasi_albert_21.pkl,barabasi_albert,12.5,0.08333333333333331,-0.0711757692511977
barabasi_albert_22.pkl,barabasi_albert,7.500000000000001,-0.04999999999999999,-0.1066819618524796
barabasi_albert_23.pkl,barabasi_albert,13.333333333333336,0.033333333333333326,-0.23408755786322893
barabasi_albert_24.pkl,barabasi_albert,14.166666666666671,0.14166666666666672,-0.3539525998638805
barabasi_albert_25.pkl,barabasi_albert,3.3333333333333326,-0.06666666666666671,-0.4844151097667087
barabasi_albert_26.pkl,barabasi_albert,10.833333333333334,0.016666666666666607,-0.0709428400277847
barabasi_albert_27.pkl,barabasi_albert,3.3333333333333326,-0.125,-0.36684413160956264
barabasi_albert_28.pkl,barabasi_albert,8.333333333333337,-0.016666666666666663,-0.0519602980391471
barabasi_albert_29.pkl,barabasi_albert,11.66666666666667,0.041666666666666685,0.09735819243324921
barabasi_albert_3.pkl,barabasi_albert,9.999999999999998,0.05833333333333335,0.4189987388149064
barabasi_albert_4.pkl,barabasi_albert,10.000000000000004,0.0,-0.24748334311746661
barabasi_albert_5.pkl,barabasi_albert,4.999999999999999,-0.05833333333333335,-0.1163123116466395
barabasi_albert_6.pkl,barabasi_albert,10.833333333333334,0.008333333333333304,-0.035472173635221704
barabasi_albert_7.pkl,barabasi_albert,7.500000000000001,-0.024999999999999967,-0.0299550283965908
barabasi_albert_8.pkl,barabasi_albert,6.666666666666665,-0.04999999999999999,-0.0688211256296819
barabasi_albert_9.pkl,barabasi_albert,4.999999999999999,-0.04999999999999999,-0.215100915804837
planted_partition_0.pkl,planted_partition,3.3333333333333326,-0.041666666666666685,-0.3655156536383747
planted_partition_1.pkl,planted_partition,10.000000000000004,0.025000000000000022,-0.15161939633921467
planted_partition_10.pkl,planted_partition,9.999999999999998,0.008333333333333304,-0.1390565505280506
planted_partition_11.pkl,planted_partition,9.999999999999998,0.041666666666666685,0.1851084178996281
planted_partition_12.pkl,planted_partition,11.66666666666667,0.07500000000000001,0.17839069497650908
planted_partition_13.pkl,planted_partition,11.666666666666664,0.04999999999999993,-0.1940877641450548
planted_partition_14.pkl,planted_partition,12.5,0.06666666666666665,0.1421850718065467
planted_partition_15.pkl,planted_partition,7.500000000000001,-0.016666666666666663,-0.2390902134689031
planted_partition_16.pkl,planted_partition,6.666666666666665,-0.025000000000000022,-0.3616808747371314
planted_partition_17.pkl,planted_partition,9.166666666666668,0.025000000000000022,0.1212723089638485
planted_partition_18.pkl,planted_partition,9.999999999999998,-0.016666666666666663,0.0937649127287293
planted_partition_19.pkl,planted_partition,9.166666666666668,0.016666666666666663,0.2823507618118738
planted_partition_2.pkl,planted_partition,5.833333333333335,0.033333333333333326,-0.0682242179373226
planted_partition_20.pkl,planted_partition,11.666666666666664,0.04166666666666663,0.0372007837488495
planted_partition_21.pkl,planted_partition,13.33333333333333,0.05833333333333329,0.04095319861835099
planted_partition_22.pkl,planted_partition,12.5,0.01666666666666672,-0.1438060543759093
planted_partition_23.pkl,planted_partition,9.166666666666668,-0.008333333333333304,0.0067092712332002
planted_partition_24.pkl,planted_partition,17.5,-5.551115123125783e-17,0.0656996034148528
planted_partition_25.pkl,planted_partition,10.833333333333329,0.03333333333333327,-0.031355700646587596
planted_partition_26.pkl,planted_partition,13.333333333333336,0.03333333333333338,0.0887971445129452
planted_partition_27.pkl,planted_partition,5.000000000000004,-0.016666666666666663,-0.1102260675881821
planted_partition_28.pkl,planted_partition,10.833333333333334,-0.00833333333333336,0.1343033141970058
planted_partition_29.pkl,planted_partition,9.999999999999998,-0.008333333333333415,0.0497829542139139
planted_partition_3.pkl,planted_partition,7.500000000000007,-0.016666666666666607,-0.1393143128164138
planted_partition_4.pkl,planted_partition,9.999999999999998,0.04166666666666663,-0.1118406498925249
planted_partition_5.pkl,planted_partition,8.333333333333332,-0.00833333333333336,0.0060510533319766
planted_partition_6.pkl,planted_partition,6.666666666666665,-0.08333333333333337,-0.3839919948674101
planted_partition_7.pkl,planted_partition,8.333333333333337,5.551115123125783e-17,-0.1282581184321884
planted_partition_8.pkl,planted_partition,12.5,0.06666666666666671,0.1080010289620574
planted_partition_9.pkl,planted_partition,6.666666666666665,-0.04166666666666663,-0.0692129122455393
random_regular_0.pkl,random_regular,0.0,0.0,0.0900496280978999
random_regular_1.pkl,random_regular,0.0,0.0,-0.3301819696922995
random_regular_10.pkl,random_regular,0.0,0.0,-0.1500827134964998
random_regular_11.pkl,random_regular,0.0,0.0,-0.0900496280978999
random_regular_12.pkl,random_regular,0.0,0.0,-0.060033085398599896
random_regular_13.pkl,random_regular,0.0,0.0,-0.5102812258880992
random_regular_14.pkl,random_regular,0.0,0.0,-0.0900496280978999
random_regular_15.pkl,random_regular,0.0,0.0,0.2401323415943996
random_regular_16.pkl,random_regular,0.0,0.0,0.3301819696922995
random_regular_17.pkl,random_regular,0.0,0.0,0.2101157988950997
random_regular_18.pkl,random_regular,0.0,0.0,0.5102812258880992
random_regular_19.pkl,random_regular,0.0,0.0,0.2401323415943996
random_regular_2.pkl,random_regular,0.0,0.0,0.1500827134964998
random_regular_20.pkl,random_regular,0.0,0.0,0.1500827134964998
random_regular_21.pkl,random_regular,0.0,0.0,-0.060033085398599896
random_regular_22.pkl,random_regular,0.0,0.0,-0.2701488842936997
random_regular_23.pkl,random_regular,0.0,0.0,-0.0300165426993
random_regular_24.pkl,random_regular,0.0,0.0,0.1500827134964998
random_regular_25.pkl,random_regular,0.0,0.0,-0.2101157988950997
random_regular_26.pkl,random_regular,0.0,0.0,-0.0900496280978999
random_regular_27.pkl,random_regular,0.0,0.0,-0.060033085398599896
random_regular_28.pkl,random_regular,0.0,0.0,-0.2401323415943996
random_regular_29.pkl,random_regular,0.0,0.0,-0.1200661707971998
random_regular_3.pkl,random_regular,0.0,0.0,0.3301819696922995
random_regular_4.pkl,random_regular,0.0,0.0,0.0
random_regular_5.pkl,random_regular,0.0,0.0,0.5102812258880992
random_regular_6.pkl,random_regular,0.0,0.0,0.1200661707971998
random_regular_7.pkl,random_regular,0.0,0.0,0.0900496280978999
random_regular_8.pkl,random_regular,0.0,0.0,0.0
random_regular_9.pkl,random_regular,0.0,0.0,-0.1200661707971998
watts_strogatz_0.pkl,watts_strogatz,9.999999999999998,-0.050000000000000044,-0.5769212633536508
watts_strogatz_1.pkl,watts_strogatz,13.33333333333333,0.008333333333333304,-0.5384785713471077
watts_strogatz_10.pkl,watts_strogatz,15.000000000000002,0.008333333333333415,-0.6610162654904667
watts_strogatz_11.pkl,watts_strogatz,9.999999999999998,-0.050000000000000044,-0.6090135739741862
watts_strogatz_12.pkl,watts_strogatz,10.83333333333334,-0.04999999999999993,-0.4894806086527158
watts_strogatz_13.pkl,watts_strogatz,11.66666666666667,0.0,-0.6374114359394976
watts_strogatz_14.pkl,watts_strogatz,14.16666666666666,0.02499999999999991,-0.4875169808551649
watts_strogatz_15.pkl,watts_strogatz,11.666666666666659,-0.06666666666666676,-0.6308228649884469
watts_strogatz_16.pkl,watts_strogatz,14.999999999999991,0.016666666666666552,-0.48855008684224355
watts_strogatz_17.pkl,watts_strogatz,12.5,-0.01666666666666672,-0.7504793198449917
watts_strogatz_18.pkl,watts_strogatz,20.0,0.07499999999999996,-0.48058092314730905
watts_strogatz_19.pkl,watts_strogatz,11.666666666666659,0.016666666666666607,-0.598287577913907
watts_strogatz_2.pkl,watts_strogatz,16.666666666666664,0.033333333333333326,-0.5538254538919106
watts_strogatz_20.pkl,watts_strogatz,14.16666666666666,-0.01666666666666672,-0.5250092055978892
watts_strogatz_21.pkl,watts_strogatz,9.999999999999998,-0.04166666666666674,-0.5115437668896248
watts_strogatz_22.pkl,watts_strogatz,9.999999999999998,-0.09999999999999998,-0.5207791888177699
watts_strogatz_23.pkl,watts_strogatz,8.333333333333337,-0.033333333333333326,-0.7959743767452017
watts_strogatz_24.pkl,watts_strogatz,9.999999999999998,-0.09166666666666667,-0.429232906991251
watts_strogatz_25.pkl,watts_strogatz,14.166666666666671,0.008333333333333415,-0.4799050361055141
watts_strogatz_26.pkl,watts_strogatz,18.333333333333325,0.04999999999999988,-0.49631902278882467
watts_strogatz_27.pkl,watts_strogatz,8.333333333333337,-0.0666666666666666,-0.6900617549069802
watts_strogatz_28.pkl,watts_strogatz,11.666666666666659,-0.041666666666666796,-0.593862482307723
watts_strogatz_29.pkl,watts_strogatz,10.83333333333334,-0.04999999999999999,-0.6605636884592685
watts_strogatz_3.pkl,watts_strogatz,10.83333333333334,-0.04166666666666663,-0.7444189533027543
watts_strogatz_4.pkl,watts_strogatz,9.999999999999998,-0.041666666666666685,-0.6300244274640193
watts_strogatz_5.pkl,watts_strogatz,8.333333333333325,-0.05833333333333346,-0.7875125018406941
watts_strogatz_6.pkl,watts_strogatz,13.333333333333341,5.551115123125783e-17,-0.5255827032077885
watts_strogatz_7.pkl,watts_strogatz,10.833333333333329,-0.050000000000000155,-0.7443316057134026
watts_strogatz_8.pkl,watts_strogatz,13.33333333333333,-0.025000000000000022,-0.5332583230071302
watts_strogatz_9.pkl,watts_strogatz,13.33333333333333,-0.00833333333333336,-0.4664961204261107
