graph,family,variant,p_improve,p_worsen,mean_gain,std_gain,affinity_modified,baseline,improvement_%,smoothness,success_ratio,landscape_index
barabasi_albert_0.pkl,barabasi_albert,baseline,0.4833333333333333,0.35,0.2,2.129693222118853,777,800,2.875,0.3195201347316028,0.579999999999304,0.18532167814410722
barabasi_albert_0.pkl,barabasi_albert,affinity_modified,0.4833333333333333,0.5,-0.0118450957652541,0.2456248649255613,777,800,2.875,0.8028099214764473,0.4915254237283137,0.39460148682700497
barabasi_albert_1.pkl,barabasi_albert,baseline,0.4333333333333333,0.3666666666666666,0.1333333333333333,1.8997472326661249,776,781,0.6402048655569782,0.3448576443956346,0.5416666666659896,0.18679789071406858
barabasi_albert_1.pkl,barabasi_albert,affinity_modified,0.55,0.4333333333333333,0.0022684079174832,0.2079556351767344,776,781,0.6402048655569782,0.8278449728442976,0.5593220338977363,0.4630319339632888
barabasi_albert_10.pkl,barabasi_albert,baseline,0.4333333333333333,0.3166666666666666,0.3666666666666666,1.9042029042528452,764,821,6.942752740560293,0.34432855863329104,0.5777777777770075,0.19894538943230292
barabasi_albert_10.pkl,barabasi_albert,affinity_modified,0.5833333333333334,0.4,0.0420662459692887,0.2085097290895026,764,821,6.942752740560293,0.8274654112659938,0.5932203389824476,0.4908693117674633
barabasi_albert_11.pkl,barabasi_albert,baseline,0.35,0.35,-0.0833333333333333,1.5545631755148026,766,806,4.962779156327543,0.3914563591869194,0.49999999999928574,0.1957281795931801
barabasi_albert_11.pkl,barabasi_albert,affinity_modified,0.3833333333333333,0.6166666666666667,-0.0395068478848664,0.1931419637337619,766,806,4.962779156327543,0.8381232329392283,0.38333333333294994,0.3212805726263829
barabasi_albert_12.pkl,barabasi_albert,baseline,0.4666666666666667,0.3333333333333333,0.0666666666666666,2.335188931250054,768,789,2.661596958174905,0.29983308910334877,0.5833333333326042,0.17490263531006817
barabasi_albert_12.pkl,barabasi_albert,affinity_modified,0.6,0.4,0.0234001725627689,0.2389314533664864,768,789,2.661596958174905,0.807147156755727,0.5999999999993999,0.4842882940529518
barabasi_albert_13.pkl,barabasi_albert,baseline,0.45,0.3,0.6166666666666667,1.7182141563279152,774,808,4.207920792079208,0.3678885998264825,0.5999999999992001,0.2207331598955952
barabasi_albert_13.pkl,barabasi_albert,affinity_modified,0.55,0.4333333333333333,0.0608295266989699,0.1784948915425766,774,808,4.207920792079208,0.8485399531015889,0.5593220338977363,0.47460709241227045
barabasi_albert_14.pkl,barabasi_albert,baseline,0.3666666666666666,0.3833333333333333,0.05,1.5229876970690632,769,806,4.590570719602978,0.39635548011656685,0.488888888888237,0.19377379027895208
barabasi_albert_14.pkl,barabasi_albert,affinity_modified,0.4666666666666667,0.5166666666666667,-0.0060666882946745,0.1831187229221824,769,806,4.590570719602978,0.8452237130776716,0.474576271185958,0.40112311807035145
barabasi_albert_15.pkl,barabasi_albert,baseline,0.45,0.2666666666666666,0.4333333333333333,1.5111637301130014,771,760,-1.4473684210526316,0.3982217439700757,0.62790697674331,0.2500462113296987
barabasi_albert_15.pkl,barabasi_albert,affinity_modified,0.65,0.3333333333333333,0.0597246768327851,0.1680730099985417,771,760,-1.4473684210526316,0.8561108693036649,0.6610169491518701,0.565903794962864
barabasi_albert_16.pkl,barabasi_albert,baseline,0.3333333333333333,0.4166666666666667,-0.1666666666666666,1.7961037555121844,777,795,2.2641509433962264,0.35764051960826543,0.44444444444385184,0.15895134204790604
barabasi_albert_16.pkl,barabasi_albert,affinity_modified,0.4333333333333333,0.55,-0.0087048557320133,0.1903087940059782,777,795,2.2641509433962264,0.840118131560219,0.4406779661012467,0.3702215495007369
barabasi_albert_17.pkl,barabasi_albert,baseline,0.2666666666666666,0.4333333333333333,-0.2166666666666666,1.6579716693891893,778,803,3.1133250311332503,0.3762267339101486,0.3809523809518367,0.14332447006080423
barabasi_albert_17.pkl,barabasi_albert,affinity_modified,0.4166666666666667,0.5833333333333334,-0.0310449827009234,0.1943545989311635,778,803,3.1133250311332503,0.8372722815275356,0.41666666666624996,0.3488634506361243
barabasi_albert_18.pkl,barabasi_albert,baseline,0.3333333333333333,0.4,-0.15,1.764287919928825,780,771,-1.1673151750972763,0.36175681729483083,0.45454545454483464,0.16443491695197157
barabasi_albert_18.pkl,barabasi_albert,affinity_modified,0.4333333333333333,0.5666666666666667,-0.01622173922484,0.1897087118907747,780,771,-1.1673151750972763,0.8405418822315965,0.4333333333328999,0.36423481563332755
barabasi_albert_19.pkl,barabasi_albert,baseline,0.3333333333333333,0.45,-0.2666666666666666,2.3854549839026493,781,787,0.7623888182973316,0.2953812721642603,0.4255319148930738,0.1256941583676099
barabasi_albert_19.pkl,barabasi_albert,affinity_modified,0.4166666666666667,0.5666666666666667,-0.0307636430304668,0.2312279255409269,781,787,0.7623888182973316,0.8121973025917688,0.42372881355889114,0.34415139940294187
barabasi_albert_2.pkl,barabasi_albert,baseline,0.3166666666666666,0.4666666666666667,-0.3666666666666666,1.974126424837816,791,796,0.628140703517588,0.3362331848601667,0.40425531914842006,0.1359240534539364
barabasi_albert_2.pkl,barabasi_albert,affinity_modified,0.3666666666666666,0.6,-0.045792969893048,0.2264200112487945,791,796,0.628140703517588,0.8153813463804755,0.3793103448271938,0.30928257966123973
barabasi_albert_20.pkl,barabasi_albert,baseline,0.3333333333333333,0.4833333333333333,-0.05,2.3965016876653875,791,802,1.371571072319202,0.29442058092641726,0.40816326530562264,0.12017166568410478
barabasi_albert_20.pkl,barabasi_albert,affinity_modified,0.45,0.5333333333333333,0.0014631129399248,0.2468581599956172,791,802,1.371571072319202,0.8020158443711954,0.4576271186436024,0.367024199966106
barabasi_albert_21.pkl,barabasi_albert,baseline,0.55,0.1833333333333333,0.9666666666666668,1.8316119293908864,752,870,13.563218390804598,0.3531557377691624,0.7499999999989773,0.26486680332651064
barabasi_albert_21.pkl,barabasi_albert,affinity_modified,0.7,0.25,0.1157494406294323,0.1849986789311577,752,870,13.563218390804598,0.8438827973225907,0.7368421052623823,0.621808376973886
barabasi_albert_22.pkl,barabasi_albert,baseline,0.3666666666666666,0.4,-0.2666666666666666,1.9386057078208243,814,828,1.6908212560386473,0.3402974401562597,0.4782608695645935,0.162750949639738
barabasi_albert_22.pkl,barabasi_albert,affinity_modified,0.5333333333333333,0.45,-0.0116811040630617,0.1995835937522927,814,828,1.6908212560386473,0.8336226047173619,0.5423728813553806,0.4521342940835331
barabasi_albert_23.pkl,barabasi_albert,baseline,0.4833333333333333,0.3,0.3666666666666666,1.7366114156712054,778,782,0.5115089514066496,0.3654154164063995,0.6170212765949571,0.22546908671855445
barabasi_albert_23.pkl,barabasi_albert,affinity_modified,0.6,0.4,0.0357498048485484,0.1907367071076811,778,782,0.5115089514066496,0.8398162196821969,0.5999999999993999,0.5038897318088141
barabasi_albert_24.pkl,barabasi_albert,baseline,0.2833333333333333,0.45,-0.4833333333333333,1.9614217142784307,789,811,2.7127003699136867,0.3376756492256816,0.3863636363631095,0.13046559174610817
barabasi_albert_24.pkl,barabasi_albert,affinity_modified,0.5,0.5,0.0013379095147634,0.1951233735591719,789,811,2.7127003699136867,0.8367336980632559,0.49999999999949996,0.4183668490312096
barabasi_albert_25.pkl,barabasi_albert,baseline,0.4333333333333333,0.3333333333333333,0.4166666666666667,2.1176551364271186,779,773,-0.7761966364812419,0.3207538859304418,0.5652173913036106,0.1812956746561002
barabasi_albert_25.pkl,barabasi_albert,affinity_modified,0.4666666666666667,0.4666666666666667,0.0330624744231068,0.2295761615707416,779,773,-0.7761966364812419,0.8132883763154077,0.4999999999994643,0.4066441881572682
barabasi_albert_26.pkl,barabasi_albert,baseline,0.4666666666666667,0.35,0.2333333333333333,1.8628087655943488,739,770,4.025974025974026,0.34930729988609266,0.5714285714278717,0.1996041713632371
barabasi_albert_26.pkl,barabasi_albert,affinity_modified,0.5333333333333333,0.45,0.0064526227792422,0.2159404247085909,739,770,4.025974025974026,0.822408713189758,0.5423728813553806,0.44605218342449987
barabasi_albert_27.pkl,barabasi_albert,baseline,0.4333333333333333,0.3166666666666666,0.2833333333333333,1.887439900640832,770,794,3.022670025188917,0.3463275546542327,0.5777777777770075,0.20010036491106767
barabasi_albert_27.pkl,barabasi_albert,affinity_modified,0.5166666666666667,0.4666666666666667,0.0417274992340504,0.2029472735842038,770,794,3.022670025188917,0.8312916301148274,0.525423728813025,0.4367803480259906
barabasi_albert_28.pkl,barabasi_albert,baseline,0.4666666666666667,0.3166666666666666,0.1333333333333333,2.197584703958745,790,799,1.1264080100125156,0.31273604691752427,0.5957446808503034,0.186310836461266
barabasi_albert_28.pkl,barabasi_albert,affinity_modified,0.5666666666666667,0.4333333333333333,0.0143972161679923,0.2087698957008079,790,799,1.1264080100125156,0.8272873137862442,0.5666666666660999,0.46879614447840284
barabasi_albert_29.pkl,barabasi_albert,baseline,0.4333333333333333,0.4333333333333333,0.05,1.7410789563381064,766,774,1.0335917312661498,0.36481984500582626,0.4999999999994231,0.18240992250270266
barabasi_albert_29.pkl,barabasi_albert,affinity_modified,0.4833333333333333,0.4833333333333333,-0.0185531390340948,0.2015975708634821,766,774,1.0335917312661498,0.832225384145366,0.49999999999948275,0.4161126920722525
barabasi_albert_3.pkl,barabasi_albert,baseline,0.4,0.5166666666666667,-0.45,2.086477852867956,765,804,4.850746268656716,0.32399390103214243,0.43636363636316033,0.14137915681387156
barabasi_albert_3.pkl,barabasi_albert,affinity_modified,0.4666666666666667,0.5333333333333333,-0.0410083292188791,0.2614870434179159,765,804,4.850746268656716,0.7927152365279678,0.4666666666662,0.36993377704601504
barabasi_albert_4.pkl,barabasi_albert,baseline,0.3833333333333333,0.4333333333333333,-0.5166666666666667,2.2661224005916534,772,811,4.808877928483354,0.3061734611718322,0.469387755101466,0.14371407361109217
barabasi_albert_4.pkl,barabasi_albert,affinity_modified,0.4666666666666667,0.5,-0.0620791478731983,0.2444896492658806,772,811,4.808877928483354,0.8035422396561481,0.48275862068915576,0.3879169432818771
barabasi_albert_5.pkl,barabasi_albert,baseline,0.4,0.3833333333333333,0.0333333333333333,2.1310192251251765,786,801,1.8726591760299625,0.31938481628455045,0.5106382978716886,0.1630901189536048
barabasi_albert_5.pkl,barabasi_albert,affinity_modified,0.4833333333333333,0.5166666666666667,-0.0137530406254114,0.2186688349124981,786,801,1.8726591760299625,0.8205674678402695,0.4833333333328499,0.39660760945573353
barabasi_albert_6.pkl,barabasi_albert,baseline,0.5,0.3666666666666666,0.6666666666666666,2.3911323937192988,740,793,6.683480453972257,0.2948867469321149,0.5769230769224113,0.17012696938371616
barabasi_albert_6.pkl,barabasi_albert,affinity_modified,0.5666666666666667,0.4166666666666667,0.0457078153704979,0.2246749524617417,740,793,6.683480453972257,0.8165431962088239,0.5762711864400919,0.4705503164588437
barabasi_albert_7.pkl,barabasi_albert,baseline,0.35,0.4166666666666667,0.0666666666666666,1.6658755184400345,768,810,5.185185185185185,0.3751112882364292,0.45652173912983934,0.1712464576729291
barabasi_albert_7.pkl,barabasi_albert,affinity_modified,0.4666666666666667,0.5,0.0083527153239505,0.1646160575032816,768,810,5.185185185185185,0.8586520798483687,0.48275862068915576,0.4145216937194733
barabasi_albert_8.pkl,barabasi_albert,baseline,0.2166666666666666,0.6166666666666667,-1.0833333333333333,1.83461691070358,786,847,7.201889020070838,0.35278135688246853,0.2599999999996879,0.09172315278933173
barabasi_albert_8.pkl,barabasi_albert,affinity_modified,0.2666666666666666,0.7333333333333333,-0.0888828798082776,0.1823231669461486,786,847,7.201889020070838,0.8457924431802554,0.2666666666664,0.2255446515145092
barabasi_albert_9.pkl,barabasi_albert,baseline,0.3666666666666666,0.3833333333333333,-0.0333333333333333,1.4953789459833904,770,822,6.326034063260341,0.4007407378384831,0.488888888888237,0.19591769405410828
barabasi_albert_9.pkl,barabasi_albert,affinity_modified,0.4333333333333333,0.5666666666666667,-0.0360379162010074,0.1753569913697965,770,822,6.326034063260341,0.8508053360320508,0.4333333333328999,0.3686823122801866
planted_partition_0.pkl,planted_partition,baseline,0.3,0.45,-0.25,1.4097120754229284,399,439,9.111617312072893,0.41498733819661426,0.39999999999946667,0.16599493527842438
planted_partition_0.pkl,planted_partition,affinity_modified,0.4166666666666667,0.5833333333333334,-0.0627876876173128,0.2504994478954003,399,439,9.111617312072893,0.799680481013412,0.41666666666624996,0.3332002004219218
planted_partition_1.pkl,planted_partition,baseline,0.4666666666666667,0.3333333333333333,0.4166666666666667,1.720185905076134,406,429,5.361305361305361,0.3676219328002185,0.5833333333326042,0.21444612746652605
planted_partition_1.pkl,planted_partition,affinity_modified,0.5,0.5,0.0552524701025762,0.2433750722686443,406,429,5.361305361305361,0.8042625449900763,0.49999999999949996,0.402131272494636
planted_partition_10.pkl,planted_partition,baseline,0.35,0.3833333333333333,-0.0166666666666666,1.2553838857357429,371,385,3.6363636363636362,0.44338349951178435,0.4772727272720765,0.2116148520394267
planted_partition_10.pkl,planted_partition,affinity_modified,0.4333333333333333,0.5166666666666667,-0.0272934516245446,0.2195803910933439,371,385,3.6363636363636362,0.8199541475929342,0.45614035087671284,0.37401417258585695
planted_partition_11.pkl,planted_partition,baseline,0.45,0.4,-0.1833333333333333,2.0460103108465497,391,357,-9.523809523809524,0.32829829775660846,0.5294117647052595,0.17380498116505882
planted_partition_11.pkl,planted_partition,affinity_modified,0.5,0.45,-0.0283087908518164,0.3188166884325942,391,357,-9.523809523809524,0.7582554943162677,0.5263157894731302,0.399081839113405
planted_partition_12.pkl,planted_partition,baseline,0.3833333333333333,0.4666666666666667,-0.1333333333333333,1.863718414268533,368,360,-2.2222222222222223,0.3491963438225911,0.4509803921563322,0.15748070407666956
planted_partition_12.pkl,planted_partition,affinity_modified,0.4333333333333333,0.5166666666666667,-0.0291522285502499,0.3247543956025928,368,360,-2.2222222222222223,0.7548569027733844,0.45614035087671284,0.34432069249276026
planted_partition_13.pkl,planted_partition,baseline,0.3833333333333333,0.35,0.1166666666666666,1.7378309748577798,365,370,1.3513513513513513,0.3652526431263516,0.5227272727265599,0.19092751799760527
planted_partition_13.pkl,planted_partition,affinity_modified,0.4666666666666667,0.45,0.0341437589857432,0.2752981407875793,365,370,1.3513513513513513,0.7841303676506853,0.5090909090903537,0.39919364171264066
planted_partition_14.pkl,planted_partition,baseline,0.2333333333333333,0.45,-0.35,1.505076156640632,349,368,5.163043478260869,0.39918946070726424,0.3414634146336466,0.13630859633886636
planted_partition_14.pkl,planted_partition,affinity_modified,0.35,0.55,-0.0546744958376201,0.2856833984129822,349,368,5.163043478260869,0.7777964631373298,0.38888888888845674,0.30247640233084766
planted_partition_15.pkl,planted_partition,baseline,0.4333333333333333,0.3,0.3333333333333333,1.5909347712359814,358,391,8.439897698209718,0.38596108674822377,0.5909090909082851,0.22806791489636669
planted_partition_15.pkl,planted_partition,affinity_modified,0.5833333333333334,0.35,0.0410548889825221,0.2518284507992873,358,391,8.439897698209718,0.7988315007232054,0.6249999999993304,0.4992696879514685
planted_partition_16.pkl,planted_partition,baseline,0.6,0.2,0.7,1.4297089901830264,314,386,18.65284974093264,0.4115719224155612,0.7499999999990624,0.308678941811285
planted_partition_16.pkl,planted_partition,affinity_modified,0.6833333333333333,0.2666666666666666,0.1135635804974372,0.2311115551828313,314,386,18.65284974093264,0.812274075237228,0.719298245613278,0.5842673172752859
planted_partition_17.pkl,planted_partition,baseline,0.3,0.4166666666666667,-0.2,1.6135023490867542,369,370,0.2702702702702703,0.3826283149695403,0.4186046511622066,0.1601699923126073
planted_partition_17.pkl,planted_partition,affinity_modified,0.35,0.5666666666666667,-0.0171117373365293,0.2796759670930839,369,370,0.2702702702702703,0.7814478240703412,0.3818181818177653,0.2983709873719866
planted_partition_18.pkl,planted_partition,baseline,0.3,0.4166666666666667,-0.1166666666666666,1.391154461037047,364,358,-1.675977653631285,0.41820803143193797,0.4186046511622066,0.1750638271107995
planted_partition_18.pkl,planted_partition,affinity_modified,0.4333333333333333,0.5166666666666667,-0.0227292566231272,0.2451089056930669,364,358,-1.675977653631285,0.8031425969468658,0.45614035087671284,0.3663457459753777
planted_partition_19.pkl,planted_partition,baseline,0.4666666666666667,0.3333333333333333,0.2333333333333333,1.5334315861421828,351,373,5.898123324396783,0.3947215332239397,0.5833333333326042,0.230254227713677
planted_partition_19.pkl,planted_partition,affinity_modified,0.6166666666666667,0.3333333333333333,0.0436228126810625,0.2434811659843384,351,373,5.898123324396783,0.8041939253727266,0.6491228070168606,0.522020618223852
planted_partition_2.pkl,planted_partition,baseline,0.5166666666666667,0.2833333333333333,0.35,1.744968553939379,359,384,6.510416666666667,0.3643028983209563,0.6458333333325261,0.23527895516532354
planted_partition_2.pkl,planted_partition,affinity_modified,0.5833333333333334,0.3833333333333333,0.0323504081011705,0.3300761482096958,359,384,6.510416666666667,0.7518366533720768,0.6034482758614448,0.45369453220681843
planted_partition_20.pkl,planted_partition,baseline,0.3833333333333333,0.4833333333333333,-0.1333333333333333,1.7989325146014776,354,409,13.447432762836186,0.3572790679243596,0.442307692307182,0.15802728004328442
planted_partition_20.pkl,planted_partition,affinity_modified,0.45,0.5166666666666667,-0.0422714513254661,0.3081871135887759,354,409,13.447432762836186,0.7644166416352168,0.4655172413788287,0.35584912627809484
planted_partition_21.pkl,planted_partition,baseline,0.6333333333333333,0.1833333333333333,0.6333333333333333,1.9568797947430103,387,350,-10.571428571428571,0.3381943364007844,0.775510204080683,0.26227315884110347
planted_partition_21.pkl,planted_partition,affinity_modified,0.7,0.2666666666666666,0.0936122649128556,0.2790640214689981,387,350,-10.571428571428571,0.7818216940005125,0.7241379310337337,0.56614674393082
planted_partition_22.pkl,planted_partition,baseline,0.4,0.3,0.1833333333333333,1.731969259000948,371,403,7.94044665012407,0.3660363295470203,0.5714285714277552,0.20916361688371282
planted_partition_22.pkl,planted_partition,affinity_modified,0.55,0.3333333333333333,0.0507260615862016,0.259659122551008,371,403,7.94044665012407,0.7938655641812385,0.6226415094332575,0.4942936531688909
planted_partition_23.pkl,planted_partition,baseline,0.45,0.3,0.3333333333333333,1.5909347712359811,351,373,5.898123324396783,0.3859610867482238,0.5999999999992001,0.23157665204862554
planted_partition_23.pkl,planted_partition,affinity_modified,0.5666666666666667,0.35,0.0597542237938699,0.2686006523646665,351,373,5.898123324396783,0.7882701290875139,0.6181818181811438,0.4872942616172043
planted_partition_24.pkl,planted_partition,baseline,0.1666666666666666,0.5666666666666667,-0.6,1.3044902894442094,372,405,8.148148148148149,0.43393543664754486,0.2272727272724173,0.09862169014703477
planted_partition_24.pkl,planted_partition,affinity_modified,0.2666666666666666,0.7166666666666667,-0.1256068890481704,0.2302999833145008,372,405,8.148148148148149,0.8128098947916271,0.27118644067769027,0.22042302231614927
planted_partition_25.pkl,planted_partition,baseline,0.3833333333333333,0.3833333333333333,0.0666666666666666,1.5608197179976924,368,393,6.361323155216285,0.3904999609976063,0.49999999999934785,0.1952499804985485
planted_partition_25.pkl,planted_partition,affinity_modified,0.5166666666666667,0.4666666666666667,0.0021722034042724,0.2319276968210668,368,393,6.361323155216285,0.8117359505598051,0.525423728813025,0.4265053299547181
planted_partition_26.pkl,planted_partition,baseline,0.35,0.4166666666666667,-0.2333333333333333,1.6194440002842014,375,418,10.287081339712918,0.38176040407487355,0.45652173912983934,0.17428192359917147
planted_partition_26.pkl,planted_partition,affinity_modified,0.4,0.5166666666666667,-0.0301866090731178,0.2659265417707573,375,418,10.287081339712918,0.7899352505882501,0.43636363636316033,0.3446990184381331
planted_partition_27.pkl,planted_partition,baseline,0.4333333333333333,0.25,0.3,1.749576219875128,335,379,11.609498680738787,0.36369240931441243,0.6341463414624866,0.23063421078441182
planted_partition_27.pkl,planted_partition,affinity_modified,0.5166666666666667,0.4166666666666667,0.0533404490575783,0.2991439530876094,335,379,11.609498680738787,0.7697376396382793,0.5535714285708355,0.4261047647993053
planted_partition_28.pkl,planted_partition,baseline,0.4,0.3666666666666666,-0.05,1.5883580691809398,371,428,13.317757009345794,0.38634530975710024,0.5217391304341021,0.2015714659599633
planted_partition_28.pkl,planted_partition,affinity_modified,0.4666666666666667,0.4833333333333333,-0.0095027758138575,0.248991267471629,371,428,13.317757009345794,0.8006461102200741,0.49122807017492154,0.39329984361646453
planted_partition_29.pkl,planted_partition,baseline,0.3333333333333333,0.3333333333333333,-0.0166666666666666,1.6311757916536265,367,360,-1.9444444444444444,0.38005822460517763,0.49999999999925004,0.1900291123023038
planted_partition_29.pkl,planted_partition,affinity_modified,0.3833333333333333,0.45,-0.002170344892427,0.2857989974213055,367,360,-1.9444444444444444,0.7777265358003227,0.459999999999448,0.35775420646771916
planted_partition_3.pkl,planted_partition,baseline,0.45,0.2833333333333333,0.3333333333333333,1.694124109141695,365,399,8.521303258145364,0.37117814899722046,0.6136363636355269,0.22776840961162015
planted_partition_3.pkl,planted_partition,affinity_modified,0.5,0.4,0.0462157776965829,0.2903859733511657,365,399,8.521303258145364,0.774961926626476,0.5555555555549383,0.4305344036808972
planted_partition_4.pkl,planted_partition,baseline,0.25,0.4,-0.3333333333333333,1.5802452788231762,380,373,-1.876675603217158,0.3875600541573667,0.3846153846147929,0.14906155929106557
planted_partition_4.pkl,planted_partition,affinity_modified,0.3,0.65,-0.0841742618051119,0.2747472565024514,380,373,-1.876675603217158,0.7844692309781621,0.3157894736838781,0.2477271255717904
planted_partition_5.pkl,planted_partition,baseline,0.3166666666666666,0.45,-0.05,1.8265926414956624,392,369,-6.233062330623306,0.35378284982404123,0.4130434782603308,0.14612769884017424
planted_partition_5.pkl,planted_partition,affinity_modified,0.3833333333333333,0.5666666666666667,-0.0159873116054086,0.2866913454496402,392,369,-6.233062330623306,0.7771871657771549,0.4035087719293998,0.31360183882203063
planted_partition_6.pkl,planted_partition,baseline,0.45,0.2166666666666666,0.4833333333333333,1.6823275509544997,368,418,11.961722488038278,0.37281054643910005,0.6749999999989876,0.2516471188460151
planted_partition_6.pkl,planted_partition,affinity_modified,0.5166666666666667,0.4,0.061337195671147,0.2763350237783189,368,418,11.961722488038278,0.7834933472558893,0.5636363636357488,0.44160534118011036
planted_partition_7.pkl,planted_partition,baseline,0.4833333333333333,0.3333333333333333,0.2,1.4473822073789937,355,407,12.776412776412776,0.4085998488445917,0.5918367346931528,0.24182440033629896
planted_partition_7.pkl,planted_partition,affinity_modified,0.5666666666666667,0.35,0.0685339650809346,0.2558306007748971,355,407,12.776412776412776,0.7962857405950774,0.6181818181811438,0.4922493669127836
planted_partition_8.pkl,planted_partition,baseline,0.2833333333333333,0.5,-0.3,1.6702785721174107,355,411,13.62530413625304,0.3744927628307502,0.36170212765911275,0.13545482910882184
planted_partition_8.pkl,planted_partition,affinity_modified,0.35,0.6,-0.0507621323285476,0.2790319938896771,355,411,13.62530413625304,0.7818412711936079,0.3684210526311911,0.2880467841236576
planted_partition_9.pkl,planted_partition,baseline,0.45,0.3333333333333333,0.2,1.938022756158924,372,440,15.454545454545455,0.34036496072187256,0.5744680851056496,0.19552880722295377
planted_partition_9.pkl,planted_partition,affinity_modified,0.55,0.3833333333333333,0.050151666499574,0.3205814291565234,372,440,15.454545454545455,0.7572422100761451,0.5892857142850829,0.446232016651536
random_regular_0.pkl,random_regular,baseline,0.45,0.3666666666666666,0.2,1.972694964693937,780,780,0.0,0.33639509329977896,0.5510204081625907,0.18536056161393696
random_regular_0.pkl,random_regular,affinity_modified,0.45,0.3666666666666666,0.0199007438042002,0.1962904854810496,780,780,0.0,0.8359173730265708,0.5510204081625907,0.4606075320753016
random_regular_1.pkl,random_regular,baseline,0.3333333333333333,0.4333333333333333,-0.4,2.498813277660052,769,769,0.0,0.2858111938653621,0.4347826086950851,0.12426573646303883
random_regular_1.pkl,random_regular,affinity_modified,0.3333333333333333,0.4333333333333333,-0.0398014876084005,0.2486412142662331,769,769,0.0,0.8008705692032217,0.4347826086950851,0.34820459530529446
random_regular_10.pkl,random_regular,baseline,0.3833333333333333,0.5166666666666667,-0.4666666666666667,2.212956199576245,787,787,0.0,0.31123984825311013,0.42592592592545264,0.13256512055210332
random_regular_10.pkl,random_regular,affinity_modified,0.3833333333333333,0.5166666666666667,-0.0464350688764672,0.2201973718884175,787,787,0.0,0.8195395458460684,0.42592592592545264,0.3490631398970116
random_regular_11.pkl,random_regular,baseline,0.4333333333333333,0.35,0.4666666666666667,1.8818190502418413,776,776,0.0,0.3470030500062384,0.5531914893609959,0.19195913404575915
random_regular_11.pkl,random_regular,affinity_modified,0.4333333333333333,0.35,0.0464350688764672,0.1872479940236317,776,776,0.0,0.842284008929726,0.5531914893609959,0.4659443453647855
random_regular_12.pkl,random_regular,baseline,0.3666666666666666,0.3,0.1333333333333333,1.7120378051689404,769,769,0.0,0.36872642339058664,0.549999999999175,0.20279953286451846
random_regular_12.pkl,random_regular,affinity_modified,0.3666666666666666,0.3,0.0132671625361335,0.170354128718862,769,769,0.0,0.8544422371497579,0.549999999999175,0.4699432304316619
random_regular_13.pkl,random_regular,baseline,0.4333333333333333,0.4,0.0666666666666666,1.9033126043970012,785,785,0.0,0.34443414687261803,0.519999999999376,0.17910575637354645
random_regular_13.pkl,random_regular,affinity_modified,0.4333333333333333,0.4,0.0066335812680667,0.1893866825970494,785,785,0.0,0.8407694609598959,0.519999999999376,0.4372001196986212
random_regular_14.pkl,random_regular,baseline,0.3,0.55,-0.4666666666666667,1.8454402503235168,795,795,0.0,0.3514394652589537,0.352941176470173,0.1240374583265436
random_regular_14.pkl,random_regular,affinity_modified,0.3,0.55,-0.0464350688764672,0.1836281681382375,795,795,0.0,0.8448599204705719,0.352941176470173,0.2981858542833804
random_regular_15.pkl,random_regular,baseline,0.4333333333333333,0.4166666666666667,0.2666666666666666,2.615900963933334,766,766,0.0,0.27655624696983183,0.5098039215680277,0.14098945923935624
random_regular_15.pkl,random_regular,affinity_modified,0.4333333333333333,0.4166666666666667,0.026534325072267,0.2602918745019889,766,766,0.0,0.793466989855152,0.5098039215680277,0.4045125830629349
random_regular_16.pkl,random_regular,baseline,0.25,0.5333333333333333,-0.9333333333333332,2.291226203176869,790,790,0.0,0.30383812544842587,0.31914893616980533,0.09696961450469298
random_regular_16.pkl,random_regular,affinity_modified,0.25,0.5333333333333333,-0.0928701377529345,0.2279855283344668,790,790,0.0,0.8143418443671021,0.31914893616980533,0.2598963333083178
random_regular_17.pkl,random_regular,baseline,0.55,0.2833333333333333,0.6666666666666666,1.8288337180732372,758,758,0.0,0.3535025737324411,0.659999999999208,0.23331169866313115
random_regular_17.pkl,random_regular,affinity_modified,0.55,0.2833333333333333,0.0663358126806675,0.1819757564192925,758,758,0.0,0.8460410415095361,0.659999999999208,0.5583870873956237
random_regular_18.pkl,random_regular,baseline,0.3166666666666666,0.5333333333333333,-0.4666666666666667,1.9438444056678836,765,765,0.0,0.33969186621231273,0.37254901960740483,0.12655187172600682
random_regular_18.pkl,random_regular,affinity_modified,0.3166666666666666,0.5333333333333333,-0.0464350688764672,0.1934197475621223,765,765,0.0,0.8379281489541014,0.37254901960740483,0.31216931039429796
random_regular_19.pkl,random_regular,baseline,0.4833333333333333,0.4833333333333333,-0.2666666666666666,2.809588103394244,772,772,0.0,0.26249556982525907,0.49999999999948275,0.13124778491249375
random_regular_19.pkl,random_regular,affinity_modified,0.4833333333333333,0.4833333333333333,-0.026534325072267,0.2795644652048888,772,772,0.0,0.7815159198250134,0.49999999999948275,0.3907579599121025
random_regular_2.pkl,random_regular,baseline,0.3333333333333333,0.5,-0.4,1.8973665961010275,783,783,0.0,0.34514099850039526,0.39999999999952,0.13805639939999245
random_regular_2.pkl,random_regular,affinity_modified,0.3333333333333333,0.5,-0.0398014876084005,0.1887950326582703,783,783,0.0,0.8411879024796185,0.39999999999952,0.33647516099144364
random_regular_20.pkl,random_regular,baseline,0.4666666666666667,0.4333333333333333,0.1333333333333333,2.094922567774702,759,759,0.0,0.323109860780464,0.5185185185179425,0.16753844633042483
random_regular_20.pkl,random_regular,affinity_modified,0.4666666666666667,0.4333333333333333,0.0132671625361335,0.2084525865546085,759,759,0.0,0.8275045385529581,0.5185185185179425,0.42907642739735347
random_regular_21.pkl,random_regular,baseline,0.4,0.4,0.3333333333333333,2.02247261544526,772,772,0.0,0.3308549413780821,0.499999999999375,0.16542747068883426
random_regular_21.pkl,random_regular,affinity_modified,0.4,0.4,0.0331679063403337,0.2012435468549347,772,772,0.0,0.8324706531145782,0.499999999999375,0.4162353265567688
random_regular_22.pkl,random_regular,baseline,0.4666666666666667,0.35,0.1333333333333333,2.07050854857388,753,753,0.0,0.32567894997864677,0.5714285714278717,0.1861022571304274
random_regular_22.pkl,random_regular,affinity_modified,0.4666666666666667,0.35,0.0132671625361335,0.2060233008478765,753,753,0.0,0.829171376122638,0.5714285714278717,0.47381221492664155
random_regular_23.pkl,random_regular,baseline,0.5,0.2666666666666666,0.6,1.796418282045637,758,758,0.0,0.3576002940691976,0.6521739130426276,0.23321758308830293
random_regular_23.pkl,random_regular,affinity_modified,0.5,0.2666666666666666,0.0597022314126007,0.1787502999808589,758,758,0.0,0.8483560937513557,0.6521739130426276,0.5532757133153798
random_regular_24.pkl,random_regular,baseline,0.4666666666666667,0.3333333333333333,0.1333333333333333,1.7894859281384834,785,785,0.0,0.35848899251029137,0.5833333333326042,0.20911857896407524
random_regular_24.pkl,random_regular,affinity_modified,0.4666666666666667,0.3333333333333333,0.0132671625361335,0.1780605049855274,785,785,0.0,0.8488528354596566,0.5833333333326042,0.49516415401751407
random_regular_25.pkl,random_regular,baseline,0.25,0.45,-0.4666666666666667,1.7799892083720348,782,782,0.0,0.3597136265811626,0.35714285714234695,0.1284691523502317
random_regular_25.pkl,random_regular,affinity_modified,0.25,0.45,-0.0464350688764672,0.1771155460502655,782,782,0.0,0.8495342732966485,0.35714285714234695,0.3034050976055125
random_regular_26.pkl,random_regular,baseline,0.45,0.3333333333333333,0.5333333333333333,2.189858494512533,766,766,0.0,0.3134935301112214,0.5744680851056496,0.18009202793600365
random_regular_26.pkl,random_regular,affinity_modified,0.45,0.3333333333333333,0.053068650144534,0.2178990643337281,766,766,0.0,0.821086105807189,0.5744680851056496,0.47168776290991066
random_regular_27.pkl,random_regular,baseline,0.3833333333333333,0.45,-0.3333333333333333,2.2297424542824174,787,787,0.0,0.30962221110666843,0.459999999999448,0.14242621710889658
random_regular_27.pkl,random_regular,affinity_modified,0.3833333333333333,0.45,-0.0331679063403337,0.2218676666601154,787,787,0.0,0.8184192341658617,0.459999999999448,0.3764728477158446
random_regular_28.pkl,random_regular,baseline,0.4333333333333333,0.3666666666666666,0.2,2.0402724975862365,777,777,0.0,0.3289178850888958,0.5416666666659896,0.1781638544229292
random_regular_28.pkl,random_regular,affinity_modified,0.4333333333333333,0.3666666666666666,0.0199007438042002,0.2030147013260974,777,777,0.0,0.83124503707036,0.5416666666659896,0.45025772841254885
random_regular_29.pkl,random_regular,baseline,0.3666666666666666,0.5,-0.3333333333333333,2.0056417601497274,745,745,0.0,0.3327076477504706,0.42307692307643485,0.14076092789426745
random_regular_29.pkl,random_regular,affinity_modified,0.3666666666666666,0.5,-0.0331679063403337,0.199568814158725,745,745,0.0,0.8336328755773086,0.42307692307643485,0.35269083197460815
random_regular_3.pkl,random_regular,baseline,0.2333333333333333,0.5666666666666667,-0.7333333333333333,1.929842943171992,761,761,0.0,0.34131522385201674,0.2916666666663021,0.09955027362338044
random_regular_3.pkl,random_regular,affinity_modified,0.2333333333333333,0.5666666666666667,-0.0729693939487342,0.192026549972048,761,761,0.0,0.838907489118803,0.2916666666663021,0.24468135099267835
random_regular_4.pkl,random_regular,baseline,0.3333333333333333,0.4333333333333333,-0.3333333333333333,1.9971731434634683,737,737,0.0,0.33364772475053667,0.4347826086950851,0.14506422815221806
random_regular_4.pkl,random_regular,affinity_modified,0.3333333333333333,0.4333333333333333,-0.0331679063403337,0.1987261553034788,737,737,0.0,0.8342188877549204,0.4347826086950851,0.36270386424079665
random_regular_5.pkl,random_regular,baseline,0.3333333333333333,0.5,-0.8,2.4342193263577463,774,774,0.0,0.2911869933073194,0.39999999999952,0.116474797322788
random_regular_5.pkl,random_regular,affinity_modified,0.3333333333333333,0.5,-0.079602975216801,0.2422138758853922,774,774,0.0,0.8050143533352874,0.39999999999952,0.32200574133372856
random_regular_6.pkl,random_regular,baseline,0.5,0.3833333333333333,0.5333333333333333,2.410898043993373,795,795,0.0,0.2931779217971673,0.5660377358484159,0.1659497670548125
random_regular_6.pkl,random_regular,affinity_modified,0.5,0.3833333333333333,0.053068650144534,0.2398933215577983,795,795,0.0,0.8065209987126981,0.5660377358484159,0.4565213200255388
random_regular_7.pkl,random_regular,baseline,0.2833333333333333,0.4833333333333333,-0.6666666666666666,2.063949370902716,784,784,0.0,0.32637615017293026,0.3695652173908223,0.12061727288983864
random_regular_7.pkl,random_regular,affinity_modified,0.2833333333333333,0.4833333333333333,-0.0663358126806675,0.2053706382758763,784,784,0.0,0.8296203410349934,0.3695652173908223,0.3065988216864455
random_regular_8.pkl,random_regular,baseline,0.5,0.3333333333333333,0.2666666666666666,2.1142508122678207,766,766,0.0,0.3211045160719706,0.5999999999992801,0.1926627096429512
random_regular_8.pkl,random_regular,affinity_modified,0.5,0.3333333333333333,0.026534325072267,0.210375818763821,766,766,0.0,0.8261896714206654,0.5999999999992801,0.49571380285180444
random_regular_9.pkl,random_regular,baseline,0.4,0.5,-0.2666666666666666,2.2160177037372324,759,759,0.0,0.3109435619206734,0.44444444444395065,0.13819713863125685
random_regular_9.pkl,random_regular,affinity_modified,0.4,0.5,-0.026534325072267,0.220502002938234,759,759,0.0,0.8193349929722377,0.44444444444395065,0.3641488857650344
watts_strogatz_0.pkl,watts_strogatz,baseline,0.6,0.1,0.7,0.9075950713612992,400,383,-4.438642297650131,0.5242202682387826,0.8571428571416327,0.44933165848974327
watts_strogatz_0.pkl,watts_strogatz,affinity_modified,0.7666666666666667,0.2166666666666666,0.0670582472412708,0.0877048990637383,400,383,-4.438642297650131,0.9193670092511012,0.7796610169483598,0.7167946173814856
watts_strogatz_1.pkl,watts_strogatz,baseline,0.45,0.0833333333333333,0.5,0.9655068046526178,371,343,-8.16326530612245,0.5087746313738859,0.843749999998418,0.4292785952209114
watts_strogatz_1.pkl,watts_strogatz,affinity_modified,0.6833333333333333,0.2666666666666666,0.0495511837369527,0.0978969639702993,371,343,-8.16326530612245,0.9108322846469337,0.719298245613278,0.6551600643944733
watts_strogatz_10.pkl,watts_strogatz,baseline,0.6333333333333333,0.1,0.7833333333333333,1.0750114964567237,335,476,29.6218487394958,0.4819250407564457,0.863636363635186,0.4162079897436356
watts_strogatz_10.pkl,watts_strogatz,affinity_modified,0.7333333333333333,0.2333333333333333,0.0782662257554873,0.1064594093549612,335,476,29.6218487394958,0.9037837190819098,0.7586206896543877,0.6856290282683258
watts_strogatz_11.pkl,watts_strogatz,baseline,0.5833333333333334,0.1333333333333333,0.55,1.095831856457513,410,324,-26.54320987654321,0.47713751316398706,0.8139534883709574,0.38836774327247087
watts_strogatz_11.pkl,watts_strogatz,affinity_modified,0.7833333333333333,0.2,0.0567583370290954,0.1083215926852267,410,324,-26.54320987654321,0.9022651968524887,0.7966101694907153,0.7187536313902346
watts_strogatz_12.pkl,watts_strogatz,baseline,0.6333333333333333,0.0833333333333333,0.8166666666666667,1.127343760705784,338,424,20.28301886792453,0.4700697736167625,0.8837209302313251,0.41541049761423376
watts_strogatz_12.pkl,watts_strogatz,affinity_modified,0.7833333333333333,0.1833333333333333,0.0790489959741118,0.1071601912652159,338,424,20.28301886792453,0.903211665203788,0.8103448275853687,0.7319129011126574
watts_strogatz_13.pkl,watts_strogatz,baseline,0.5666666666666667,0.15,0.5666666666666667,0.9977375536626356,395,387,-2.0671834625322996,0.5005662521418833,0.7906976744175014,0.39579657146047176
watts_strogatz_13.pkl,watts_strogatz,affinity_modified,0.7,0.2833333333333333,0.0547216690100476,0.098908333823874,395,387,-2.0671834625322996,0.9099940087998946,0.7118644067789371,0.6477923452467238
watts_strogatz_14.pkl,watts_strogatz,baseline,0.7333333333333333,0.05,0.9333333333333332,0.8804210600263109,310,350,11.428571428571429,0.5317957883251999,0.9361702127647623,0.4978513763038069
watts_strogatz_14.pkl,watts_strogatz,affinity_modified,0.85,0.1333333333333333,0.0925368702601197,0.0885966425100446,310,350,11.428571428571429,0.9186138932913096,0.8644067796601379,0.7940560772510025
watts_strogatz_15.pkl,watts_strogatz,baseline,0.4833333333333333,0.15,0.3833333333333333,0.9222607937841728,367,469,21.748400852878465,0.5202207750548742,0.7631578947356371,0.3970105914886192
watts_strogatz_15.pkl,watts_strogatz,affinity_modified,0.6833333333333333,0.25,0.0372793187679358,0.0941445569506526,367,469,21.748400852878465,0.9139560158183936,0.7321428571420727,0.6691463687234641
watts_strogatz_16.pkl,watts_strogatz,baseline,0.6333333333333333,0.0666666666666666,0.7833333333333333,0.8847419745789847,301,339,11.2094395280236,0.530576605969303,0.9047619047606122,0.4800455006382074
watts_strogatz_16.pkl,watts_strogatz,affinity_modified,0.75,0.2166666666666666,0.0740519030975245,0.0854665272312388,301,339,11.2094395280236,0.9212628624769821,0.7758620689647148,0.7147729105417469
watts_strogatz_17.pkl,watts_strogatz,baseline,0.5,0.25,0.3666666666666666,1.3272459911048722,414,353,-17.28045325779037,0.42969243639141247,0.6666666666657778,0.2864616242605597
watts_strogatz_17.pkl,watts_strogatz,affinity_modified,0.5833333333333334,0.4,0.0355674341279142,0.1330383714062028,414,353,-17.28045325779037,0.8825826425974521,0.5932203389824476,0.523565974421685
watts_strogatz_18.pkl,watts_strogatz,baseline,0.55,0.1,0.6333333333333333,1.0245572283305089,337,347,2.881844380403458,0.49393516073863736,0.8461538461525444,0.41794513600897326
watts_strogatz_18.pkl,watts_strogatz,affinity_modified,0.7666666666666667,0.1833333333333333,0.06333346877418,0.1012642326403638,337,347,2.881844380403458,0.9080472881630095,0.8070175438587998,0.7328100922009557
watts_strogatz_19.pkl,watts_strogatz,baseline,0.65,0.0833333333333333,0.8,0.988064363511142,312,342,8.771929824561404,0.5030018234590198,0.8863636363624278,0.4458425253380687
watts_strogatz_19.pkl,watts_strogatz,affinity_modified,0.7833333333333333,0.15,0.0815788651610025,0.0974986642402819,312,342,8.771929824561404,0.911162840177329,0.839285714284815,0.7647259551480103
watts_strogatz_2.pkl,watts_strogatz,baseline,0.5,0.1166666666666666,0.5,1.0496165562976971,359,391,8.184143222506394,0.4878961369273574,0.8108108108094961,0.3955914623728916
watts_strogatz_2.pkl,watts_strogatz,affinity_modified,0.7333333333333333,0.2333333333333333,0.0523885115168847,0.1051414656087647,359,391,8.184143222506394,0.904861532318989,0.7586206896543877,0.6864466796895574
watts_strogatz_20.pkl,watts_strogatz,baseline,0.5333333333333333,0.1666666666666666,0.6166666666666667,1.1802278818547476,302,321,5.919003115264798,0.4586676504427084,0.7619047619036735,0.3494610670034691
watts_strogatz_20.pkl,watts_strogatz,affinity_modified,0.6666666666666666,0.2666666666666666,0.0584143143411871,0.1127135961530711,302,321,5.919003115264798,0.8987038564615816,0.714285714284949,0.641931326043299
watts_strogatz_21.pkl,watts_strogatz,baseline,0.4666666666666667,0.2333333333333333,0.25,1.067628450573783,350,271,-29.15129151291513,0.4836458889519015,0.6666666666657144,0.3224305926341405
watts_strogatz_21.pkl,watts_strogatz,affinity_modified,0.6666666666666666,0.3166666666666666,0.0274192564302678,0.106932686104844,350,271,-29.15129151291513,0.9033973000823323,0.6779661016942259,0.6124727458179076
watts_strogatz_22.pkl,watts_strogatz,baseline,0.5833333333333334,0.1,0.7166666666666667,1.0591276657841482,322,299,-7.6923076923076925,0.4856425449556496,0.8536585365841166,0.4145729042298259
watts_strogatz_22.pkl,watts_strogatz,affinity_modified,0.7,0.2333333333333333,0.0699102055541757,0.103830292511271,322,299,-7.6923076923076925,0.9059363624864364,0.7499999999991965,0.6794522718640994
watts_strogatz_23.pkl,watts_strogatz,baseline,0.55,0.1333333333333333,0.5166666666666667,1.0494819814453848,336,405,17.037037037037038,0.48792817358401763,0.80487804877931,0.39272267629875657
watts_strogatz_23.pkl,watts_strogatz,affinity_modified,0.7166666666666667,0.25,0.0514224210824049,0.1008025898814034,336,405,17.037037037037038,0.9084280952752269,0.7413793103440607,0.6734897947723164
watts_strogatz_24.pkl,watts_strogatz,baseline,0.6,0.0833333333333333,0.7166666666666667,1.00997846371848,262,382,31.413612565445025,0.4975177684988675,0.87804878048652,0.4368448699008054
watts_strogatz_24.pkl,watts_strogatz,affinity_modified,0.7,0.2,0.0704460088357741,0.0987357672922549,262,382,31.413612565445025,0.9101369317069006,0.7777777777769136,0.7078842802156917
watts_strogatz_25.pkl,watts_strogatz,baseline,0.5833333333333334,0.1,0.6333333333333333,1.007878568598196,279,402,30.597014925373134,0.49803808638594704,0.8536585365841166,0.4251544639873814
watts_strogatz_25.pkl,watts_strogatz,affinity_modified,0.7,0.2666666666666666,0.0606854727664786,0.098889466279434,279,402,30.597014925373134,0.9100096330759735,0.7241379310337337,0.6589724929164026
watts_strogatz_26.pkl,watts_strogatz,baseline,0.5333333333333333,0.1166666666666666,0.5166666666666667,0.9827610131865976,388,318,-22.0125786163522,0.5043472175160678,0.8205128205115583,0.4138233579612652
watts_strogatz_26.pkl,watts_strogatz,affinity_modified,0.7,0.25,0.0542526708501137,0.100406153992799,388,318,-22.0125786163522,0.908755368525996,0.7368421052623823,0.6696092189131869
watts_strogatz_27.pkl,watts_strogatz,baseline,0.6,0.0666666666666666,0.6166666666666667,0.958311839601757,372,479,22.338204592901878,0.5106439024559849,0.8999999999986502,0.45957951220969717
watts_strogatz_27.pkl,watts_strogatz,affinity_modified,0.7166666666666667,0.2166666666666666,0.0590200733863014,0.1020757370659419,372,479,22.338204592901878,0.9073786549936229,0.7678571428563202,0.696737181512214
watts_strogatz_28.pkl,watts_strogatz,baseline,0.5,0.15,0.5166666666666667,1.0655096125625882,331,339,2.359882005899705,0.48414202186129907,0.7692307692295858,0.372416939892734
watts_strogatz_28.pkl,watts_strogatz,affinity_modified,0.6833333333333333,0.3,0.0508111676773682,0.1033704792861928,331,339,2.359882005899705,0.9063138979818758,0.6949152542365814,0.6298113528342223
watts_strogatz_29.pkl,watts_strogatz,baseline,0.5166666666666667,0.2,0.4,1.060859900653031,379,331,-14.501510574018127,0.48523434304443835,0.7209302325571335,0.34982010777573486
watts_strogatz_29.pkl,watts_strogatz,affinity_modified,0.6333333333333333,0.3333333333333333,0.0379629082841837,0.10489369622737,379,331,-14.501510574018127,0.9050644450361814,0.6551724137924257,0.5929732570920573
watts_strogatz_3.pkl,watts_strogatz,baseline,0.5166666666666667,0.1166666666666666,0.5833333333333334,1.062323431656446,333,333,0.0,0.4848899957446568,0.8157894736829225,0.39556815442264814
watts_strogatz_3.pkl,watts_strogatz,affinity_modified,0.6333333333333333,0.3333333333333333,0.0566624581273776,0.1038979778228592,333,333,0.0,0.9058808151566959,0.6551724137924257,0.5935081202744628
watts_strogatz_4.pkl,watts_strogatz,baseline,0.6166666666666667,0.1,0.7833333333333333,1.0430019690032386,368,341,-7.9178885630498534,0.48947578865422753,0.8604651162778691,0.4211768413995616
watts_strogatz_4.pkl,watts_strogatz,affinity_modified,0.7333333333333333,0.2,0.076128794128328,0.1029245371415376,368,341,-7.9178885630498534,0.9066803451410298,0.7857142857134438,0.712391699752903
watts_strogatz_5.pkl,watts_strogatz,baseline,0.5666666666666667,0.1166666666666666,0.5666666666666667,1.094929247256267,389,404,3.712871287128713,0.47734308989656904,0.8292682926817134,0.39584548918194146
watts_strogatz_5.pkl,watts_strogatz,affinity_modified,0.6833333333333333,0.2833333333333333,0.056786166676539,0.1102406982679333,389,404,3.712871287128713,0.9007055871398717,0.7068965517234067,0.6367056736671817
watts_strogatz_6.pkl,watts_strogatz,baseline,0.6333333333333333,0.0333333333333333,0.7833333333333333,0.975838043430184,359,360,0.2777777777777778,0.506114356551175,0.9499999999985751,0.4808086387228951
watts_strogatz_6.pkl,watts_strogatz,affinity_modified,0.9,0.1,0.0806683074183155,0.0959993723099487,359,360,0.2777777777777778,0.9124092816699169,0.8999999999991,0.8211683535021039
watts_strogatz_7.pkl,watts_strogatz,baseline,0.6,0.1166666666666666,0.7333333333333333,1.0714581647782877,393,338,-16.272189349112427,0.4827517238838526,0.8372093023244133,0.40416423394870804
watts_strogatz_7.pkl,watts_strogatz,affinity_modified,0.7,0.2666666666666666,0.0717144996994171,0.1075397784910136,393,338,-16.272189349112427,0.9029021073739375,0.7241379310337337,0.6538256639597612
watts_strogatz_8.pkl,watts_strogatz,baseline,0.4833333333333333,0.1833333333333333,0.4666666666666667,1.2414680575242796,459,368,-24.72826086956522,0.44613618143838657,0.7249999999989126,0.32344873154234516
watts_strogatz_8.pkl,watts_strogatz,affinity_modified,0.6666666666666666,0.3,0.0444469315381108,0.1182827082426864,459,368,-24.72826086956522,0.8942282596602422,0.6896551724130797,0.6167091445926326
watts_strogatz_9.pkl,watts_strogatz,baseline,0.4833333333333333,0.1333333333333333,0.4166666666666667,1.0299196392325165,344,491,29.938900203665987,0.4926303389911956,0.7837837837825128,0.38611567110058126
watts_strogatz_9.pkl,watts_strogatz,affinity_modified,0.6666666666666666,0.3,0.0405852535624141,0.0979075252210103,344,491,29.938900203665987,0.910823522954448,0.6896551724130797,0.6281541537610386
