graph,family,variant,p_improve,p_worsen,mean_gain,std_gain
barabasi_albert_0.pkl,barabasi_albert,baseline,0.48333333333333334,0.35,0.2,2.129693222118853
barabasi_albert_0.pkl,barabasi_albert,affinity_modified,0.48333333333333334,0.5,-0.011845095765254143,0.24562486492556138
barabasi_albert_1.pkl,barabasi_albert,baseline,0.43333333333333335,0.36666666666666664,0.13333333333333333,1.8997472326661247
barabasi_albert_1.pkl,barabasi_albert,affinity_modified,0.55,0.43333333333333335,0.0022684079174832544,0.2079556351767344
barabasi_albert_10.pkl,barabasi_albert,baseline,0.43333333333333335,0.31666666666666665,0.36666666666666664,1.9042029042528454
barabasi_albert_10.pkl,barabasi_albert,affinity_modified,0.5833333333333334,0.4,0.042066245969288714,0.2085097290895026
barabasi_albert_11.pkl,barabasi_albert,baseline,0.35,0.35,-0.08333333333333333,1.5545631755148026
barabasi_albert_11.pkl,barabasi_albert,affinity_modified,0.38333333333333336,0.6166666666666667,-0.0395068478848664,0.19314196373376197
barabasi_albert_12.pkl,barabasi_albert,baseline,0.4666666666666667,0.3333333333333333,0.06666666666666667,2.335188931250054
barabasi_albert_12.pkl,barabasi_albert,affinity_modified,0.6,0.4,0.02340017256276899,0.2389314533664864
barabasi_albert_13.pkl,barabasi_albert,baseline,0.45,0.3,0.6166666666666667,1.7182141563279152
barabasi_albert_13.pkl,barabasi_albert,affinity_modified,0.55,0.43333333333333335,0.060829526698969974,0.1784948915425766
barabasi_albert_14.pkl,barabasi_albert,baseline,0.36666666666666664,0.38333333333333336,0.05,1.5229876970690632
barabasi_albert_14.pkl,barabasi_albert,affinity_modified,0.4666666666666667,0.5166666666666667,-0.0060666882946745675,0.18311872292218245
barabasi_albert_15.pkl,barabasi_albert,baseline,0.45,0.26666666666666666,0.43333333333333335,1.5111637301130014
barabasi_albert_15.pkl,barabasi_albert,affinity_modified,0.65,0.3333333333333333,0.059724676832785185,0.1680730099985417
barabasi_albert_16.pkl,barabasi_albert,baseline,0.3333333333333333,0.4166666666666667,-0.16666666666666666,1.7961037555121844
barabasi_albert_16.pkl,barabasi_albert,affinity_modified,0.43333333333333335,0.55,-0.00870485573201331,0.19030879400597822
barabasi_albert_17.pkl,barabasi_albert,baseline,0.26666666666666666,0.43333333333333335,-0.21666666666666667,1.6579716693891893
barabasi_albert_17.pkl,barabasi_albert,affinity_modified,0.4166666666666667,0.5833333333333334,-0.031044982700923405,0.1943545989311635
barabasi_albert_18.pkl,barabasi_albert,baseline,0.3333333333333333,0.4,-0.15,1.764287919928825
barabasi_albert_18.pkl,barabasi_albert,affinity_modified,0.43333333333333335,0.5666666666666667,-0.016221739224840093,0.1897087118907747
barabasi_albert_19.pkl,barabasi_albert,baseline,0.3333333333333333,0.45,-0.26666666666666666,2.3854549839026493
barabasi_albert_19.pkl,barabasi_albert,affinity_modified,0.4166666666666667,0.5666666666666667,-0.03076364303046688,0.23122792554092692
barabasi_albert_2.pkl,barabasi_albert,baseline,0.31666666666666665,0.4666666666666667,-0.36666666666666664,1.974126424837816
barabasi_albert_2.pkl,barabasi_albert,affinity_modified,0.36666666666666664,0.6,-0.045792969893048034,0.22642001124879457
barabasi_albert_20.pkl,barabasi_albert,baseline,0.3333333333333333,0.48333333333333334,-0.05,2.3965016876653875
barabasi_albert_20.pkl,barabasi_albert,affinity_modified,0.45,0.5333333333333333,0.0014631129399248267,0.24685815999561722
barabasi_albert_21.pkl,barabasi_albert,baseline,0.55,0.18333333333333332,0.9666666666666667,1.8316119293908864
barabasi_albert_21.pkl,barabasi_albert,affinity_modified,0.7,0.25,0.11574944062943236,0.18499867893115773
barabasi_albert_22.pkl,barabasi_albert,baseline,0.36666666666666664,0.4,-0.26666666666666666,1.9386057078208245
barabasi_albert_22.pkl,barabasi_albert,affinity_modified,0.5333333333333333,0.45,-0.011681104063061791,0.1995835937522927
barabasi_albert_23.pkl,barabasi_albert,baseline,0.48333333333333334,0.3,0.36666666666666664,1.7366114156712054
barabasi_albert_23.pkl,barabasi_albert,affinity_modified,0.6,0.4,0.03574980484854843,0.19073670710768115
barabasi_albert_24.pkl,barabasi_albert,baseline,0.2833333333333333,0.45,-0.48333333333333334,1.9614217142784307
barabasi_albert_24.pkl,barabasi_albert,affinity_modified,0.5,0.5,0.0013379095147634246,0.19512337355917198
barabasi_albert_25.pkl,barabasi_albert,baseline,0.43333333333333335,0.3333333333333333,0.4166666666666667,2.1176551364271186
barabasi_albert_25.pkl,barabasi_albert,affinity_modified,0.4666666666666667,0.4666666666666667,0.03306247442310687,0.22957616157074165
barabasi_albert_26.pkl,barabasi_albert,baseline,0.4666666666666667,0.35,0.23333333333333334,1.8628087655943486
barabasi_albert_26.pkl,barabasi_albert,affinity_modified,0.5333333333333333,0.45,0.006452622779242271,0.2159404247085909
barabasi_albert_27.pkl,barabasi_albert,baseline,0.43333333333333335,0.31666666666666665,0.2833333333333333,1.8874399006408318
barabasi_albert_27.pkl,barabasi_albert,affinity_modified,0.5166666666666667,0.4666666666666667,0.041727499234050454,0.2029472735842038
barabasi_albert_28.pkl,barabasi_albert,baseline,0.4666666666666667,0.31666666666666665,0.13333333333333333,2.1975847039587455
barabasi_albert_28.pkl,barabasi_albert,affinity_modified,0.5666666666666667,0.43333333333333335,0.014397216167992373,0.20876989570080795
barabasi_albert_29.pkl,barabasi_albert,baseline,0.43333333333333335,0.43333333333333335,0.05,1.7410789563381064
barabasi_albert_29.pkl,barabasi_albert,affinity_modified,0.48333333333333334,0.48333333333333334,-0.018553139034094814,0.20159757086348218
barabasi_albert_3.pkl,barabasi_albert,baseline,0.4,0.5166666666666667,-0.45,2.0864778528679557
barabasi_albert_3.pkl,barabasi_albert,affinity_modified,0.4666666666666667,0.5333333333333333,-0.04100832921887919,0.26148704341791595
barabasi_albert_4.pkl,barabasi_albert,baseline,0.38333333333333336,0.43333333333333335,-0.5166666666666667,2.2661224005916534
barabasi_albert_4.pkl,barabasi_albert,affinity_modified,0.4666666666666667,0.5,-0.06207914787319832,0.24448964926588063
barabasi_albert_5.pkl,barabasi_albert,baseline,0.4,0.38333333333333336,0.03333333333333333,2.1310192251251765
barabasi_albert_5.pkl,barabasi_albert,affinity_modified,0.48333333333333334,0.5166666666666667,-0.013753040625411472,0.2186688349124981
barabasi_albert_6.pkl,barabasi_albert,baseline,0.5,0.36666666666666664,0.6666666666666666,2.3911323937192988
barabasi_albert_6.pkl,barabasi_albert,affinity_modified,0.5666666666666667,0.4166666666666667,0.04570781537049792,0.2246749524617417
barabasi_albert_7.pkl,barabasi_albert,baseline,0.35,0.4166666666666667,0.06666666666666667,1.6658755184400345
barabasi_albert_7.pkl,barabasi_albert,affinity_modified,0.4666666666666667,0.5,0.008352715323950596,0.16461605750328168
barabasi_albert_8.pkl,barabasi_albert,baseline,0.21666666666666667,0.6166666666666667,-1.0833333333333333,1.8346169107035801
barabasi_albert_8.pkl,barabasi_albert,affinity_modified,0.26666666666666666,0.7333333333333333,-0.08888287980827769,0.18232316694614864
barabasi_albert_9.pkl,barabasi_albert,baseline,0.36666666666666664,0.38333333333333336,-0.03333333333333333,1.4953789459833904
barabasi_albert_9.pkl,barabasi_albert,affinity_modified,0.43333333333333335,0.5666666666666667,-0.03603791620100741,0.17535699136979654
planted_partition_0.pkl,planted_partition,baseline,0.3,0.45,-0.25,1.4097120754229284
planted_partition_0.pkl,planted_partition,affinity_modified,0.4166666666666667,0.5833333333333334,-0.0627876876173128,0.25049944789540035
planted_partition_1.pkl,planted_partition,baseline,0.4666666666666667,0.3333333333333333,0.4166666666666667,1.720185905076134
planted_partition_1.pkl,planted_partition,affinity_modified,0.5,0.5,0.05525247010257625,0.2433750722686443
planted_partition_10.pkl,planted_partition,baseline,0.35,0.38333333333333336,-0.016666666666666666,1.2553838857357427
planted_partition_10.pkl,planted_partition,affinity_modified,0.43333333333333335,0.5166666666666667,-0.027293451624544694,0.2195803910933439
planted_partition_11.pkl,planted_partition,baseline,0.45,0.4,-0.18333333333333332,2.0460103108465497
planted_partition_11.pkl,planted_partition,affinity_modified,0.5,0.45,-0.028308790851816448,0.31881668843259425
planted_partition_12.pkl,planted_partition,baseline,0.38333333333333336,0.4666666666666667,-0.13333333333333333,1.863718414268533
planted_partition_12.pkl,planted_partition,affinity_modified,0.43333333333333335,0.5166666666666667,-0.029152228550249976,0.3247543956025928
planted_partition_13.pkl,planted_partition,baseline,0.38333333333333336,0.35,0.11666666666666667,1.7378309748577798
planted_partition_13.pkl,planted_partition,affinity_modified,0.4666666666666667,0.45,0.034143758985743254,0.27529814078757936
planted_partition_14.pkl,planted_partition,baseline,0.23333333333333334,0.45,-0.35,1.5050761566406319
planted_partition_14.pkl,planted_partition,affinity_modified,0.35,0.55,-0.054674495837620185,0.2856833984129822
planted_partition_15.pkl,planted_partition,baseline,0.43333333333333335,0.3,0.3333333333333333,1.5909347712359814
planted_partition_15.pkl,planted_partition,affinity_modified,0.5833333333333334,0.35,0.041054888982522186,0.25182845079928734
planted_partition_16.pkl,planted_partition,baseline,0.6,0.2,0.7,1.4297089901830264
planted_partition_16.pkl,planted_partition,affinity_modified,0.6833333333333333,0.26666666666666666,0.11356358049743728,0.23111155518283133
planted_partition_17.pkl,planted_partition,baseline,0.3,0.4166666666666667,-0.2,1.6135023490867542
planted_partition_17.pkl,planted_partition,affinity_modified,0.35,0.5666666666666667,-0.01711173733652937,0.2796759670930839
planted_partition_18.pkl,planted_partition,baseline,0.3,0.4166666666666667,-0.11666666666666667,1.391154461037047
planted_partition_18.pkl,planted_partition,affinity_modified,0.43333333333333335,0.5166666666666667,-0.02272925662312725,0.24510890569306693
planted_partition_19.pkl,planted_partition,baseline,0.4666666666666667,0.3333333333333333,0.23333333333333334,1.5334315861421828
planted_partition_19.pkl,planted_partition,affinity_modified,0.6166666666666667,0.3333333333333333,0.043622812681062585,0.24348116598433844
planted_partition_2.pkl,planted_partition,baseline,0.5166666666666667,0.2833333333333333,0.35,1.744968553939379
planted_partition_2.pkl,planted_partition,affinity_modified,0.5833333333333334,0.38333333333333336,0.032350408101170555,0.3300761482096958
planted_partition_20.pkl,planted_partition,baseline,0.38333333333333336,0.48333333333333334,-0.13333333333333333,1.7989325146014776
planted_partition_20.pkl,planted_partition,affinity_modified,0.45,0.5166666666666667,-0.0422714513254661,0.30818711358877593
planted_partition_21.pkl,planted_partition,baseline,0.6333333333333333,0.18333333333333332,0.6333333333333333,1.9568797947430103
planted_partition_21.pkl,planted_partition,affinity_modified,0.7,0.26666666666666666,0.09361226491285564,0.27906402146899817
planted_partition_22.pkl,planted_partition,baseline,0.4,0.3,0.18333333333333332,1.731969259000948
planted_partition_22.pkl,planted_partition,affinity_modified,0.55,0.3333333333333333,0.05072606158620161,0.25965912255100804
planted_partition_23.pkl,planted_partition,baseline,0.45,0.3,0.3333333333333333,1.5909347712359811
planted_partition_23.pkl,planted_partition,affinity_modified,0.5666666666666667,0.35,0.05975422379386994,0.26860065236466657
planted_partition_24.pkl,planted_partition,baseline,0.16666666666666666,0.5666666666666667,-0.6,1.3044902894442094
planted_partition_24.pkl,planted_partition,affinity_modified,0.26666666666666666,0.7166666666666667,-0.12560688904817047,0.23029998331450083
planted_partition_25.pkl,planted_partition,baseline,0.38333333333333336,0.38333333333333336,0.06666666666666667,1.5608197179976924
planted_partition_25.pkl,planted_partition,affinity_modified,0.5166666666666667,0.4666666666666667,0.002172203404272466,0.2319276968210668
planted_partition_26.pkl,planted_partition,baseline,0.35,0.4166666666666667,-0.23333333333333334,1.6194440002842014
planted_partition_26.pkl,planted_partition,affinity_modified,0.4,0.5166666666666667,-0.030186609073117883,0.2659265417707573
planted_partition_27.pkl,planted_partition,baseline,0.43333333333333335,0.25,0.3,1.7495762198751281
planted_partition_27.pkl,planted_partition,affinity_modified,0.5166666666666667,0.4166666666666667,0.05334044905757836,0.29914395308760944
planted_partition_28.pkl,planted_partition,baseline,0.4,0.36666666666666664,-0.05,1.5883580691809398
planted_partition_28.pkl,planted_partition,affinity_modified,0.4666666666666667,0.48333333333333334,-0.00950277581385753,0.248991267471629
planted_partition_29.pkl,planted_partition,baseline,0.3333333333333333,0.3333333333333333,-0.016666666666666666,1.6311757916536265
planted_partition_29.pkl,planted_partition,affinity_modified,0.38333333333333336,0.45,-0.0021703448924270674,0.2857989974213055
planted_partition_3.pkl,planted_partition,baseline,0.45,0.2833333333333333,0.3333333333333333,1.694124109141695
planted_partition_3.pkl,planted_partition,affinity_modified,0.5,0.4,0.04621577769658292,0.2903859733511657
planted_partition_4.pkl,planted_partition,baseline,0.25,0.4,-0.3333333333333333,1.5802452788231762
planted_partition_4.pkl,planted_partition,affinity_modified,0.3,0.65,-0.08417426180511191,0.2747472565024514
planted_partition_5.pkl,planted_partition,baseline,0.31666666666666665,0.45,-0.05,1.8265926414956624
planted_partition_5.pkl,planted_partition,affinity_modified,0.38333333333333336,0.5666666666666667,-0.01598731160540865,0.28669134544964026
planted_partition_6.pkl,planted_partition,baseline,0.45,0.21666666666666667,0.48333333333333334,1.6823275509544997
planted_partition_6.pkl,planted_partition,affinity_modified,0.5166666666666667,0.4,0.06133719567114705,0.2763350237783189
planted_partition_7.pkl,planted_partition,baseline,0.48333333333333334,0.3333333333333333,0.2,1.4473822073789937
planted_partition_7.pkl,planted_partition,affinity_modified,0.5666666666666667,0.35,0.06853396508093468,0.2558306007748971
planted_partition_8.pkl,planted_partition,baseline,0.2833333333333333,0.5,-0.3,1.6702785721174107
planted_partition_8.pkl,planted_partition,affinity_modified,0.35,0.6,-0.05076213232854769,0.27903199388967714
planted_partition_9.pkl,planted_partition,baseline,0.45,0.3333333333333333,0.2,1.9380227561589236
planted_partition_9.pkl,planted_partition,affinity_modified,0.55,0.38333333333333336,0.050151666499574074,0.3205814291565234
random_regular_0.pkl,random_regular,baseline,0.45,0.36666666666666664,0.2,1.972694964693937
random_regular_0.pkl,random_regular,affinity_modified,0.45,0.36666666666666664,0.01990074380420026,0.1962904854810496
random_regular_1.pkl,random_regular,baseline,0.3333333333333333,0.43333333333333335,-0.4,2.4988132776600516
random_regular_1.pkl,random_regular,affinity_modified,0.3333333333333333,0.43333333333333335,-0.03980148760840052,0.2486412142662331
random_regular_10.pkl,random_regular,baseline,0.38333333333333336,0.5166666666666667,-0.4666666666666667,2.212956199576245
random_regular_10.pkl,random_regular,affinity_modified,0.38333333333333336,0.5166666666666667,-0.04643506887646728,0.22019737188841756
random_regular_11.pkl,random_regular,baseline,0.43333333333333335,0.35,0.4666666666666667,1.8818190502418415
random_regular_11.pkl,random_regular,affinity_modified,0.43333333333333335,0.35,0.04643506887646728,0.18724799402363176
random_regular_12.pkl,random_regular,baseline,0.36666666666666664,0.3,0.13333333333333333,1.7120378051689404
random_regular_12.pkl,random_regular,affinity_modified,0.36666666666666664,0.3,0.013267162536133506,0.17035412871886205
random_regular_13.pkl,random_regular,baseline,0.43333333333333335,0.4,0.06666666666666667,1.9033126043970015
random_regular_13.pkl,random_regular,affinity_modified,0.43333333333333335,0.4,0.006633581268066753,0.18938668259704944
random_regular_14.pkl,random_regular,baseline,0.3,0.55,-0.4666666666666667,1.8454402503235168
random_regular_14.pkl,random_regular,affinity_modified,0.3,0.55,-0.04643506887646728,0.1836281681382375
random_regular_15.pkl,random_regular,baseline,0.43333333333333335,0.4166666666666667,0.26666666666666666,2.615900963933334
random_regular_15.pkl,random_regular,affinity_modified,0.43333333333333335,0.4166666666666667,0.026534325072267013,0.2602918745019889
random_regular_16.pkl,random_regular,baseline,0.25,0.5333333333333333,-0.9333333333333333,2.2912262031768695
random_regular_16.pkl,random_regular,affinity_modified,0.25,0.5333333333333333,-0.09287013775293455,0.22798552833446686
random_regular_17.pkl,random_regular,baseline,0.55,0.2833333333333333,0.6666666666666666,1.8288337180732375
random_regular_17.pkl,random_regular,affinity_modified,0.55,0.2833333333333333,0.06633581268066753,0.18197575641929253
random_regular_18.pkl,random_regular,baseline,0.31666666666666665,0.5333333333333333,-0.4666666666666667,1.9438444056678834
random_regular_18.pkl,random_regular,affinity_modified,0.31666666666666665,0.5333333333333333,-0.04643506887646728,0.19341974756212238
random_regular_19.pkl,random_regular,baseline,0.48333333333333334,0.48333333333333334,-0.26666666666666666,2.8095881033942436
random_regular_19.pkl,random_regular,affinity_modified,0.48333333333333334,0.48333333333333334,-0.026534325072267013,0.2795644652048888
random_regular_2.pkl,random_regular,baseline,0.3333333333333333,0.5,-0.4,1.8973665961010275
random_regular_2.pkl,random_regular,affinity_modified,0.3333333333333333,0.5,-0.03980148760840052,0.1887950326582703
random_regular_20.pkl,random_regular,baseline,0.4666666666666667,0.43333333333333335,0.13333333333333333,2.094922567774702
random_regular_20.pkl,random_regular,affinity_modified,0.4666666666666667,0.43333333333333335,0.013267162536133506,0.20845258655460852
random_regular_21.pkl,random_regular,baseline,0.4,0.4,0.3333333333333333,2.0224726154452597
random_regular_21.pkl,random_regular,affinity_modified,0.4,0.4,0.033167906340333765,0.2012435468549347
random_regular_22.pkl,random_regular,baseline,0.4666666666666667,0.35,0.13333333333333333,2.07050854857388
random_regular_22.pkl,random_regular,affinity_modified,0.4666666666666667,0.35,0.013267162536133506,0.20602330084787654
random_regular_23.pkl,random_regular,baseline,0.5,0.26666666666666666,0.6,1.796418282045637
random_regular_23.pkl,random_regular,affinity_modified,0.5,0.26666666666666666,0.05970223141260078,0.17875029998085892
random_regular_24.pkl,random_regular,baseline,0.4666666666666667,0.3333333333333333,0.13333333333333333,1.7894859281384834
random_regular_24.pkl,random_regular,affinity_modified,0.4666666666666667,0.3333333333333333,0.013267162536133506,0.17806050498552742
random_regular_25.pkl,random_regular,baseline,0.25,0.45,-0.4666666666666667,1.7799892083720348
random_regular_25.pkl,random_regular,affinity_modified,0.25,0.45,-0.04643506887646728,0.17711554605026553
random_regular_26.pkl,random_regular,baseline,0.45,0.3333333333333333,0.5333333333333333,2.1898584945125332
random_regular_26.pkl,random_regular,affinity_modified,0.45,0.3333333333333333,0.053068650144534026,0.2178990643337281
random_regular_27.pkl,random_regular,baseline,0.38333333333333336,0.45,-0.3333333333333333,2.2297424542824174
random_regular_27.pkl,random_regular,affinity_modified,0.38333333333333336,0.45,-0.033167906340333765,0.22186766666011548
random_regular_28.pkl,random_regular,baseline,0.43333333333333335,0.36666666666666664,0.2,2.0402724975862365
random_regular_28.pkl,random_regular,affinity_modified,0.43333333333333335,0.36666666666666664,0.01990074380420026,0.20301470132609745
random_regular_29.pkl,random_regular,baseline,0.36666666666666664,0.5,-0.3333333333333333,2.0056417601497274
random_regular_29.pkl,random_regular,affinity_modified,0.36666666666666664,0.5,-0.033167906340333765,0.199568814158725
random_regular_3.pkl,random_regular,baseline,0.23333333333333334,0.5666666666666667,-0.7333333333333333,1.9298429431719917
random_regular_3.pkl,random_regular,affinity_modified,0.23333333333333334,0.5666666666666667,-0.07296939394873429,0.192026549972048
random_regular_4.pkl,random_regular,baseline,0.3333333333333333,0.43333333333333335,-0.3333333333333333,1.9971731434634685
random_regular_4.pkl,random_regular,affinity_modified,0.3333333333333333,0.43333333333333335,-0.033167906340333765,0.19872615530347887
random_regular_5.pkl,random_regular,baseline,0.3333333333333333,0.5,-0.8,2.4342193263577463
random_regular_5.pkl,random_regular,affinity_modified,0.3333333333333333,0.5,-0.07960297521680104,0.24221387588539223
random_regular_6.pkl,random_regular,baseline,0.5,0.38333333333333336,0.5333333333333333,2.410898043993373
random_regular_6.pkl,random_regular,affinity_modified,0.5,0.38333333333333336,0.053068650144534026,0.2398933215577983
random_regular_7.pkl,random_regular,baseline,0.2833333333333333,0.48333333333333334,-0.6666666666666666,2.063949370902716
random_regular_7.pkl,random_regular,affinity_modified,0.2833333333333333,0.48333333333333334,-0.06633581268066753,0.2053706382758763
random_regular_8.pkl,random_regular,baseline,0.5,0.3333333333333333,0.26666666666666666,2.1142508122678207
random_regular_8.pkl,random_regular,affinity_modified,0.5,0.3333333333333333,0.026534325072267013,0.21037581876382105
random_regular_9.pkl,random_regular,baseline,0.4,0.5,-0.26666666666666666,2.2160177037372324
random_regular_9.pkl,random_regular,affinity_modified,0.4,0.5,-0.026534325072267013,0.22050200293823405
watts_strogatz_0.pkl,watts_strogatz,baseline,0.6,0.1,0.7,0.9075950713612992
watts_strogatz_0.pkl,watts_strogatz,affinity_modified,0.7666666666666667,0.21666666666666667,0.06705824724127088,0.08770489906373838
watts_strogatz_1.pkl,watts_strogatz,baseline,0.45,0.08333333333333333,0.5,0.9655068046526178
watts_strogatz_1.pkl,watts_strogatz,affinity_modified,0.6833333333333333,0.26666666666666666,0.049551183736952706,0.09789696397029937
watts_strogatz_10.pkl,watts_strogatz,baseline,0.6333333333333333,0.1,0.7833333333333333,1.0750114964567237
watts_strogatz_10.pkl,watts_strogatz,affinity_modified,0.7333333333333333,0.23333333333333334,0.0782662257554873,0.10645940935496127
watts_strogatz_11.pkl,watts_strogatz,baseline,0.5833333333333334,0.13333333333333333,0.55,1.0958318564575127
watts_strogatz_11.pkl,watts_strogatz,affinity_modified,0.7833333333333333,0.2,0.056758337029095426,0.10832159268522674
watts_strogatz_12.pkl,watts_strogatz,baseline,0.6333333333333333,0.08333333333333333,0.8166666666666667,1.127343760705784
watts_strogatz_12.pkl,watts_strogatz,affinity_modified,0.7833333333333333,0.18333333333333332,0.07904899597411183,0.10716019126521598
watts_strogatz_13.pkl,watts_strogatz,baseline,0.5666666666666667,0.15,0.5666666666666667,0.9977375536626355
watts_strogatz_13.pkl,watts_strogatz,affinity_modified,0.7,0.2833333333333333,0.05472166901004769,0.09890833382387401
watts_strogatz_14.pkl,watts_strogatz,baseline,0.7333333333333333,0.05,0.9333333333333333,0.8804210600263109
watts_strogatz_14.pkl,watts_strogatz,affinity_modified,0.85,0.13333333333333333,0.09253687026011974,0.08859664251004468
watts_strogatz_15.pkl,watts_strogatz,baseline,0.48333333333333334,0.15,0.38333333333333336,0.9222607937841727
watts_strogatz_15.pkl,watts_strogatz,affinity_modified,0.6833333333333333,0.25,0.03727931876793586,0.09414455695065269
watts_strogatz_16.pkl,watts_strogatz,baseline,0.6333333333333333,0.06666666666666667,0.7833333333333333,0.8847419745789847
watts_strogatz_16.pkl,watts_strogatz,affinity_modified,0.75,0.21666666666666667,0.0740519030975245,0.08546652723123888
watts_strogatz_17.pkl,watts_strogatz,baseline,0.5,0.25,0.36666666666666664,1.3272459911048722
watts_strogatz_17.pkl,watts_strogatz,affinity_modified,0.5833333333333334,0.4,0.03556743412791429,0.1330383714062028
watts_strogatz_18.pkl,watts_strogatz,baseline,0.55,0.1,0.6333333333333333,1.0245572283305087
watts_strogatz_18.pkl,watts_strogatz,affinity_modified,0.7666666666666667,0.18333333333333332,0.06333346877418009,0.10126423264036381
watts_strogatz_19.pkl,watts_strogatz,baseline,0.65,0.08333333333333333,0.8,0.9880643635111419
watts_strogatz_19.pkl,watts_strogatz,affinity_modified,0.7833333333333333,0.15,0.08157886516100253,0.09749866424028199
watts_strogatz_2.pkl,watts_strogatz,baseline,0.5,0.11666666666666667,0.5,1.0496165562976973
watts_strogatz_2.pkl,watts_strogatz,affinity_modified,0.7333333333333333,0.23333333333333334,0.05238851151688474,0.10514146560876478
watts_strogatz_20.pkl,watts_strogatz,baseline,0.5333333333333333,0.16666666666666666,0.6166666666666667,1.1802278818547476
watts_strogatz_20.pkl,watts_strogatz,affinity_modified,0.6666666666666666,0.26666666666666666,0.05841431434118718,0.11271359615307111
watts_strogatz_21.pkl,watts_strogatz,baseline,0.4666666666666667,0.23333333333333334,0.25,1.067628450573783
watts_strogatz_21.pkl,watts_strogatz,affinity_modified,0.6666666666666666,0.31666666666666665,0.0274192564302678,0.10693268610484401
watts_strogatz_22.pkl,watts_strogatz,baseline,0.5833333333333334,0.1,0.7166666666666667,1.0591276657841482
watts_strogatz_22.pkl,watts_strogatz,affinity_modified,0.7,0.23333333333333334,0.06991020555417578,0.10383029251127106
watts_strogatz_23.pkl,watts_strogatz,baseline,0.55,0.13333333333333333,0.5166666666666667,1.0494819814453848
watts_strogatz_23.pkl,watts_strogatz,affinity_modified,0.7166666666666667,0.25,0.051422421082404905,0.1008025898814034
watts_strogatz_24.pkl,watts_strogatz,baseline,0.6,0.08333333333333333,0.7166666666666667,1.00997846371848
watts_strogatz_24.pkl,watts_strogatz,affinity_modified,0.7,0.2,0.07044600883577416,0.09873576729225494
watts_strogatz_25.pkl,watts_strogatz,baseline,0.5833333333333334,0.1,0.6333333333333333,1.007878568598196
watts_strogatz_25.pkl,watts_strogatz,affinity_modified,0.7,0.26666666666666666,0.06068547276647867,0.09888946627943408
watts_strogatz_26.pkl,watts_strogatz,baseline,0.5333333333333333,0.11666666666666667,0.5166666666666667,0.9827610131865977
watts_strogatz_26.pkl,watts_strogatz,affinity_modified,0.7,0.25,0.054252670850113795,0.100406153992799
watts_strogatz_27.pkl,watts_strogatz,baseline,0.6,0.06666666666666667,0.6166666666666667,0.958311839601757
watts_strogatz_27.pkl,watts_strogatz,affinity_modified,0.7166666666666667,0.21666666666666667,0.05902007338630142,0.1020757370659419
watts_strogatz_28.pkl,watts_strogatz,baseline,0.5,0.15,0.5166666666666667,1.0655096125625882
watts_strogatz_28.pkl,watts_strogatz,affinity_modified,0.6833333333333333,0.3,0.050811167677368256,0.10337047928619283
watts_strogatz_29.pkl,watts_strogatz,baseline,0.5166666666666667,0.2,0.4,1.060859900653031
watts_strogatz_29.pkl,watts_strogatz,affinity_modified,0.6333333333333333,0.3333333333333333,0.037962908284183784,0.10489369622737002
watts_strogatz_3.pkl,watts_strogatz,baseline,0.5166666666666667,0.11666666666666667,0.5833333333333334,1.062323431656446
watts_strogatz_3.pkl,watts_strogatz,affinity_modified,0.6333333333333333,0.3333333333333333,0.05666245812737761,0.10389797782285921
watts_strogatz_4.pkl,watts_strogatz,baseline,0.6166666666666667,0.1,0.7833333333333333,1.0430019690032386
watts_strogatz_4.pkl,watts_strogatz,affinity_modified,0.7333333333333333,0.2,0.07612879412832806,0.10292453714153763
watts_strogatz_5.pkl,watts_strogatz,baseline,0.5666666666666667,0.11666666666666667,0.5666666666666667,1.094929247256267
watts_strogatz_5.pkl,watts_strogatz,affinity_modified,0.6833333333333333,0.2833333333333333,0.05678616667653908,0.11024069826793338
watts_strogatz_6.pkl,watts_strogatz,baseline,0.6333333333333333,0.03333333333333333,0.7833333333333333,0.9758380434301841
watts_strogatz_6.pkl,watts_strogatz,affinity_modified,0.9,0.1,0.08066830741831552,0.09599937230994872
watts_strogatz_7.pkl,watts_strogatz,baseline,0.6,0.11666666666666667,0.7333333333333333,1.0714581647782877
watts_strogatz_7.pkl,watts_strogatz,affinity_modified,0.7,0.26666666666666666,0.07171449969941719,0.10753977849101362
watts_strogatz_8.pkl,watts_strogatz,baseline,0.48333333333333334,0.18333333333333332,0.4666666666666667,1.2414680575242796
watts_strogatz_8.pkl,watts_strogatz,affinity_modified,0.6666666666666666,0.3,0.04444693153811083,0.11828270824268645
watts_strogatz_9.pkl,watts_strogatz,baseline,0.48333333333333334,0.13333333333333333,0.4166666666666667,1.0299196392325163
watts_strogatz_9.pkl,watts_strogatz,affinity_modified,0.6666666666666666,0.3,0.04058525356241418,0.09790752522101033
