,correlation
initial_slope,-0.9786638110015796
transitivity,0.9134914520382547
clustering,0.9081057569453039
modularity,0.7731674933140642
communities,-0.7097579911417872
accepted_total,0.6558422826970374
acceptance_max,0.6499795119669823
final_edgecut,-0.6236831317225757
acceptance_mean,0.6038286469270716
avg_path,0.6010895821176021
assortativity,0.4255856465428235
diameter,0.41120943318855263
degree_gini,-0.37995809653877083
hub_ratio,-0.3590374829218512
degree_std,-0.32640640304344154
max_degree,-0.30653556906315843
density,0.25783521505077955
edges,0.2578352150507789
avg_degree,0.2578352150507759
core_number,0.20473363427965485
initial_edgecut,-0.11322113061232122
plateau_iteration,-0.08627076362451404
runtime,-0.08220185074911783
last_accept_iteration,-0.07756091873914699
active_iterations,-0.06760096968228248
rejected_total,0.06442940728580064
nodes,
spectral_radius,
algebraic_connectivity,
