family,configuration,plateau,active,improvement,acceptance,runtime
barabasi_albert,affinity,4.9,4.933333333333334,89.93333333333334,0.00858805758148294,11.07144649028778
barabasi_albert,affinity_periodic,28.666666666666668,12.2,82.86666666666666,0.004325550467929858,35.478464142481485
barabasi_albert,affinity_reactive,33.06666666666667,16.3,109.96666666666667,0.009629503337875786,30.24189565976461
barabasi_albert,baseline,3.2,3.2,61.233333333333334,0.005727944134996086,7.500562469164531
barabasi_albert,periodic,29.7,13.833333333333334,72.16666666666667,0.0029334964035539184,25.45035653114319
barabasi_albert,reactive,39.56666666666667,19.366666666666667,112.0,0.006522740008465097,23.09507861932119
planted_partition,affinity,5.366666666666666,5.3,98.4,0.008552100647555202,7.309622939427694
planted_partition,affinity_periodic,32.5,14.833333333333334,122.03333333333333,0.004699645453539239,22.138276505470277
planted_partition,affinity_reactive,35.3,19.266666666666666,135.46666666666667,0.009946343229886755,18.52595109939575
planted_partition,baseline,3.9,3.9,70.63333333333334,0.005514669273399664,6.33482993443807
planted_partition,periodic,23.8,13.533333333333333,96.4,0.002999603497497945,18.443953967094423
planted_partition,reactive,30.7,16.966666666666665,113.66666666666667,0.006344042239212281,16.608403420448305
random_regular,affinity,3.8333333333333335,3.8333333333333335,76.13333333333334,0.005661837091323676,12.573219823837281
random_regular,affinity_periodic,26.2,10.033333333333333,75.8,0.0027952637796743677,38.257319402694705
random_regular,affinity_reactive,27.666666666666668,13.1,101.16666666666667,0.006149793024066092,34.04755792617798
random_regular,baseline,3.8333333333333335,3.8333333333333335,76.13333333333334,0.005661837091323676,9.531513396898905
random_regular,periodic,26.2,10.033333333333333,75.8,0.0027952637796743677,28.947791330019633
random_regular,reactive,27.666666666666668,13.1,101.16666666666667,0.006149793024066092,25.931807947158813
watts_strogatz,affinity,4.133333333333334,4.133333333333334,350.7,0.010786499598313034,9.358027108510335
watts_strogatz,affinity_periodic,20.4,6.666666666666667,255.46666666666667,0.005193757167641317,27.17444529533386
watts_strogatz,affinity_reactive,20.466666666666665,9.766666666666667,381.56666666666666,0.011207896583334011,24.94039703210195
watts_strogatz,baseline,4.0,4.0,351.4,0.009267029745104124,7.667038981119791
watts_strogatz,periodic,17.633333333333333,6.9,258.1,0.00431854455530095,23.652247929573058
watts_strogatz,reactive,18.6,10.8,405.3333333333333,0.009797206966594136,21.494773944218952
