model,rank,feature,importance
DecisionTree,1,cost_after5,0.19450999510833278
DecisionTree,2,avg_path,0.12749217100508714
DecisionTree,3,assortativity,0.11943932604106404
DecisionTree,4,early_acceptance_max,0.1178486297795683
DecisionTree,5,modularity,0.09738355044610143
DecisionTree,6,early_acceptance_min,0.09201391911286912
DecisionTree,7,early_edgecut_slope,0.09156866570818477
DecisionTree,8,clustering,0.08493041136090396
DecisionTree,9,early_acceptance_mean,0.037723710872738105
DecisionTree,10,runtime_baseline,0.037089620565150354
DecisionTree,11,nodes,0.0
DecisionTree,12,edges,0.0
DecisionTree,13,core_number,0.0
DecisionTree,14,transitivity,0.0
DecisionTree,15,hub_ratio,0.0
DecisionTree,16,degree_gini,0.0
DecisionTree,17,max_degree,0.0
DecisionTree,18,degree_std,0.0
DecisionTree,19,density,0.0
DecisionTree,20,avg_degree,0.0
DecisionTree,21,early_acceptance_std,0.0
DecisionTree,22,communities,0.0
DecisionTree,23,spectral_radius,0.0
DecisionTree,24,algebraic_connectivity,0.0
DecisionTree,25,diameter,0.0
DecisionTree,26,early_cost_slope,0.0
DecisionTree,27,edgecut_after5,0.0
DecisionTree,28,plateau_iteration,0.0
RandomForest,1,modularity,0.06541894931563731
RandomForest,2,early_acceptance_std,0.06470483835335542
RandomForest,3,clustering,0.06360861552391643
RandomForest,4,edgecut_after5,0.06144209788636079
RandomForest,5,runtime_baseline,0.060586503395099744
RandomForest,6,cost_after5,0.05955653370924833
RandomForest,7,avg_path,0.05736529483932272
RandomForest,8,early_acceptance_max,0.05571708145631876
RandomForest,9,early_edgecut_slope,0.0539027524514414
RandomForest,10,early_cost_slope,0.049757136346294605
RandomForest,11,transitivity,0.04949860487629065
RandomForest,12,early_acceptance_min,0.047247322552212076
RandomForest,13,early_acceptance_mean,0.046775344324108625
RandomForest,14,assortativity,0.03906774345200004
RandomForest,15,degree_gini,0.03848561880674111
RandomForest,16,degree_std,0.03416255763241767
RandomForest,17,hub_ratio,0.02938600220264002
RandomForest,18,plateau_iteration,0.026857789729007746
RandomForest,19,max_degree,0.023016202762953335
RandomForest,20,communities,0.022377354719235368
RandomForest,21,density,0.013016895458236814
RandomForest,22,edges,0.011781730456635655
RandomForest,23,diameter,0.011094839307946325
RandomForest,24,avg_degree,0.011001965672445182
RandomForest,25,core_number,0.00417022477013378
RandomForest,26,nodes,0.0
RandomForest,27,spectral_radius,0.0
RandomForest,28,algebraic_connectivity,0.0
ExtraTrees,1,modularity,0.05993632530902466
ExtraTrees,2,early_acceptance_std,0.05945848772914946
ExtraTrees,3,runtime_baseline,0.05549336066573046
ExtraTrees,4,early_acceptance_max,0.05429713842517498
ExtraTrees,5,cost_after5,0.05349910107063753
ExtraTrees,6,edgecut_after5,0.05295829752806944
ExtraTrees,7,clustering,0.052255738553094185
ExtraTrees,8,early_edgecut_slope,0.051254479760407465
ExtraTrees,9,avg_path,0.05120389420878816
ExtraTrees,10,early_cost_slope,0.050503162573577745
ExtraTrees,11,transitivity,0.04792073389518238
ExtraTrees,12,early_acceptance_min,0.047667175270322
ExtraTrees,13,plateau_iteration,0.04476186833537018
ExtraTrees,14,early_acceptance_mean,0.04434563887919009
ExtraTrees,15,communities,0.04018662954288009
ExtraTrees,16,degree_std,0.03571195534445097
ExtraTrees,17,assortativity,0.03547783126378822
ExtraTrees,18,degree_gini,0.0343766733955245
ExtraTrees,19,hub_ratio,0.03311149731775807
ExtraTrees,20,max_degree,0.031782277194225626
ExtraTrees,21,diameter,0.01606177922478463
ExtraTrees,22,edges,0.014390261071584422
ExtraTrees,23,avg_degree,0.014029382018630696
ExtraTrees,24,density,0.013210830713368335
ExtraTrees,25,core_number,0.006105480709285615
ExtraTrees,26,nodes,0.0
ExtraTrees,27,spectral_radius,0.0
ExtraTrees,28,algebraic_connectivity,0.0
GradientBoosting,1,modularity,0.10236599069019954
GradientBoosting,2,runtime_baseline,0.09059903381790839
GradientBoosting,3,clustering,0.08593609185130004
GradientBoosting,4,early_acceptance_min,0.08429868340101945
GradientBoosting,5,avg_path,0.0719664918929079
GradientBoosting,6,early_acceptance_std,0.07175474564913635
GradientBoosting,7,edgecut_after5,0.056799649794540365
GradientBoosting,8,assortativity,0.054519038272479066
GradientBoosting,9,early_acceptance_max,0.04492719674400929
GradientBoosting,10,cost_after5,0.04024609488079251
GradientBoosting,11,transitivity,0.039897623585067384
GradientBoosting,12,hub_ratio,0.03375323100214329
GradientBoosting,13,early_cost_slope,0.033383833329576125
GradientBoosting,14,early_edgecut_slope,0.033252106037829576
GradientBoosting,15,max_degree,0.02212832759030832
GradientBoosting,16,plateau_iteration,0.02028120166781894
GradientBoosting,17,early_acceptance_mean,0.019542973148532053
GradientBoosting,18,degree_gini,0.01911210256801264
GradientBoosting,19,communities,0.0190075879681137
GradientBoosting,20,avg_degree,0.013635522275251099
GradientBoosting,21,degree_std,0.0126106703063934
GradientBoosting,22,edges,0.012357291549851436
GradientBoosting,23,density,0.011298782048017897
GradientBoosting,24,diameter,0.0038407258466695666
GradientBoosting,25,core_number,0.0024850040821217142
GradientBoosting,26,nodes,0.0
GradientBoosting,27,spectral_radius,0.0
GradientBoosting,28,algebraic_connectivity,0.0
