graph,family,variant,moves,improving,worsening,neutral,mean_gain,median_gain,std_gain,best_gain,worst_gain
barabasi_albert_0.pkl,barabasi_albert,baseline,120,49,41,30,0.08333333333333333,0.0,2.2137209002242435,7.0,-7.0
barabasi_albert_0.pkl,barabasi_albert,affinity_modified,120,65,54,1,0.0068448166129717455,0.016972289391162576,0.19706260645092608,0.624792766713739,-0.44093927991794146
barabasi_albert_1.pkl,barabasi_albert,baseline,120,34,57,29,-0.4166666666666667,0.0,2.2326203970973246,5.0,-5.0
barabasi_albert_1.pkl,barabasi_albert,affinity_modified,120,49,66,5,-0.021965105481807374,-0.02159601480846618,0.20846657999426227,0.5784252679489299,-0.48529811866161765
barabasi_albert_10.pkl,barabasi_albert,baseline,120,58,35,27,0.6,0.0,2.291379533832671,13.0,-5.0
barabasi_albert_10.pkl,barabasi_albert,affinity_modified,120,67,51,2,0.04983522688291586,0.04219780306029719,0.22423540063975686,0.9209185973389538,-0.5297026234530477
barabasi_albert_11.pkl,barabasi_albert,baseline,120,34,62,24,-0.7416666666666667,-1.0,2.217182076091952,5.0,-9.0
barabasi_albert_11.pkl,barabasi_albert,affinity_modified,120,47,73,0,-0.06907125552494324,-0.07744915296148491,0.214088985859327,0.4263625383992604,-0.6392118139267069
barabasi_albert_12.pkl,barabasi_albert,baseline,120,44,48,28,-0.03333333333333333,0.0,2.2859943805974785,5.0,-8.0
barabasi_albert_12.pkl,barabasi_albert,affinity_modified,120,57,61,2,0.01096727245357414,-0.00843355807491264,0.20895474821248036,0.5568026988205901,-0.6309678060201946
barabasi_albert_13.pkl,barabasi_albert,baseline,120,51,47,22,0.125,0.0,2.194578882288863,6.0,-6.0
barabasi_albert_13.pkl,barabasi_albert,affinity_modified,120,63,55,2,0.017297588722012473,0.021617985606162904,0.22060501931837911,0.5679239218642778,-0.44522102256384244
barabasi_albert_14.pkl,barabasi_albert,baseline,120,45,51,24,0.09166666666666666,0.0,2.592801389929249,7.0,-6.0
barabasi_albert_14.pkl,barabasi_albert,affinity_modified,120,55,63,2,-0.0006223493996600383,-0.0303943599730232,0.2557536147385543,0.6127833062851948,-0.5626228910393394
barabasi_albert_15.pkl,barabasi_albert,baseline,120,57,43,20,0.21666666666666667,0.0,2.398120178839431,6.0,-6.0
barabasi_albert_15.pkl,barabasi_albert,affinity_modified,120,61,58,1,0.01668934322857242,0.00895695127720586,0.2249405091221838,0.5776418627931577,-0.5828069650989107
barabasi_albert_16.pkl,barabasi_albert,baseline,120,45,60,15,-0.4,-0.5,2.5185029566901727,8.0,-6.0
barabasi_albert_16.pkl,barabasi_albert,affinity_modified,120,49,70,1,-0.0414310362497923,-0.07753051068901584,0.23354897872984268,0.3978474058823309,-0.5739559169818875
barabasi_albert_17.pkl,barabasi_albert,baseline,120,50,51,19,0.025,0.0,2.178822826106571,5.0,-6.0
barabasi_albert_17.pkl,barabasi_albert,affinity_modified,120,57,62,1,-0.002874179482476791,-0.0036834457826486755,0.21662387263293661,0.5872241514810383,-0.5072653329362993
barabasi_albert_18.pkl,barabasi_albert,baseline,120,57,41,22,0.075,0.0,2.3945403586934515,6.0,-6.0
barabasi_albert_18.pkl,barabasi_albert,affinity_modified,120,69,50,1,0.029091501679835357,0.04434424551185856,0.21722427207055453,0.4708787232649172,-0.47317561851318146
barabasi_albert_19.pkl,barabasi_albert,baseline,120,48,59,13,-0.35,0.0,2.859893633798057,8.0,-10.0
barabasi_albert_19.pkl,barabasi_albert,affinity_modified,120,52,66,2,-0.03529092371070312,-0.03257167130620786,0.2572847037391214,0.5012388989566432,-0.6680070756513032
barabasi_albert_2.pkl,barabasi_albert,baseline,120,50,47,23,0.15,0.0,2.2996163362869133,7.0,-6.0
barabasi_albert_2.pkl,barabasi_albert,affinity_modified,120,57,59,4,-0.0024738877714785444,0.0,0.2156779896131485,0.47448921433655755,-0.5798952388216492
barabasi_albert_20.pkl,barabasi_albert,baseline,120,40,51,29,0.008333333333333333,0.0,2.1123718531400613,7.0,-5.0
barabasi_albert_20.pkl,barabasi_albert,affinity_modified,120,65,55,0,0.0051363421535253195,0.020762331018524094,0.19857322773236366,0.652197558613608,-0.4658809072899288
barabasi_albert_21.pkl,barabasi_albert,baseline,120,57,43,20,0.09166666666666666,0.0,2.275170446411453,6.0,-5.0
barabasi_albert_21.pkl,barabasi_albert,affinity_modified,120,72,48,0,0.02049089741546896,0.05605196421246461,0.21769343049728956,0.664147745279891,-0.48308978405047753
barabasi_albert_22.pkl,barabasi_albert,baseline,120,51,43,26,0.125,0.0,2.088634711476182,4.0,-7.0
barabasi_albert_22.pkl,barabasi_albert,affinity_modified,120,60,58,2,0.018318038147520473,0.004045014992236418,0.20566513475795448,0.500643148284766,-0.4196413997256201
barabasi_albert_23.pkl,barabasi_albert,baseline,120,55,36,29,0.2833333333333333,0.0,2.5640806937227167,10.0,-11.0
barabasi_albert_23.pkl,barabasi_albert,affinity_modified,120,71,48,1,0.04924577547010441,0.06026035115745998,0.19443314445264856,0.5991419377733536,-0.5096466785749385
barabasi_albert_24.pkl,barabasi_albert,baseline,120,60,41,19,0.425,0.5,2.0769341496987512,5.0,-6.0
barabasi_albert_24.pkl,barabasi_albert,affinity_modified,120,77,41,2,0.07104740013611952,0.06946475112240336,0.19888692834875155,0.5826440607113881,-0.3767278096518112
barabasi_albert_25.pkl,barabasi_albert,baseline,120,63,38,19,0.5333333333333333,1.0,2.169046312267653,9.0,-5.0
barabasi_albert_25.pkl,barabasi_albert,affinity_modified,120,67,50,3,0.04891822356662464,0.033771679809234456,0.2188295692679413,0.6826485190078699,-0.4148709169172946
barabasi_albert_26.pkl,barabasi_albert,baseline,120,44,51,25,0.075,0.0,2.5243769511696623,7.0,-8.0
barabasi_albert_26.pkl,barabasi_albert,affinity_modified,120,57,62,1,0.004057159972215393,-0.03117790610983917,0.23515939727398125,0.5504756450445427,-0.4812965449433335
barabasi_albert_27.pkl,barabasi_albert,baseline,120,63,33,24,0.4,1.0,2.272968665560933,7.0,-9.0
barabasi_albert_27.pkl,barabasi_albert,affinity_modified,120,67,52,1,0.033155868390437486,0.03682667329631073,0.22410365290077433,0.6544540650249644,-0.587594900438333
barabasi_albert_28.pkl,barabasi_albert,baseline,120,52,44,24,0.058333333333333334,0.0,2.3809320727425227,9.0,-7.0
barabasi_albert_28.pkl,barabasi_albert,affinity_modified,120,62,56,2,0.006373035294186261,0.009786578999360529,0.21679874013945982,0.5823618422514016,-0.5133981859741823
barabasi_albert_29.pkl,barabasi_albert,baseline,120,48,49,23,-0.1,0.0,2.2092243591151086,7.0,-6.0
barabasi_albert_29.pkl,barabasi_albert,affinity_modified,120,62,58,0,-0.0026418075667508606,0.014189467091604513,0.21776436946830444,0.44762338786482303,-0.5514718837339245
barabasi_albert_3.pkl,barabasi_albert,baseline,120,35,67,18,-0.475,-1.0,2.1652818241862333,6.0,-5.0
barabasi_albert_3.pkl,barabasi_albert,affinity_modified,120,47,72,1,-0.05600126118509365,-0.06290390385092337,0.2115442237776673,0.35407797759056336,-0.6150093448357552
barabasi_albert_4.pkl,barabasi_albert,baseline,120,51,44,25,0.26666666666666666,0.0,2.0650486120932174,7.0,-4.0
barabasi_albert_4.pkl,barabasi_albert,affinity_modified,120,63,56,1,0.019183323549200063,0.020684165177854652,0.21094137538569305,0.5350223082963339,-0.4449344375708648
barabasi_albert_5.pkl,barabasi_albert,baseline,120,53,44,23,0.125,0.0,2.4099321793867348,6.0,-6.0
barabasi_albert_5.pkl,barabasi_albert,affinity_modified,120,59,57,4,0.008687688353360557,0.0,0.2362367561116554,0.5630047565464622,-0.5845079294443849
barabasi_albert_6.pkl,barabasi_albert,baseline,120,51,44,25,0.05,0.0,1.9909458923382344,5.0,-6.0
barabasi_albert_6.pkl,barabasi_albert,affinity_modified,120,64,56,0,0.014527826364778324,0.014305971881256596,0.18110389243880773,0.6315473741566393,-0.35651336706783354
barabasi_albert_7.pkl,barabasi_albert,baseline,120,51,46,23,0.016666666666666666,0.0,2.61856119750867,7.0,-7.0
barabasi_albert_7.pkl,barabasi_albert,affinity_modified,120,60,58,2,-0.013288361729924248,0.000562270212995486,0.24605349885624822,0.5186181377726626,-0.6517005054868719
barabasi_albert_8.pkl,barabasi_albert,baseline,120,48,47,25,0.075,0.0,2.193046689314344,5.0,-6.0
barabasi_albert_8.pkl,barabasi_albert,affinity_modified,120,56,61,3,0.006178874370318136,-0.012072762462906894,0.20861346451374038,0.6842194244298838,-0.41715790979247913
barabasi_albert_9.pkl,barabasi_albert,baseline,120,55,46,19,0.225,0.0,2.1633404763944863,6.0,-5.0
barabasi_albert_9.pkl,barabasi_albert,affinity_modified,120,61,58,1,0.009899084195163018,0.0069014028942362415,0.22477512317413248,0.6513124761707161,-0.5492767534727108
planted_partition_0.pkl,planted_partition,baseline,120,62,36,22,0.4166666666666667,1.0,1.5206330688144294,4.0,-3.0
planted_partition_0.pkl,planted_partition,affinity_modified,120,66,45,9,0.05115101302829205,0.07529473219260296,0.23775271847466026,0.6696456443043104,-0.41981457646265596
planted_partition_1.pkl,planted_partition,baseline,120,50,42,28,0.175,0.0,1.653427811974797,4.0,-4.0
planted_partition_1.pkl,planted_partition,affinity_modified,120,62,51,7,0.023380603660785346,0.013457370131021662,0.27047021580365804,0.7587902326141034,-0.6321138350795934
planted_partition_10.pkl,planted_partition,baseline,120,47,40,33,0.18333333333333332,0.0,1.700140050253564,5.0,-4.0
planted_partition_10.pkl,planted_partition,affinity_modified,120,59,51,10,0.04427678280528274,0.0,0.27827223897283704,0.883982051113847,-0.6653195877410383
planted_partition_11.pkl,planted_partition,baseline,120,48,50,22,-0.21666666666666667,0.0,1.875016339798084,3.0,-5.0
planted_partition_11.pkl,planted_partition,affinity_modified,120,60,57,3,-0.03155824876703856,0.008107508757476012,0.2732345004763953,0.4569554001393925,-0.760204717318345
planted_partition_12.pkl,planted_partition,baseline,120,42,53,25,-0.20833333333333334,0.0,1.6082551395340028,3.0,-5.0
planted_partition_12.pkl,planted_partition,affinity_modified,120,56,58,6,-0.029942638356824248,0.0,0.2661526661267775,0.5180648883356866,-0.8138629246659548
planted_partition_13.pkl,planted_partition,baseline,120,54,38,28,0.24166666666666667,0.0,1.5062660903751388,6.0,-3.0
planted_partition_13.pkl,planted_partition,affinity_modified,120,68,46,6,0.04757890252161185,0.05636040401975606,0.25465674034608626,0.8263240468112798,-0.4472135954999601
planted_partition_14.pkl,planted_partition,baseline,120,40,49,31,-0.15,0.0,1.799392988218644,5.0,-4.0
planted_partition_14.pkl,planted_partition,affinity_modified,120,55,56,9,-0.00781492819345336,0.0,0.28782026338207173,0.8216052476245608,-0.6098009877091783
planted_partition_15.pkl,planted_partition,baseline,120,51,38,31,0.26666666666666666,0.0,1.565023871986608,6.0,-4.0
planted_partition_15.pkl,planted_partition,affinity_modified,120,60,49,11,0.027576453197763584,0.005886148292766791,0.25952867045056277,0.7221526182562599,-0.658607676978221
planted_partition_16.pkl,planted_partition,baseline,120,60,35,25,0.425,0.5,1.476211936231471,5.0,-3.0
planted_partition_16.pkl,planted_partition,affinity_modified,120,68,46,6,0.06331912526286866,0.05740917431571546,0.2508362246873943,0.7955105787272743,-0.5662277660168087
planted_partition_17.pkl,planted_partition,baseline,120,42,51,27,-0.13333333333333333,0.0,1.7629870247111066,5.0,-4.0
planted_partition_17.pkl,planted_partition,affinity_modified,120,53,59,8,-0.01206102436948484,0.0,0.30153580339400704,0.7910252793438843,-0.7819801321769972
planted_partition_18.pkl,planted_partition,baseline,120,43,45,32,-0.1,0.0,1.6520931464980668,5.0,-4.0
planted_partition_18.pkl,planted_partition,affinity_modified,120,55,59,6,-0.006235087271270719,0.0,0.2771263279477825,0.7231452848409532,-0.6243916521246149
planted_partition_19.pkl,planted_partition,baseline,120,37,58,25,-0.35,0.0,1.606970112098066,4.0,-4.0
planted_partition_19.pkl,planted_partition,affinity_modified,120,48,67,5,-0.06764923818812628,-0.06258877098648696,0.27986224658527437,0.5686388188758968,-0.7521259264937612
planted_partition_2.pkl,planted_partition,baseline,120,49,49,22,0.06666666666666667,0.0,1.9085536489216972,6.0,-3.0
planted_partition_2.pkl,planted_partition,affinity_modified,120,56,52,12,-0.0015575512706560582,0.0,0.33174634981475015,0.9389262369015938,-0.6630454362896785
planted_partition_20.pkl,planted_partition,baseline,120,50,41,29,-0.03333333333333333,0.0,1.8100249932502248,4.0,-5.0
planted_partition_20.pkl,planted_partition,affinity_modified,120,64,50,6,0.0038674504155162973,0.025842967598023847,0.2929835329416317,0.5755502401484165,-0.9631717703618392
planted_partition_21.pkl,planted_partition,baseline,120,41,47,32,-0.06666666666666667,0.0,1.673989515008545,6.0,-5.0
planted_partition_21.pkl,planted_partition,affinity_modified,120,57,56,7,-0.025713468048315608,0.0,0.2781012086405674,0.7048284836722019,-0.7345768015861722
planted_partition_22.pkl,planted_partition,baseline,120,40,46,34,0.16666666666666666,0.0,1.7166183942520814,5.0,-4.0
planted_partition_22.pkl,planted_partition,affinity_modified,120,55,59,6,0.02286061229075737,0.0,0.25559365513329013,0.832571945789681,-0.503462636870907
planted_partition_23.pkl,planted_partition,baseline,120,45,47,28,-0.008333333333333333,0.0,1.621783608509203,4.0,-3.0
planted_partition_23.pkl,planted_partition,affinity_modified,120,56,59,5,-0.0016240621001331354,0.0,0.27390779588161274,0.7158453699519498,-0.5728404285552813
planted_partition_24.pkl,planted_partition,baseline,120,28,42,50,-0.09166666666666666,0.0,1.3409881803058101,5.0,-4.0
planted_partition_24.pkl,planted_partition,affinity_modified,120,49,63,8,-0.025967063251813846,-0.009816828885618634,0.211767488864009,0.7822171453790219,-0.52721939245653
planted_partition_25.pkl,planted_partition,baseline,120,46,47,27,0.03333333333333333,0.0,1.6998928949618373,6.0,-4.0
planted_partition_25.pkl,planted_partition,affinity_modified,120,59,56,5,0.0019776326867457783,0.0,0.2715891692368456,0.6800568410582883,-0.6393600025218831
planted_partition_26.pkl,planted_partition,baseline,120,40,49,31,-0.11666666666666667,0.0,1.7060610357496242,4.0,-4.0
planted_partition_26.pkl,planted_partition,affinity_modified,120,56,61,3,-0.027869522153721484,-0.005562944439553519,0.26358164414087787,0.5901497078975808,-0.6367823095065148
planted_partition_27.pkl,planted_partition,baseline,120,57,44,19,0.125,0.0,1.7323540112136628,4.0,-3.0
planted_partition_27.pkl,planted_partition,affinity_modified,120,63,52,5,0.014773932411817962,0.02313248806486712,0.29052380267340927,0.7082599956953715,-0.6104501605123573
planted_partition_28.pkl,planted_partition,baseline,120,40,44,36,-0.15,0.0,1.4987389657291752,4.0,-5.0
planted_partition_28.pkl,planted_partition,affinity_modified,120,53,58,9,-0.01569668580299428,0.0,0.24743189730818493,0.657073481690972,-0.6139263013904355
planted_partition_29.pkl,planted_partition,baseline,120,39,49,32,-0.075,0.0,1.68114856696298,5.0,-4.0
planted_partition_29.pkl,planted_partition,affinity_modified,120,51,62,7,-0.02521704578608611,-0.016104277945025558,0.2908598908725047,0.7351023202336364,-0.6763946248652815
planted_partition_3.pkl,planted_partition,baseline,120,53,41,26,0.16666666666666666,0.0,1.6820022748679815,5.0,-6.0
planted_partition_3.pkl,planted_partition,affinity_modified,120,62,52,6,0.027352353850252815,0.010041287900484974,0.26658638679514807,0.7071067811865532,-0.7520532764038279
planted_partition_4.pkl,planted_partition,baseline,120,48,42,30,0.125,0.0,1.6324570335499047,5.0,-3.0
planted_partition_4.pkl,planted_partition,affinity_modified,120,60,49,11,0.013159350107475138,0.0040085851822482255,0.2764045704006649,0.7124635182022274,-0.6127828018048547
planted_partition_5.pkl,planted_partition,baseline,120,41,53,26,-0.025,0.0,1.7074355432793888,4.0,-4.0
planted_partition_5.pkl,planted_partition,affinity_modified,120,51,64,5,-0.01894894666802346,-0.02646136367758345,0.2724518426274918,0.6525871846496898,-0.541676737362522
planted_partition_6.pkl,planted_partition,baseline,120,56,32,32,0.44166666666666665,0.0,1.7953995053339802,6.0,-5.0
planted_partition_6.pkl,planted_partition,affinity_modified,120,64,50,6,0.057674671799256554,0.018217890235987966,0.2841036011600803,0.7653195326727058,-0.638937282056375
planted_partition_7.pkl,planted_partition,baseline,120,53,39,28,0.15,0.0,1.7663997472902024,4.0,-5.0
planted_partition_7.pkl,planted_partition,affinity_modified,120,63,49,8,0.02174188156781168,0.01125525031449115,0.28305245566625026,0.5740776559557048,-0.5767940835421825
planted_partition_8.pkl,planted_partition,baseline,120,42,50,28,-0.11666666666666667,0.0,1.6812527008923148,6.0,-4.0
planted_partition_8.pkl,planted_partition,affinity_modified,120,57,57,6,-0.008665637704609234,0.0,0.27017421675240794,0.9951165653565539,-0.6127828018048689
planted_partition_9.pkl,planted_partition,baseline,120,45,46,29,0.09166666666666666,0.0,1.629537405788141,4.0,-4.0
planted_partition_9.pkl,planted_partition,affinity_modified,120,53,59,8,0.022453754421127313,0.0,0.27235352910365085,0.6603805915150076,-0.5095089507183275
random_regular_0.pkl,random_regular,baseline,120,42,50,28,-0.1,0.0,2.100020007907888,6.0,-6.0
random_regular_0.pkl,random_regular,affinity_modified,120,42,50,28,-0.00995037190210013,0.0,0.2089598008053474,0.5970223141260078,-0.5970223141260078
random_regular_1.pkl,random_regular,baseline,120,59,43,18,0.36666666666666664,0.0,2.188331674634191,6.0,-5.0
random_regular_1.pkl,random_regular,affinity_modified,120,59,43,18,0.036484696974367146,0.0,0.2177471400775578,0.5970223141260078,-0.4975185951050065
random_regular_10.pkl,random_regular,baseline,120,57,44,19,0.16666666666666666,0.0,2.151151082651369,5.0,-5.0
random_regular_10.pkl,random_regular,affinity_modified,120,57,44,19,0.016583953170166883,0.0,0.21404753289986458,0.4975185951050065,-0.4975185951050065
random_regular_11.pkl,random_regular,baseline,120,54,46,20,0.1,0.0,1.984816313495868,5.0,-5.0
random_regular_11.pkl,random_regular,affinity_modified,120,54,46,20,0.00995037190210013,0.0,0.19749660476639247,0.4975185951050065,-0.4975185951050065
random_regular_12.pkl,random_regular,baseline,120,46,52,22,0.06666666666666667,0.0,2.109336322137358,6.0,-5.0
random_regular_12.pkl,random_regular,affinity_modified,120,46,52,22,0.006633581268066753,0.0,0.20988680871874793,0.5970223141260078,-0.4975185951050065
random_regular_13.pkl,random_regular,baseline,120,59,33,28,0.5666666666666667,0.0,1.917339426442401,5.0,-4.0
random_regular_13.pkl,random_regular,affinity_modified,120,59,33,28,0.05638544077856741,0.0,0.19078240355661247,0.4975185951050065,-0.3980148760840052
random_regular_14.pkl,random_regular,baseline,120,49,41,30,0.1,0.0,2.119933406279269,6.0,-6.0
random_regular_14.pkl,random_regular,affinity_modified,120,49,41,30,0.00995037190210013,0.0,0.21094125800164656,0.5970223141260078,-0.5970223141260078
random_regular_15.pkl,random_regular,baseline,120,42,54,24,-0.26666666666666666,0.0,2.1448916578908213,5.0,-5.0
random_regular_15.pkl,random_regular,affinity_modified,120,42,54,24,-0.026534325072267013,0.0,0.21342469685725796,0.4975185951050065,-0.4975185951050065
random_regular_16.pkl,random_regular,baseline,120,42,64,14,-0.36666666666666664,-1.0,2.180637996740663,5.0,-5.0
random_regular_16.pkl,random_regular,affinity_modified,120,42,64,14,-0.036484696974367146,-0.0995037190210013,0.21698159051420207,0.4975185951050065,-0.4975185951050065
random_regular_17.pkl,random_regular,baseline,120,46,54,20,-0.23333333333333334,0.0,2.140970224314332,5.0,-5.0
random_regular_17.pkl,random_regular,affinity_modified,120,46,54,20,-0.02321753443823364,0.0,0.21303449963250337,0.4975185951050065,-0.4975185951050065
random_regular_18.pkl,random_regular,baseline,120,38,66,16,-0.5666666666666667,-1.0,2.1566131762921374,4.0,-5.0
random_regular_18.pkl,random_regular,affinity_modified,120,38,66,16,-0.05638544077856741,-0.0995037190210013,0.214591031530762,0.3980148760840052,-0.4975185951050065
random_regular_19.pkl,random_regular,baseline,120,46,61,13,-0.26666666666666666,-1.0,2.7247182672442194,7.0,-6.0
random_regular_19.pkl,random_regular,affinity_modified,120,46,61,13,-0.026534325072267013,-0.0995037190210013,0.2711196008752584,0.6965260331470091,-0.5970223141260078
random_regular_2.pkl,random_regular,baseline,120,48,50,22,-0.16666666666666666,0.0,2.3490864783811523,5.0,-7.0
random_regular_2.pkl,random_regular,affinity_modified,120,48,50,22,-0.016583953170166883,0.0,0.2337428409008717,0.4975185951050065,-0.6965260331470091
random_regular_20.pkl,random_regular,baseline,120,47,54,19,-0.16666666666666666,0.0,2.3130369767953143,6.0,-6.0
random_regular_20.pkl,random_regular,affinity_modified,120,47,54,19,-0.016583953170166883,0.0,0.2301557814242273,0.5970223141260078,-0.5970223141260078
random_regular_21.pkl,random_regular,baseline,120,53,43,24,0.06666666666666667,0.0,2.2180820442855746,5.0,-7.0
random_regular_21.pkl,random_regular,affinity_modified,120,53,43,24,0.006633581268066753,0.0,0.22070741250011996,0.4975185951050065,-0.6965260331470091
random_regular_22.pkl,random_regular,baseline,120,54,42,24,0.3,0.0,1.9515130953556366,5.0,-4.0
random_regular_22.pkl,random_regular,affinity_modified,120,54,42,24,0.02985111570630039,0.0,0.19418281070607177,0.4975185951050065,-0.3980148760840052
random_regular_23.pkl,random_regular,baseline,120,48,51,21,0.03333333333333333,0.0,2.114111583411539,6.0,-5.0
random_regular_23.pkl,random_regular,affinity_modified,120,48,51,21,0.0033167906340333766,0.0,0.21036196497482595,0.5970223141260078,-0.4975185951050065
random_regular_24.pkl,random_regular,baseline,120,46,50,24,-0.16666666666666666,0.0,2.220354023302482,6.0,-6.0
random_regular_24.pkl,random_regular,affinity_modified,120,46,50,24,-0.016583953170166883,0.0,0.22093348286183992,0.5970223141260078,-0.5970223141260078
random_regular_25.pkl,random_regular,baseline,120,53,43,24,0.23333333333333334,0.0,1.9946707709779672,6.0,-4.0
random_regular_25.pkl,random_regular,affinity_modified,120,53,43,24,0.02321753443823364,0.0,0.19847715993479567,0.5970223141260078,-0.3980148760840052
random_regular_26.pkl,random_regular,baseline,120,55,45,20,0.1,0.0,1.9974774007198566,5.0,-5.0
random_regular_26.pkl,random_regular,affinity_modified,120,55,45,20,0.00995037190210013,0.0,0.19875643003202864,0.4975185951050065,-0.4975185951050065
random_regular_27.pkl,random_regular,baseline,120,52,50,18,0.06666666666666667,0.0,2.26679848026684,5.0,-5.0
random_regular_27.pkl,random_regular,affinity_modified,120,52,50,18,0.006633581268066753,0.0,0.22555487905770444,0.4975185951050065,-0.4975185951050065
random_regular_28.pkl,random_regular,baseline,120,57,44,19,0.26666666666666666,0.0,1.9819917549088368,5.0,-4.0
random_regular_28.pkl,random_regular,affinity_modified,120,57,44,19,0.026534325072267013,0.0,0.19721555068239016,0.4975185951050065,-0.3980148760840052
random_regular_29.pkl,random_regular,baseline,120,56,46,18,0.13333333333333333,0.0,2.122046472745825,5.0,-4.0
random_regular_29.pkl,random_regular,affinity_modified,120,56,46,18,0.013267162536133506,0.0,0.21115151597360746,0.4975185951050065,-0.3980148760840052
random_regular_3.pkl,random_regular,baseline,120,38,59,23,-0.36666666666666664,0.0,2.078029663626861,5.0,-6.0
random_regular_3.pkl,random_regular,affinity_modified,120,38,59,23,-0.036484696974367146,0.0,0.20677167976683303,0.4975185951050065,-0.5970223141260078
random_regular_4.pkl,random_regular,baseline,120,55,52,13,0.0,0.0,2.43917605595266,7.0,-5.0
random_regular_4.pkl,random_regular,affinity_modified,120,55,52,13,0.0,0.0,0.24270708891426762,0.6965260331470091,-0.4975185951050065
random_regular_5.pkl,random_regular,baseline,120,40,68,12,-0.5666666666666667,-1.0,2.5162775405476294,5.0,-5.0
random_regular_5.pkl,random_regular,affinity_modified,120,40,68,12,-0.05638544077856741,-0.0995037190210013,0.2503789733735075,0.4975185951050065,-0.4975185951050065
random_regular_6.pkl,random_regular,baseline,120,49,50,21,-0.13333333333333333,0.0,2.2264012992041753,5.0,-6.0
random_regular_6.pkl,random_regular,affinity_modified,120,49,50,21,-0.013267162536133506,0.0,0.2215352093040045,0.4975185951050065,-0.5970223141260078
random_regular_7.pkl,random_regular,baseline,120,46,50,24,-0.1,0.0,2.2618502131119604,6.0,-6.0
random_regular_7.pkl,random_regular,affinity_modified,120,46,50,24,-0.00995037190210013,0.0,0.22506250807308442,0.5970223141260078,-0.5970223141260078
random_regular_8.pkl,random_regular,baseline,120,45,56,19,0.0,0.0,2.3443119074320573,7.0,-5.0
random_regular_8.pkl,random_regular,affinity_modified,120,45,56,19,0.0,0.0,0.23326775333470706,0.6965260331470091,-0.4975185951050065
random_regular_9.pkl,random_regular,baseline,120,55,43,22,0.13333333333333333,0.0,2.456113392577566,6.0,-7.0
random_regular_9.pkl,random_regular,affinity_modified,120,55,43,22,0.013267162536133506,0.0,0.24439241689875638,0.5970223141260078,-0.6965260331470091
watts_strogatz_0.pkl,watts_strogatz,baseline,120,72,16,32,0.6416666666666667,1.0,1.0108307036712891,3.0,-2.0
watts_strogatz_0.pkl,watts_strogatz,affinity_modified,120,84,34,2,0.06474540331301597,0.09391765130520469,0.10068766191149378,0.2885984729660436,-0.19114965513554694
watts_strogatz_1.pkl,watts_strogatz,baseline,120,72,10,38,0.6,1.0,0.7603625848923669,2.0,-1.0
watts_strogatz_1.pkl,watts_strogatz,affinity_modified,120,88,25,7,0.06152142865289226,0.09370002297593771,0.07735519757657933,0.22815225830724728,-0.10482848367219333
watts_strogatz_10.pkl,watts_strogatz,baseline,120,72,10,38,0.7333333333333333,1.0,0.9591078954852124,3.0,-2.0
watts_strogatz_10.pkl,watts_strogatz,affinity_modified,120,90,27,3,0.07231706784286669,0.08988164031384827,0.09737676087623838,0.31374860581112785,-0.19272481060309588
watts_strogatz_11.pkl,watts_strogatz,baseline,120,70,15,35,0.675,1.0,1.0624412984278435,4.0,-2.0
watts_strogatz_11.pkl,watts_strogatz,affinity_modified,120,82,33,5,0.06598642602581392,0.09097998699014909,0.10430543739957893,0.3848323285263433,-0.22186963086832634
watts_strogatz_12.pkl,watts_strogatz,baseline,120,64,17,39,0.5416666666666666,1.0,1.106860450112122,3.0,-3.0
watts_strogatz_12.pkl,watts_strogatz,affinity_modified,120,77,36,7,0.05218605801395088,0.08557940399403918,0.11033211384362475,0.29491579957525005,-0.3152600097470497
watts_strogatz_13.pkl,watts_strogatz,baseline,120,78,8,34,0.7083333333333334,1.0,0.803310726462245,2.0,-2.0
watts_strogatz_13.pkl,watts_strogatz,affinity_modified,120,92,22,6,0.0709218973938358,0.09090909090909349,0.08161133279574345,0.2230409351967637,-0.18687412468710818
watts_strogatz_14.pkl,watts_strogatz,baseline,120,62,21,37,0.5416666666666666,1.0,1.106860450112122,3.0,-3.0
watts_strogatz_14.pkl,watts_strogatz,affinity_modified,120,79,35,6,0.05414968581150177,0.0839719214979624,0.11051406345565236,0.31448545101658,-0.3006111121943036
watts_strogatz_15.pkl,watts_strogatz,baseline,120,66,11,43,0.7,1.0,1.000839983348441,3.0,-2.0
watts_strogatz_15.pkl,watts_strogatz,affinity_modified,120,80,33,7,0.06917713501155316,0.08580361906378187,0.10003535141413633,0.28924631899622,-0.1990074380420026
watts_strogatz_16.pkl,watts_strogatz,baseline,120,62,15,43,0.5416666666666666,1.0,0.9692397898910895,3.0,-2.0
watts_strogatz_16.pkl,watts_strogatz,affinity_modified,120,80,31,9,0.053116579824423124,0.07580715009365946,0.09458979339396476,0.29145133361839726,-0.20753440451400706
watts_strogatz_17.pkl,watts_strogatz,baseline,120,74,9,37,0.8333333333333334,1.0,1.0398232989297744,3.0,-2.0
watts_strogatz_17.pkl,watts_strogatz,affinity_modified,120,89,26,5,0.08285401348834161,0.09568693587685573,0.10140302639799689,0.3055306297073628,-0.1898315991504944
watts_strogatz_18.pkl,watts_strogatz,baseline,120,59,14,47,0.5333333333333333,0.0,0.943205096647456,4.0,-1.0
watts_strogatz_18.pkl,watts_strogatz,affinity_modified,120,83,29,8,0.052752410186024314,0.02342407166398175,0.09195720595249991,0.3854515456177552,-0.11569903055686837
watts_strogatz_19.pkl,watts_strogatz,baseline,120,70,15,35,0.6666666666666666,1.0,1.1101770116512408,4.0,-2.0
watts_strogatz_19.pkl,watts_strogatz,affinity_modified,120,84,27,9,0.06837908875275976,0.0946563785862864,0.11041376360763061,0.42491697709142784,-0.18671099695241367
watts_strogatz_2.pkl,watts_strogatz,baseline,120,64,18,38,0.6166666666666667,1.0,1.1315441471117003,3.0,-2.0
watts_strogatz_2.pkl,watts_strogatz,affinity_modified,120,84,34,2,0.06284121277475616,0.08363691950381735,0.11241253293605001,0.3346177606026828,-0.20965696734438666
watts_strogatz_20.pkl,watts_strogatz,baseline,120,66,14,40,0.5833333333333334,1.0,1.0418417219853828,3.0,-3.0
watts_strogatz_20.pkl,watts_strogatz,affinity_modified,120,83,33,4,0.058324127735444264,0.08789632693088834,0.10251432709446298,0.3268058169101522,-0.28036734519301376
watts_strogatz_21.pkl,watts_strogatz,baseline,120,67,20,33,0.5666666666666667,1.0,1.1576078880212262,3.0,-3.0
watts_strogatz_21.pkl,watts_strogatz,affinity_modified,120,79,37,4,0.05512289977704192,0.08695757999425524,0.11524771658387528,0.3085097649698696,-0.30482848367218196
watts_strogatz_22.pkl,watts_strogatz,baseline,120,68,14,38,0.575,1.0,0.8950142010985452,3.0,-2.0
watts_strogatz_22.pkl,watts_strogatz,affinity_modified,120,80,38,2,0.05422081118223012,0.08510539486404411,0.08969672920230727,0.2952412936022881,-0.18813689115731336
watts_strogatz_23.pkl,watts_strogatz,baseline,120,82,12,26,0.8833333333333333,1.0,1.1090410221427873,4.0,-2.0
watts_strogatz_23.pkl,watts_strogatz,affinity_modified,120,92,26,2,0.08735895658813178,0.09908743908276563,0.11051269990746798,0.3854515456177694,-0.23091548601838952
watts_strogatz_24.pkl,watts_strogatz,baseline,120,64,17,39,0.475,1.0,0.8978265071687236,2.0,-2.0
watts_strogatz_24.pkl,watts_strogatz,affinity_modified,120,76,40,4,0.04576709300874905,0.08500311547830819,0.08962811999447998,0.22747267327099507,-0.2035953574877567
watts_strogatz_25.pkl,watts_strogatz,baseline,120,64,14,42,0.5333333333333333,1.0,1.052674332022834,3.0,-3.0
watts_strogatz_25.pkl,watts_strogatz,affinity_modified,120,81,30,9,0.05342829722781926,0.0813491443063512,0.10452950125456784,0.2985111570629897,-0.30383592171419593
watts_strogatz_26.pkl,watts_strogatz,baseline,120,66,12,42,0.55,1.0,0.8778315529155453,3.0,-2.0
watts_strogatz_26.pkl,watts_strogatz,affinity_modified,120,88,28,4,0.05368097721117546,0.08217360062837997,0.08855840553307462,0.3045727669196481,-0.23230115694315145
watts_strogatz_27.pkl,watts_strogatz,baseline,120,76,14,30,0.7666666666666667,1.0,1.1429971902987393,4.0,-3.0
watts_strogatz_27.pkl,watts_strogatz,affinity_modified,120,86,32,2,0.07660491175968656,0.09665657448657328,0.11339373313964149,0.40682526679125885,-0.2893353181714957
watts_strogatz_28.pkl,watts_strogatz,baseline,120,70,16,34,0.6583333333333333,1.0,1.08848698732168,4.0,-2.0
watts_strogatz_28.pkl,watts_strogatz,affinity_modified,120,84,35,1,0.0644708510256103,0.0882647495336073,0.10871297602449405,0.388839037192497,-0.20892012213893452
watts_strogatz_29.pkl,watts_strogatz,baseline,120,73,9,38,0.7333333333333333,1.0,0.9142506996096283,4.0,-1.0
watts_strogatz_29.pkl,watts_strogatz,affinity_modified,120,86,28,6,0.07276964487406481,0.08971131703727053,0.09066541306611053,0.36269828861267683,-0.11557628259838282
watts_strogatz_3.pkl,watts_strogatz,baseline,120,76,11,33,0.825,1.0,1.0742400088614534,4.0,-2.0
watts_strogatz_3.pkl,watts_strogatz,affinity_modified,120,89,29,2,0.08058104669724576,0.09043181308599912,0.1069436203878333,0.4323011569431543,-0.21043152607484217
watts_strogatz_4.pkl,watts_strogatz,baseline,120,71,18,31,0.7,1.0,1.1782339725698148,4.0,-3.0
watts_strogatz_4.pkl,watts_strogatz,affinity_modified,120,83,35,2,0.06997557253598062,0.09504365795152836,0.11845598627032357,0.39875172128945735,-0.29998484747387977
watts_strogatz_5.pkl,watts_strogatz,baseline,120,81,9,30,0.875,1.0,0.9835837406087578,3.0,-2.0
watts_strogatz_5.pkl,watts_strogatz,affinity_modified,120,91,26,3,0.08748749815930594,0.0995037190210013,0.10170554095513429,0.3261397561820871,-0.2300345225898468
watts_strogatz_6.pkl,watts_strogatz,baseline,120,65,19,36,0.5833333333333334,1.0,1.0498766100635557,4.0,-2.0
watts_strogatz_6.pkl,watts_strogatz,affinity_modified,120,81,35,4,0.05775063012554481,0.08440111415737306,0.10090294142087956,0.37598729166030864,-0.1734219939048245
watts_strogatz_7.pkl,watts_strogatz,baseline,120,77,9,34,0.825,1.0,1.0742400088614534,4.0,-2.0
watts_strogatz_7.pkl,watts_strogatz,affinity_modified,120,90,28,2,0.08066839428659733,0.09294362964300973,0.10818643540462383,0.4224807430626356,-0.21043152607484217
watts_strogatz_8.pkl,watts_strogatz,baseline,120,64,15,41,0.5916666666666667,1.0,1.0961800236538264,4.0,-3.0
watts_strogatz_8.pkl,watts_strogatz,affinity_modified,120,80,34,6,0.05840834365953652,0.08455727265681645,0.1084843694076987,0.3691853449057163,-0.28636713319365015
watts_strogatz_9.pkl,watts_strogatz,baseline,120,66,19,35,0.5166666666666667,1.0,1.1075245569546992,4.0,-3.0
watts_strogatz_9.pkl,watts_strogatz,affinity_modified,120,82,36,2,0.05017054624055604,0.08957975442459798,0.11136109221245125,0.3951272402591144,-0.3274726732709752
