iteration,weighted_cost,edge_cut,accepted,rejected,variant
0,850.0,850,149,537,baseline
1,831.0,831,12,368,baseline
2,825.0,825,5,342,baseline
3,815.0,815,8,450,baseline
4,809.0,809,6,407,baseline
5,800.0,800,8,394,baseline
6,800.0,800,0,312,baseline
7,800.0,800,0,312,baseline
8,800.0,800,0,312,baseline
9,800.0,800,0,312,baseline
10,800.0,800,0,312,baseline
11,800.0,800,0,312,baseline
12,800.0,800,0,312,baseline
13,800.0,800,0,312,baseline
14,800.0,800,0,312,baseline
15,800.0,800,0,312,baseline
16,800.0,800,0,312,baseline
17,800.0,800,0,312,baseline
18,800.0,800,0,312,baseline
19,800.0,800,0,312,baseline
20,800.0,800,0,312,baseline
21,800.0,800,0,312,baseline
22,800.0,800,0,312,baseline
23,800.0,800,0,312,baseline
24,800.0,800,0,312,baseline
25,800.0,800,0,312,baseline
26,800.0,800,0,312,baseline
27,800.0,800,0,312,baseline
28,800.0,800,0,312,baseline
29,800.0,800,0,312,baseline
30,800.0,800,0,312,baseline
31,800.0,800,0,312,baseline
32,800.0,800,0,312,baseline
33,800.0,800,0,312,baseline
34,800.0,800,0,312,baseline
35,800.0,800,0,312,baseline
36,800.0,800,0,312,baseline
37,800.0,800,0,312,baseline
38,800.0,800,0,312,baseline
39,800.0,800,0,312,baseline
40,800.0,800,0,312,baseline
41,800.0,800,0,312,baseline
42,800.0,800,0,312,baseline
43,800.0,800,0,312,baseline
44,800.0,800,0,312,baseline
45,800.0,800,0,312,baseline
46,800.0,800,0,312,baseline
47,800.0,800,0,312,baseline
48,800.0,800,0,312,baseline
49,800.0,800,0,312,baseline
0,73.37624998783329,872,178,516,affinity_modified
1,67.72272565985017,815,51,613,affinity_modified
2,65.12226809825924,799,26,618,affinity_modified
3,64.03312597581893,784,21,614,affinity_modified
4,63.45838615453396,779,7,571,affinity_modified
5,63.45738262235022,777,1,312,affinity_modified
6,63.45738262235022,777,0,312,affinity_modified
7,63.45738262235022,777,0,312,affinity_modified
8,63.45738262235022,777,0,312,affinity_modified
9,63.45738262235022,777,0,312,affinity_modified
10,63.45738262235022,777,0,312,affinity_modified
11,63.45738262235022,777,0,312,affinity_modified
12,63.45738262235022,777,0,312,affinity_modified
13,63.45738262235022,777,0,312,affinity_modified
14,63.45738262235022,777,0,312,affinity_modified
15,63.45738262235022,777,0,312,affinity_modified
16,63.45738262235022,777,0,312,affinity_modified
17,63.45738262235022,777,0,312,affinity_modified
18,63.45738262235022,777,0,312,affinity_modified
19,63.45738262235022,777,0,312,affinity_modified
20,63.45738262235022,777,0,312,affinity_modified
21,63.45738262235022,777,0,312,affinity_modified
22,63.45738262235022,777,0,312,affinity_modified
23,63.45738262235022,777,0,312,affinity_modified
24,63.45738262235022,777,0,312,affinity_modified
25,63.45738262235022,777,0,312,affinity_modified
26,63.45738262235022,777,0,312,affinity_modified
27,63.45738262235022,777,0,312,affinity_modified
28,63.45738262235022,777,0,312,affinity_modified
29,63.45738262235022,777,0,312,affinity_modified
30,63.45738262235022,777,0,312,affinity_modified
31,63.45738262235022,777,0,312,affinity_modified
32,63.45738262235022,777,0,312,affinity_modified
33,63.45738262235022,777,0,312,affinity_modified
34,63.45738262235022,777,0,312,affinity_modified
35,63.45738262235022,777,0,312,affinity_modified
36,63.45738262235022,777,0,312,affinity_modified
37,63.45738262235022,777,0,312,affinity_modified
38,63.45738262235022,777,0,312,affinity_modified
39,63.45738262235022,777,0,312,affinity_modified
40,63.45738262235022,777,0,312,affinity_modified
41,63.45738262235022,777,0,312,affinity_modified
42,63.45738262235022,777,0,312,affinity_modified
43,63.45738262235022,777,0,312,affinity_modified
44,63.45738262235022,777,0,312,affinity_modified
45,63.45738262235022,777,0,312,affinity_modified
46,63.45738262235022,777,0,312,affinity_modified
47,63.45738262235022,777,0,312,affinity_modified
48,63.45738262235022,777,0,312,affinity_modified
49,63.45738262235022,777,0,312,affinity_modified
