dataset,model,rank,feature,importance
TopologyOnly,RandomForest,1,modularity,0.1482514899045707
TopologyOnly,RandomForest,2,clustering,0.1332629574538278
TopologyOnly,RandomForest,3,avg_path,0.12917759356167266
TopologyOnly,RandomForest,4,transitivity,0.11889205539347523
TopologyOnly,RandomForest,5,assortativity,0.08012035319277434
TopologyOnly,RandomForest,6,degree_gini,0.0744945273757298
TopologyOnly,RandomForest,7,degree_std,0.07359973515432565
TopologyOnly,RandomForest,8,hub_ratio,0.059772014670980436
TopologyOnly,RandomForest,9,communities,0.05310641362484137
TopologyOnly,RandomForest,10,max_degree,0.04389206168414518
TopologyOnly,RandomForest,11,avg_degree,0.021681190275486793
TopologyOnly,RandomForest,12,edges,0.021293286222192905
TopologyOnly,RandomForest,13,density,0.02030990863901509
TopologyOnly,RandomForest,14,diameter,0.014416838578554473
TopologyOnly,RandomForest,15,core_number,0.007729574268407588
TopologyOnly,RandomForest,16,nodes,0.0
TopologyOnly,RandomForest,17,algebraic_connectivity,0.0
TopologyOnly,RandomForest,18,spectral_radius,0.0
TopologyOnly,GradientBoosting,1,modularity,0.24638202091665018
TopologyOnly,GradientBoosting,2,clustering,0.1806083776045744
TopologyOnly,GradientBoosting,3,avg_path,0.12247727784949511
TopologyOnly,GradientBoosting,4,assortativity,0.09981639380726443
TopologyOnly,GradientBoosting,5,transitivity,0.0948508096290896
TopologyOnly,GradientBoosting,6,hub_ratio,0.06985739888787773
TopologyOnly,GradientBoosting,7,degree_gini,0.059927355039932545
TopologyOnly,GradientBoosting,8,degree_std,0.042640055677311856
TopologyOnly,GradientBoosting,9,communities,0.02460320355694718
TopologyOnly,GradientBoosting,10,max_degree,0.02458459914530276
TopologyOnly,GradientBoosting,11,avg_degree,0.013247900308658245
TopologyOnly,GradientBoosting,12,diameter,0.008091092683544328
TopologyOnly,GradientBoosting,13,edges,0.006919434658691349
TopologyOnly,GradientBoosting,14,density,0.005967577809686531
TopologyOnly,GradientBoosting,15,core_number,2.650242497360363e-05
TopologyOnly,GradientBoosting,16,nodes,0.0
TopologyOnly,GradientBoosting,17,algebraic_connectivity,0.0
TopologyOnly,GradientBoosting,18,spectral_radius,0.0
WarmupScheduler,RandomForest,1,modularity,0.08271295535063856
WarmupScheduler,RandomForest,2,early_acceptance_std,0.07691435579145406
WarmupScheduler,RandomForest,3,clustering,0.07116941553578449
WarmupScheduler,RandomForest,4,avg_path,0.07095583556390293
WarmupScheduler,RandomForest,5,early_acceptance_max,0.07046426568355132
WarmupScheduler,RandomForest,6,early_cost_slope,0.06899369236664821
WarmupScheduler,RandomForest,7,early_edgecut_slope,0.06415618324846807
WarmupScheduler,RandomForest,8,transitivity,0.06392861187550652
WarmupScheduler,RandomForest,9,early_acceptance_min,0.059796121900521026
WarmupScheduler,RandomForest,10,early_acceptance_mean,0.05781868398470363
WarmupScheduler,RandomForest,11,degree_gini,0.05107581485085608
WarmupScheduler,RandomForest,12,assortativity,0.04951479274130883
WarmupScheduler,RandomForest,13,degree_std,0.04850659686388756
WarmupScheduler,RandomForest,14,hub_ratio,0.03824807215594925
WarmupScheduler,RandomForest,15,max_degree,0.028857319732252185
WarmupScheduler,RandomForest,16,communities,0.027089887665165274
WarmupScheduler,RandomForest,17,density,0.01719797443100051
WarmupScheduler,RandomForest,18,edges,0.01695191921712122
WarmupScheduler,RandomForest,19,avg_degree,0.014505191736072483
WarmupScheduler,RandomForest,20,diameter,0.013395210930217422
WarmupScheduler,RandomForest,21,core_number,0.007747098374990421
WarmupScheduler,RandomForest,22,nodes,0.0
WarmupScheduler,RandomForest,23,algebraic_connectivity,0.0
WarmupScheduler,RandomForest,24,spectral_radius,0.0
WarmupScheduler,GradientBoosting,1,early_acceptance_min,0.12191085104218563
WarmupScheduler,GradientBoosting,2,modularity,0.11681996766349995
WarmupScheduler,GradientBoosting,3,early_acceptance_std,0.11271365834186638
WarmupScheduler,GradientBoosting,4,clustering,0.10036762575954786
WarmupScheduler,GradientBoosting,5,transitivity,0.0799066198772961
WarmupScheduler,GradientBoosting,6,avg_path,0.07191671405489777
WarmupScheduler,GradientBoosting,7,hub_ratio,0.049846922835911196
WarmupScheduler,GradientBoosting,8,early_acceptance_mean,0.046378848823721
WarmupScheduler,GradientBoosting,9,early_cost_slope,0.04487110450679326
WarmupScheduler,GradientBoosting,10,assortativity,0.042623893513821946
WarmupScheduler,GradientBoosting,11,max_degree,0.03201746639805308
WarmupScheduler,GradientBoosting,12,early_acceptance_max,0.031100219727151636
WarmupScheduler,GradientBoosting,13,early_edgecut_slope,0.03022629019628278
WarmupScheduler,GradientBoosting,14,avg_degree,0.0233339082577776
WarmupScheduler,GradientBoosting,15,degree_std,0.021445096018337054
WarmupScheduler,GradientBoosting,16,degree_gini,0.02026861326539428
WarmupScheduler,GradientBoosting,17,communities,0.019165398881756068
WarmupScheduler,GradientBoosting,18,edges,0.01228753961203988
WarmupScheduler,GradientBoosting,19,diameter,0.010930085165061512
WarmupScheduler,GradientBoosting,20,density,0.01020970752141627
WarmupScheduler,GradientBoosting,21,core_number,0.001659468537188703
WarmupScheduler,GradientBoosting,22,nodes,0.0
WarmupScheduler,GradientBoosting,23,algebraic_connectivity,0.0
WarmupScheduler,GradientBoosting,24,spectral_radius,0.0
