nodes,edges,density,avg_degree,degree_std,max_degree,hub_ratio,degree_gini,clustering,transitivity,assortativity,core_number,diameter,avg_path,spectral_radius,algebraic_connectivity,communities,modularity,graph,family,early_acceptance_mean,early_acceptance_std,early_acceptance_max,early_acceptance_min,early_edgecut_slope,early_cost_slope,edgecut_after5,cost_after5,plateau_iteration,runtime_baseline,best_policy
300,1475,0.0328874024526198,9.833333333333334,8.345320252850156,65,6.610169491525423,0.3309107344632767,0.083955261700934,0.0733330489313595,-0.0559500535540142,5,4,2.6130657748049053,,,7,0.2591413961505315,barabasi_albert_0.pkl,barabasi_albert,0.059036885879162546,0.08869976856970617,0.217201166180758,0.0144092219020172,-9.800000000000137,-9.800000000000137,809.0,809.0,5,6.29309868812561,affinity_reactive
300,1475,0.0328874024526198,9.833333333333334,8.301522338262087,63,6.406779661016949,0.3426327683615817,0.0905944756741346,0.0722612720726898,-0.0854059077588313,5,4,2.614091415830546,,,7,0.2705900603274921,barabasi_albert_1.pkl,barabasi_albert,0.050268687264817855,0.07986318595847695,0.1901681759379042,0.0,-14.400000000000107,-14.400000000000107,781.0,781.0,3,10.077502965927124,reactive
300,1475,0.0328874024526198,9.833333333333334,8.043707249143392,67,6.813559322033898,0.3386079096045198,0.0851307329623106,0.0695092943353008,-0.067735248163936,5,4,2.621917502787068,,,8,0.2714617638609595,barabasi_albert_10.pkl,barabasi_albert,0.054837049055376084,0.08955070547983224,0.2120300751879699,0.0,-10.300000000000072,-10.300000000000072,821.0,821.0,3,6.128880739212036,affinity_periodic
300,1475,0.0328874024526198,9.833333333333334,8.524147613143366,59,6.0,0.3477649717514124,0.0977305386771299,0.0763435459568056,-0.076098866689616,5,4,2.60396878483835,,,7,0.2721080149382361,barabasi_albert_11.pkl,barabasi_albert,0.04888460528846394,0.0671398804725513,0.1666666666666666,0.0026666666666666,-13.900000000000029,-13.900000000000029,806.0,806.0,4,6.403647661209106,affinity_periodic
300,1475,0.0328874024526198,9.833333333333334,8.34010872836151,68,6.915254237288135,0.3399977401129943,0.0893542594535772,0.0735017927266518,-0.0839040836635988,5,4,2.6078037904124862,,,9,0.2628028727377191,barabasi_albert_12.pkl,barabasi_albert,0.06381861697819974,0.09328244243282938,0.2256568778979907,0.0,-17.100000000000062,-17.100000000000062,789.0,789.0,3,10.123048543930054,periodic
300,1475,0.0328874024526198,9.833333333333334,8.84721044535717,65,6.610169491525423,0.3412949152542373,0.099175781514736,0.0750879463022118,-0.0845297376408791,5,4,2.591839464882943,,,8,0.2633126113185866,barabasi_albert_13.pkl,barabasi_albert,0.06228472547862757,0.08542029574137026,0.209375,0.0,-18.900000000000087,-18.900000000000087,808.0,808.0,3,10.027079105377195,reactive
300,1475,0.0328874024526198,9.833333333333334,8.326864825067036,69,7.016949152542373,0.3362440677966101,0.0858985202054246,0.0718102158580893,-0.077193115419517,5,4,2.610746934225195,,,9,0.2625551278368285,barabasi_albert_14.pkl,barabasi_albert,0.06038267252259888,0.09683276906823388,0.2274881516587677,0.0,-12.900000000000087,-12.900000000000087,806.0,806.0,2,6.136601686477661,affinity_periodic
300,1475,0.0328874024526198,9.833333333333334,8.408004361720517,59,6.0,0.3465491525423727,0.0968710660454579,0.0732265446224256,-0.1039123626210987,5,4,2.60726867335563,,,7,0.2624466532605573,barabasi_albert_15.pkl,barabasi_albert,0.06450525444957841,0.07786332554214796,0.1994342291371994,0.0104166666666666,-23.100000000000094,-23.100000000000094,769.0,769.0,6,6.706119775772095,reactive
300,1475,0.0328874024526198,9.833333333333334,8.431836996725767,65,6.610169491525423,0.3394734463276836,0.0869259739194531,0.070631498858737,-0.0841273964279657,5,4,2.607068004459309,,,6,0.2715325481183568,barabasi_albert_16.pkl,barabasi_albert,0.046795160950310645,0.0845166767533596,0.1949265687583444,0.0,-6.400000000000034,-6.400000000000034,795.0,795.0,1,6.244287490844727,reactive
300,1475,0.0328874024526198,9.833333333333334,9.249725055421475,88,8.94915254237288,0.3509920903954802,0.1076301071402371,0.0766847405112316,-0.0947900958370608,5,4,2.578840579710145,,,9,0.267127147371445,barabasi_albert_17.pkl,barabasi_albert,0.05935067470434595,0.09582753597244661,0.2253086419753086,0.0,-13.20000000000001,-13.20000000000001,803.0,803.0,2,6.216775894165039,periodic
300,1475,0.0328874024526198,9.833333333333334,7.989471890715347,60,6.101694915254237,0.3376610169491525,0.0800882878800862,0.0679160021265284,-0.0621088386588139,5,4,2.620758082497213,,,7,0.2743103705831657,barabasi_albert_18.pkl,barabasi_albert,0.0638946517517229,0.08890481167700567,0.2148997134670487,0.0035778175313059,-18.900000000000084,-18.900000000000084,771.0,771.0,4,6.368768930435181,periodic
300,1475,0.0328874024526198,9.833333333333334,8.324052803320253,67,6.813559322033898,0.3371954802259886,0.0917380472795543,0.0768342739866598,-0.0670773071177409,5,4,2.6118840579710145,,,8,0.2652968687158862,barabasi_albert_19.pkl,barabasi_albert,0.05970537866260641,0.08100143241549311,0.2033898305084746,0.0150375939849624,-13.9000000000001,-13.9000000000001,822.0,822.0,8,9.885809898376465,periodic
300,1475,0.0328874024526198,9.833333333333334,8.487186223292836,61,6.203389830508474,0.3490621468926553,0.0941018814252673,0.0743759979830237,-0.077029582023268,5,4,2.605886287625418,,,9,0.2669628267739155,barabasi_albert_2.pkl,barabasi_albert,0.05377479259079175,0.08155074267902686,0.1972972972972973,0.0,-12.7000000000001,-12.7000000000001,796.0,796.0,3,6.1946117877960205,affinity_periodic
300,1475,0.0328874024526198,9.833333333333334,8.946079028761805,76,7.728813559322034,0.349534463276836,0.107027525631269,0.0798191565975834,-0.0930874701718631,5,4,2.5927759197324414,,,6,0.2748490663602413,barabasi_albert_20.pkl,barabasi_albert,0.04950759111591656,0.08426837052646728,0.1945578231292517,0.0,-9.20000000000004,-9.20000000000004,802.0,802.0,1,6.226125955581665,affinity_periodic
300,1475,0.0328874024526198,9.833333333333334,8.020389290434887,68,6.915254237288135,0.3331887005649716,0.0832699088686944,0.0715358120639406,-0.0669217537623772,5,4,2.6183277591973244,,,6,0.2674210858948578,barabasi_albert_21.pkl,barabasi_albert,0.04679935365588388,0.08674654434260894,0.1996830427892234,0.0,-3.6000000000001013,-3.6000000000001013,870.0,870.0,1,5.952756881713867,periodic
300,1475,0.0328874024526198,9.833333333333334,8.858166435416946,76,7.728813559322034,0.3406689265536722,0.1025079175142324,0.0753634894991922,-0.1081070905409417,5,4,2.583500557413601,,,8,0.2656705544383798,barabasi_albert_22.pkl,barabasi_albert,0.05451229239722536,0.09133362239294042,0.2144927536231884,0.0,-6.900000000000117,-6.900000000000117,828.0,828.0,2,6.159520149230957,affinity_reactive
300,1475,0.0328874024526198,9.833333333333334,8.685063229469806,66,6.711864406779661,0.3476045197740112,0.1045150052450281,0.0749197728955813,-0.1119768879779941,5,4,2.594715719063545,,,8,0.2728195346164895,barabasi_albert_23.pkl,barabasi_albert,0.06228637599396253,0.08943707574225918,0.217910447761194,0.0088183421516754,-19.500000000000064,-19.500000000000064,784.0,784.0,5,9.989557981491089,reactive
300,1475,0.0328874024526198,9.833333333333334,8.52061569734027,73,7.423728813559322,0.3456790960451976,0.0953592462268142,0.0707197588242683,-0.1011234083291081,5,4,2.603032329988852,,,6,0.2663096811261132,barabasi_albert_24.pkl,barabasi_albert,0.05536271251148396,0.08445963112939527,0.2018348623853211,0.0,-14.900000000000077,-14.900000000000077,811.0,811.0,3,10.21351170539856,periodic
300,1475,0.0328874024526198,9.833333333333334,8.237622044338613,69,7.016949152542373,0.339489265536723,0.0937997223211088,0.0732717700871666,-0.071348161606974,5,4,2.6133333333333333,,,9,0.2773759264579144,barabasi_albert_25.pkl,barabasi_albert,0.06923325400971798,0.08348798298107045,0.2128935532233883,0.0068027210884353,-23.600000000000076,-23.600000000000076,774.0,774.0,5,6.514470100402832,affinity_periodic
300,1475,0.0328874024526198,9.833333333333334,7.823228141293377,54,5.491525423728813,0.3288361581920902,0.0886709416821957,0.0788583795482213,-0.0393377881366042,5,4,2.6391750278706803,,,7,0.2686894570525711,barabasi_albert_26.pkl,barabasi_albert,0.05943416879752228,0.08242493913236859,0.2026049204052098,0.0,-19.800000000000022,-19.800000000000022,770.0,770.0,3,10.51470947265625,affinity_periodic
300,1475,0.0328874024526198,9.833333333333334,7.770897312345528,58,5.898305084745762,0.3350079096045197,0.0775779576995352,0.0704538241827991,-0.0554056756837256,5,4,2.634158305462653,,,8,0.2687004883654122,barabasi_albert_27.pkl,barabasi_albert,0.05570252684340006,0.09032401321574568,0.2101449275362318,0.0,-11.900000000000087,-11.900000000000087,794.0,794.0,2,6.392352104187012,affinity_reactive
300,1475,0.0328874024526198,9.833333333333334,8.038716237770402,71,7.220338983050847,0.329541242937853,0.0787138999249462,0.0720581754076685,-0.0547883186925522,5,4,2.62546265328874,,,6,0.2714224648089629,barabasi_albert_28.pkl,barabasi_albert,0.05797489421058031,0.09540882331709445,0.2255033557046979,0.0,-11.200000000000047,-11.200000000000047,799.0,799.0,3,6.64297342300415,reactive
300,1475,0.0328874024526198,9.833333333333334,8.752957773700432,79,8.033898305084746,0.3370666666666666,0.0946615072626764,0.0720499938732998,-0.0910576056707097,5,4,2.5950278706800445,,,7,0.2694428037920138,barabasi_albert_29.pkl,barabasi_albert,0.05566464420913688,0.08441913724491643,0.2044817927170868,0.0033112582781456,-16.60000000000011,-16.60000000000011,778.0,778.0,5,10.769298553466797,reactive
300,1475,0.0328874024526198,9.833333333333334,8.88982482995286,77,7.830508474576271,0.3436203389830508,0.1054765342929861,0.0804218322331347,-0.0866826362923672,5,4,2.599442586399108,,,9,0.2673990232691755,barabasi_albert_3.pkl,barabasi_albert,0.06096535490481836,0.08170695939695286,0.2045454545454545,0.0103626943005181,-13.400000000000176,-13.400000000000176,804.0,804.0,4,6.185614109039307,periodic
300,1475,0.0328874024526198,9.833333333333334,8.528070248465637,71,7.220338983050847,0.3457333333333332,0.0967329403148546,0.0756840431763032,-0.0749207552112458,5,4,2.6043701226309923,,,7,0.2579166906061477,barabasi_albert_4.pkl,barabasi_albert,0.05536968787736198,0.08190933668461442,0.1986754966887417,0.0032051282051282,-17.20000000000008,-17.20000000000008,811.0,811.0,4,6.3797454833984375,reactive
300,1475,0.0328874024526198,9.833333333333334,8.402433686841059,71,7.220338983050847,0.3397785310734462,0.0912505553503875,0.0708531207598371,-0.0776246052344786,5,4,2.6077591973244147,,,8,0.2667688595231255,barabasi_albert_5.pkl,barabasi_albert,0.05209792131999208,0.08837557304082416,0.2072617246596066,0.0,-14.00000000000009,-14.00000000000009,801.0,801.0,2,10.626521110534668,periodic
300,1475,0.0328874024526198,9.833333333333334,8.059491727890082,67,6.813559322033898,0.3382508474576271,0.0865161447740467,0.0676781002638522,-0.0803078721020423,5,4,2.6219843924191752,,,9,0.2630775064636598,barabasi_albert_6.pkl,barabasi_albert,0.06258009882876414,0.09173012231931318,0.224519940915805,0.0106100795755968,-16.10000000000014,-16.10000000000014,794.0,794.0,5,6.766596555709839,affinity_reactive
300,1475,0.0328874024526198,9.833333333333334,8.511583031840509,62,6.305084745762711,0.3492836158192089,0.0911042647894588,0.0690276613579212,-0.1092495486700815,5,4,2.597547380156076,,,6,0.2714114334961218,barabasi_albert_7.pkl,barabasi_albert,0.05646615845516393,0.08148551343280648,0.1964017991004497,0.0,-12.300000000000075,-12.300000000000075,810.0,810.0,2,6.105481147766113,affinity_periodic
300,1475,0.0328874024526198,9.833333333333334,8.923619904288257,67,6.813559322033898,0.3528949152542371,0.1029085463082754,0.0756797946578968,-0.1032608856875606,5,4,2.583634336677815,,,6,0.267840735420856,barabasi_albert_8.pkl,barabasi_albert,0.049889484032815776,0.09107891756811892,0.2099125364431487,0.0,-4.400000000000094,-4.400000000000094,847.0,847.0,1,6.403523206710815,reactive
300,1475,0.0328874024526198,9.833333333333334,8.92474420282406,69,7.016949152542373,0.3466011299435028,0.1061303871319752,0.0714600794000882,-0.1174863692553384,5,4,2.586934225195095,,,7,0.2594534903763286,barabasi_albert_9.pkl,barabasi_albert,0.04706349206349206,0.08554675721170349,0.1972222222222222,0.0,-6.200000000000025,-6.200000000000025,822.0,822.0,1,6.367882966995239,affinity_periodic
300,985,0.0219620958751393,6.566666666666666,2.546994206349808,13,1.9796954314720807,0.2194416243654822,0.0392380582380582,0.0418410041841004,0.0188791708625973,4,6,3.3712151616499444,,,5,0.4773392769718364,planted_partition_0.pkl,planted_partition,0.06522266639279406,0.08079575555512639,0.2031700288184438,0.0014619883040935,-25.100000000000087,-25.100000000000087,439.0,439.0,4,9.4022536277771,affinity_periodic
300,932,0.0207803790412486,6.213333333333333,2.420886447742873,13,2.092274678111588,0.2181616595135906,0.0438612128612128,0.0455100261551874,-0.0462409978629279,4,6,3.447157190635452,,,5,0.4941614553592808,planted_partition_1.pkl,planted_partition,0.04832271843684062,0.08503007443027905,0.1987261146496815,0.0,-8.70000000000003,-8.70000000000003,429.0,429.0,2,4.434772491455078,periodic
300,886,0.0197547380156075,5.906666666666666,2.3344065058749144,13,2.2009029345372464,0.2202784048156507,0.0456450771450771,0.0406819062378922,0.0302795705681387,4,7,3.5460259028978025,,,6,0.5041630785379798,planted_partition_10.pkl,planted_partition,0.05564626873240278,0.08182993450717727,0.1974789915966386,0.0018726591760299,-15.800000000000022,-15.800000000000022,386.0,386.0,5,4.27959942817688,affinity_periodic
300,924,0.0206020066889632,6.16,2.3521995683539587,16,2.5974025974025974,0.2106313131313131,0.0333141025641025,0.0343163538873994,0.0470321557063482,4,7,3.451036789297659,,,4,0.4872689089409869,planted_partition_11.pkl,planted_partition,0.05586955273112432,0.0743294494778423,0.1865357643758765,0.0084175084175084,-22.800000000000107,-22.800000000000107,366.0,366.0,7,8.816263675689697,affinity_periodic
300,867,0.0193311036789297,5.78,2.4573145197205486,15,2.5951557093425603,0.234951941560938,0.029522052022052,0.0344759262928472,-0.0279911949590263,4,7,3.5259977703455965,,,6,0.4845381534118498,planted_partition_12.pkl,planted_partition,0.056415972291528185,0.08403212057388673,0.1989100817438692,0.0,-17.20000000000004,-17.20000000000004,360.0,360.0,3,7.088593482971191,periodic
300,883,0.0196878483835005,5.886666666666667,2.3406732778271304,14,2.378255945639864,0.2216232540581351,0.0386699596699596,0.0379820802493182,0.0027754621843276,4,8,3.5243032329988853,,,6,0.4703824217091686,planted_partition_13.pkl,planted_partition,0.06065602888879632,0.08385924405402809,0.2066574202496532,0.003610108303249,-18.500000000000043,-18.500000000000043,371.0,371.0,5,8.778096675872803,affinity_periodic
300,868,0.0193534002229654,5.786666666666667,2.405641826529332,15,2.592165898617511,0.2312711213517664,0.0355988455988455,0.0358565737051792,-0.0218539321601413,4,7,3.5089896972009607,,,9,0.4771974346450339,planted_partition_14.pkl,planted_partition,0.050819085431039,0.07685571253113276,0.184885290148448,0.0,-12.800000000000043,-12.800000000000043,368.0,368.0,3,4.333742618560791,periodic
300,886,0.0197547380156075,5.906666666666666,2.454527361996913,15,2.539503386004515,0.2319638826185099,0.028048507048507,0.0337271341463414,-0.0504597277128214,4,6,3.501592501592502,,,8,0.478034282977238,planted_partition_15.pkl,planted_partition,0.05056687291589066,0.0721665661187836,0.1770972037283621,0.0048192771084337,-13.300000000000011,-13.300000000000011,391.0,391.0,4,4.214112043380737,reactive
300,886,0.0197547380156075,5.906666666666666,2.2497764041011696,12,2.031602708803612,0.2125507900677199,0.0425045695045695,0.0352664576802507,0.0228620205476434,4,8,3.532352285395764,,,6,0.4794253728681419,planted_partition_16.pkl,planted_partition,0.058950929158151144,0.08735313192837656,0.2114285714285714,0.0,-16.50000000000002,-16.50000000000002,386.0,386.0,3,4.571702241897583,affinity_reactive
300,847,0.0188851727982162,5.6466666666666665,2.4334257247926216,13,2.3022432113341207,0.2421881149153875,0.0339586524586524,0.0323584318606098,-0.0100067125806139,4,7,3.617776867776868,,,8,0.5115993805486131,planted_partition_17.pkl,planted_partition,0.04990766357556166,0.07994273141199193,0.1886304909560723,0.0,-9.100000000000072,-9.100000000000072,370.0,370.0,3,4.048477649688721,affinity_periodic
300,871,0.0194202898550724,5.806666666666667,2.4101143248995145,15,2.583237657864524,0.231044776119403,0.0394668109668109,0.0397626112759643,-0.0129731303807204,4,7,3.57355629877369,,,5,0.4990496163534531,planted_partition_18.pkl,planted_partition,0.05354892783056807,0.08259098225387843,0.1974612129760225,0.00278940027894,-14.800000000000066,-14.800000000000066,358.0,358.0,4,8.647309064865112,affinity_reactive
300,884,0.0197101449275362,5.8933333333333335,2.4044180813498226,14,2.3755656108597285,0.230180995475113,0.0359460169460169,0.0398843930635838,0.0295491063918651,4,7,3.539910813823857,,,6,0.4826823263241948,planted_partition_19.pkl,planted_partition,0.057616251060070546,0.07766693644874242,0.1904047976011994,0.0012870012870012,-23.600000000000033,-23.600000000000033,373.0,373.0,4,8.878910064697266,affinity_periodic
300,885,0.0197324414715719,5.9,2.601131732078446,15,2.542372881355932,0.245713747645951,0.0412996077996078,0.043754674644727,0.009319597982813,4,7,3.580535117056856,,,5,0.5156551437964825,planted_partition_2.pkl,planted_partition,0.05693583430060397,0.0838192386644692,0.202200825309491,0.002840909090909,-17.400000000000023,-17.400000000000023,384.0,384.0,4,4.108134746551514,affinity_periodic
300,930,0.0207357859531772,6.2,2.5927606960064504,16,2.5806451612903225,0.231716845878136,0.0507309727309727,0.0498202362609142,-0.0309228023350635,4,7,3.4553177257525083,,,6,0.5024164643311365,planted_partition_20.pkl,planted_partition,0.05640672969530319,0.085493077427146,0.2036775106082037,0.0,-14.600000000000032,-14.600000000000032,409.0,409.0,3,7.024547100067139,affinity_reactive
300,894,0.0199331103678929,5.96,2.1926603013974635,12,2.0134228187919465,0.2063310961968678,0.0352491582491582,0.0320201824180089,-0.0380170831642132,4,6,3.497407465601221,,,5,0.458041804923702,planted_partition_21.pkl,planted_partition,0.05829039516542002,0.07757744067320439,0.1938202247191011,0.009771986970684,-21.50000000000003,-21.50000000000003,364.0,364.0,7,6.7181477546691895,periodic
300,937,0.0208918617614269,6.246666666666667,2.5312407011541764,14,2.24119530416222,0.2270508715759516,0.0343384578384578,0.0377936670071501,0.0235830270825581,4,7,3.4439855446566856,,,8,0.48801666118052,planted_partition_22.pkl,planted_partition,0.06049313931957352,0.07535821774643092,0.1885625965996908,0.0094161958568738,-20.200000000000077,-20.200000000000077,403.0,403.0,4,6.940600395202637,affinity_periodic
300,881,0.0196432552954292,5.873333333333333,2.421466612904997,15,2.553916004540296,0.2282368520620505,0.0329019129019129,0.0284332688588007,-0.029221216847208,4,6,3.5259141208951537,,,5,0.4727827087421295,planted_partition_23.pkl,planted_partition,0.056700417767782216,0.07466824468424829,0.1866151866151866,0.0029850746268656,-17.900000000000016,-17.900000000000016,373.0,373.0,4,4.273762702941895,reactive
300,917,0.0204459308807134,6.113333333333333,2.5288612760292373,13,2.1264994547437297,0.2324609233006178,0.0412154512154512,0.0387953941541186,-0.02036488841301,4,7,3.46232407802294,,,6,0.4951670196660915,planted_partition_24.pkl,planted_partition,0.049511081940387926,0.07126522152730534,0.1700879765395894,0.0,-18.40000000000004,-18.40000000000004,405.0,405.0,3,7.322010278701782,reactive
300,912,0.0203344481605351,6.08,2.3746712499102904,15,2.4671052631578947,0.2180555555555554,0.0336767676767676,0.0383491599707815,-0.0122260660729344,4,6,3.476824313707885,,,7,0.4782018265235457,planted_partition_25.pkl,planted_partition,0.05373770687609449,0.0866080504413544,0.2045152722443559,0.0,-13.600000000000085,-13.600000000000085,393.0,393.0,3,7.2199366092681885,affinity_periodic
300,902,0.0201114827201783,6.013333333333334,2.364697627984363,13,2.161862527716186,0.2211714708056171,0.029599012099012,0.0296752519596864,-0.0353625329509574,4,7,3.4958305462653287,,,5,0.47855099040811,planted_partition_26.pkl,planted_partition,0.04891258474779832,0.07824191780159961,0.1862068965517241,0.0,-10.300000000000072,-10.300000000000072,418.0,418.0,3,6.805371046066284,affinity_periodic
300,862,0.0192196209587513,5.746666666666667,2.237373838797921,12,2.088167053364269,0.2160750193348799,0.0289160654160654,0.0316115702479338,-0.0242506561844058,4,7,3.546564611344302,,,8,0.4884031093717196,planted_partition_27.pkl,planted_partition,0.05549598309513186,0.07485843953544821,0.1849529780564263,0.0013531799729364,-21.20000000000003,-21.20000000000003,379.0,379.0,4,8.952293157577515,affinity_reactive
300,926,0.0206465997770345,6.173333333333333,2.424089434718516,14,2.267818574514039,0.2201187904967601,0.0444086284086284,0.0428647027694478,0.001793264315048,4,7,3.4840133779264213,,,6,0.4911000424501677,planted_partition_28.pkl,planted_partition,0.04957799178537266,0.0769369380777758,0.1846785225718194,0.0,-10.700000000000085,-10.700000000000085,428.0,428.0,3,7.360953569412231,affinity_reactive
300,909,0.020267558528428,6.06,2.583016307371511,15,2.4752475247524752,0.2369380271360468,0.0464596329596329,0.0460961229229944,-0.0457713819340155,4,7,3.490314471055644,,,6,0.5099978094619142,planted_partition_29.pkl,planted_partition,0.05849997295455397,0.07811625431957356,0.193502824858757,0.0081799591002045,-22.70000000000005,-22.70000000000005,370.0,370.0,6,4.473871946334839,affinity_periodic
300,907,0.0202229654403567,6.046666666666667,2.54020952620296,14,2.3153252480705624,0.2354244762954795,0.0370094905094905,0.0384337784193432,0.0291219452426476,4,7,3.4596524529410435,,,7,0.4720591649658602,planted_partition_3.pkl,planted_partition,0.051750727500893566,0.08337045310229013,0.1991643454038997,0.0018115942028985,-13.30000000000007,-13.30000000000007,399.0,399.0,4,7.329118967056274,affinity_periodic
300,886,0.0197547380156075,5.906666666666666,2.357218094712996,13,2.2009029345372464,0.2235176824680209,0.0286734376734376,0.0330243337195828,0.0233219799520643,4,7,3.541401988732015,,,6,0.4979388430004738,planted_partition_4.pkl,planted_partition,0.05097184414351384,0.07254078669120184,0.1766233766233766,0.0035335689045936,-16.10000000000002,-16.10000000000002,376.0,376.0,5,7.241544723510742,reactive
300,921,0.0205351170568561,6.14,2.420729871416448,14,2.280130293159609,0.2195114006514658,0.0340914085914085,0.0272727272727272,-0.0179196641588429,4,6,3.455810905475335,,,8,0.4752222540527987,planted_partition_5.pkl,planted_partition,0.061993925959892004,0.08808857674577594,0.2173295454545454,0.0079239302694136,-21.10000000000005,-21.10000000000005,390.0,390.0,7,7.759368181228638,affinity_periodic
300,919,0.0204905239687848,6.126666666666667,2.498954073292191,14,2.2850924918389555,0.2248639825897713,0.0299677729677729,0.0334809565987599,-0.0432995901737494,4,7,3.460101905681129,,,6,0.4972885321486547,planted_partition_6.pkl,planted_partition,0.05299075152648756,0.08132308473447235,0.1955380577427821,0.0,-15.500000000000012,-15.500000000000012,418.0,418.0,3,4.242037296295166,affinity_periodic
300,899,0.0200445930880713,5.993333333333333,2.232315613636471,14,2.335928809788654,0.2057990359658879,0.0284304029304029,0.0309514711501719,-0.0100595071428352,4,6,3.487647714604236,,,5,0.4819092032798772,planted_partition_7.pkl,planted_partition,0.04744938352231733,0.08290847576176875,0.1936376210235131,0.0,-7.500000000000042,-7.500000000000042,407.0,407.0,2,6.720051765441895,affinity_reactive
300,873,0.0194648829431438,5.82,2.2740943288972004,14,2.405498281786941,0.2185910652920961,0.0378059718059718,0.0409556313993174,-0.0198754411750561,4,7,3.578974358974359,,,5,0.5019373360677785,planted_partition_8.pkl,planted_partition,0.045354843530645096,0.07874741868436942,0.1843501326259947,0.0,-7.3000000000000655,-7.3000000000000655,411.0,411.0,3,4.000606536865234,affinity_periodic
300,922,0.0205574136008918,6.1466666666666665,2.38553799536148,14,2.27765726681128,0.2154338394793926,0.0347035187035187,0.0364546104360257,0.0210734516915087,4,6,3.4834782608695654,,,5,0.4983236950701342,planted_partition_9.pkl,planted_partition,0.06073159473796506,0.09877561696935674,0.2330708661417322,0.0,-8.900000000000066,-8.900000000000066,440.0,440.0,2,4.058708190917969,periodic
300,1500,0.0334448160535117,10.0,0.0,10,1.0,0.0,0.0275555555555555,0.0275555555555555,,10,4,2.715406911928651,,,7,0.2745777777777778,random_regular_0.pkl,random_regular,0.05402999513337078,0.08117329721328431,0.1981505944517833,0.0082304526748971,-16.30000000000013,-16.30000000000013,783.0,783.0,6,6.879899024963379,affinity_periodic
300,1500,0.0334448160535117,10.0,0.0,10,1.0,0.0,0.0328888888888888,0.0328888888888888,,10,4,2.7176142697881827,,,8,0.2818666666666667,random_regular_1.pkl,random_regular,0.049056468606901285,0.08400473292555422,0.1968503937007874,0.0,-14.40000000000011,-14.40000000000011,769.0,769.0,2,6.376192092895508,affinity_periodic
300,1500,0.0334448160535117,10.0,0.0,10,1.0,0.0,0.0264444444444444,0.0264444444444444,,10,4,2.714358974358974,,,7,0.2807111111111111,random_regular_10.pkl,random_regular,0.05527392576628931,0.09019894908490834,0.2141935483870967,0.0018726591760299,-10.700000000000061,-10.700000000000061,788.0,788.0,5,6.758591413497925,periodic
300,1500,0.0334448160535117,10.0,0.0,10,1.0,0.0,0.0302222222222222,0.0302222222222222,,10,4,2.712396878483835,,,7,0.2803555555555555,random_regular_11.pkl,random_regular,0.06132845228090387,0.08746650317895546,0.2144970414201183,0.0026990553306342,-22.899999999999984,-22.899999999999984,777.0,777.0,5,13.2327139377594,reactive
300,1500,0.0334448160535117,10.0,0.0,10,1.0,0.0,0.0295555555555555,0.0295555555555555,,10,4,2.716254180602007,,,7,0.2805555555555555,random_regular_12.pkl,random_regular,0.05862859037821796,0.0904229636816371,0.2164276401564537,0.0,-13.999999999999988,-13.999999999999988,769.0,769.0,3,10.395116090774536,affinity_periodic
300,1500,0.0334448160535117,10.0,0.0,10,1.0,0.0,0.0273333333333333,0.0273333333333333,,10,4,2.715117056856187,,,7,0.2879555555555556,random_regular_13.pkl,random_regular,0.0633716529747352,0.09300021971982765,0.2277936962750716,0.0059288537549407,-18.8000000000001,-18.8000000000001,788.0,788.0,5,10.387973070144652,reactive
300,1500,0.0334448160535117,10.0,0.0,10,1.0,0.0,0.0266666666666666,0.0266666666666666,,10,4,2.716454849498328,,,8,0.2802666666666666,random_regular_14.pkl,random_regular,0.055523291781052905,0.08737046524701504,0.2097902097902098,0.002079002079002,-14.300000000000058,-14.300000000000058,795.0,795.0,4,6.6492884159088135,reactive
300,1500,0.0334448160535117,10.0,0.0,10,1.0,0.0,0.0264444444444444,0.0264444444444444,,10,4,2.7113043478260868,,,7,0.2869777777777778,random_regular_15.pkl,random_regular,0.05445370281174885,0.07764796542139693,0.1899736147757255,0.0035971223021582,-17.500000000000085,-17.500000000000085,766.0,766.0,4,6.668468713760376,periodic
300,1500,0.0334448160535117,10.0,0.0,10,1.0,0.0,0.0244444444444444,0.0244444444444444,,10,4,2.7114604236343367,,,8,0.2841333333333333,random_regular_16.pkl,random_regular,0.05496746861652816,0.08928536110539982,0.2085798816568047,0.0,-14.800000000000038,-14.800000000000038,790.0,790.0,2,6.396013259887695,periodic
300,1500,0.0334448160535117,10.0,0.0,10,1.0,0.0,0.0262222222222222,0.0262222222222222,,10,4,2.712107023411371,,,7,0.2793111111111111,random_regular_17.pkl,random_regular,0.06640008739712355,0.07847212158306567,0.2005277044854881,0.009009009009009,-26.00000000000002,-26.00000000000002,758.0,758.0,4,10.519721746444702,reactive
300,1500,0.0334448160535117,10.0,0.0,10,1.0,0.0,0.0273333333333333,0.0273333333333333,,10,4,2.7198216276477147,,,6,0.2844666666666667,random_regular_18.pkl,random_regular,0.05573744267860743,0.08228408245636962,0.1991869918699187,0.0018587360594795,-18.600000000000108,-18.600000000000108,765.0,765.0,4,11.410039901733398,reactive
300,1500,0.0334448160535117,10.0,0.0,10,1.0,0.0,0.0288888888888888,0.0288888888888888,,10,4,2.710345596432553,,,7,0.2818666666666666,random_regular_19.pkl,random_regular,0.048088599855703906,0.07405603310765813,0.1783439490445859,0.0018726591760299,-16.00000000000007,-16.00000000000007,772.0,772.0,4,10.924346446990969,affinity_periodic
300,1500,0.0334448160535117,10.0,0.0,10,1.0,0.0,0.0248888888888888,0.0248888888888888,,10,4,2.717859531772575,,,7,0.2805333333333333,random_regular_2.pkl,random_regular,0.0470108825404642,0.07887978970842702,0.1850443599493029,0.0,-10.600000000000097,-10.600000000000097,783.0,783.0,2,11.495915651321411,reactive
300,1500,0.0334448160535117,10.0,0.0,10,1.0,0.0,0.0291111111111111,0.0291111111111111,,10,4,2.714559643255296,,,7,0.2756,random_regular_20.pkl,random_regular,0.06217289002300698,0.08156201883100593,0.2014925373134328,0.0065681444991789,-24.70000000000005,-24.70000000000005,764.0,764.0,6,13.958958864212036,affinity_reactive
300,1500,0.0334448160535117,10.0,0.0,10,1.0,0.0,0.0264444444444444,0.0264444444444444,,10,4,2.712798216276477,,,7,0.2857111111111111,random_regular_21.pkl,random_regular,0.06482453137418549,0.07439053464054202,0.1921875,0.0027137042062415,-28.20000000000002,-28.20000000000002,773.0,773.0,5,13.087751626968384,periodic
300,1500,0.0334448160535117,10.0,0.0,10,1.0,0.0,0.03,0.03,,10,4,2.716231884057971,,,6,0.2812444444444444,random_regular_22.pkl,random_regular,0.060037270173981735,0.09204944934832393,0.223175965665236,0.0031152647975077,-18.50000000000009,-18.50000000000009,759.0,759.0,6,11.283374309539797,affinity_periodic
300,1500,0.0334448160535117,10.0,0.0,10,1.0,0.0,0.0284444444444444,0.0284444444444444,,10,4,2.715496098104794,,,8,0.2725333333333333,random_regular_23.pkl,random_regular,0.06063889721826095,0.07731707781990833,0.1920341394025604,0.0,-27.100000000000087,-27.100000000000087,758.0,758.0,3,10.538148164749146,periodic
300,1500,0.0334448160535117,10.0,0.0,10,1.0,0.0,0.0264444444444444,0.0264444444444444,,10,4,2.7101003344481605,,,7,0.2728222222222222,random_regular_24.pkl,random_regular,0.05691062556025052,0.08501822702268161,0.2056631892697466,0.0018726591760299,-16.500000000000085,-16.500000000000085,785.0,785.0,4,10.962316036224363,affinity_periodic
300,1500,0.0334448160535117,10.0,0.0,10,1.0,0.0,0.0246666666666666,0.0246666666666666,,10,4,2.711549609810479,,,7,0.2850666666666667,random_regular_25.pkl,random_regular,0.054606498682885106,0.08561257968803049,0.2067567567567567,0.0069686411149825,-13.500000000000165,-13.500000000000165,782.0,782.0,4,7.222307443618774,periodic
300,1500,0.0334448160535117,10.0,0.0,10,1.0,0.0,0.028,0.028,,10,4,2.7113935340022297,,,6,0.2764888888888889,random_regular_26.pkl,random_regular,0.0549777152132236,0.07833967451763126,0.1931668856767411,0.0037174721189591,-18.900000000000055,-18.900000000000055,766.0,766.0,4,10.776228189468384,reactive
300,1500,0.0334448160535117,10.0,0.0,10,1.0,0.0,0.026,0.026,,10,4,2.710434782608696,,,6,0.2806222222222222,random_regular_27.pkl,random_regular,0.05745484778534674,0.08485493293358583,0.2051649928263988,0.0,-17.700000000000042,-17.700000000000042,787.0,787.0,3,7.035115480422974,affinity_periodic
300,1500,0.0334448160535117,10.0,0.0,10,1.0,0.0,0.0266666666666666,0.0266666666666666,,10,4,2.7092753623188406,,,9,0.2706,random_regular_28.pkl,random_regular,0.05303338768591949,0.0788480680797132,0.190721649484536,0.0018726591760299,-15.60000000000013,-15.60000000000013,777.0,777.0,4,11.358404636383057,affinity_periodic
300,1500,0.0334448160535117,10.0,0.0,10,1.0,0.0,0.0277777777777777,0.0277777777777777,,10,4,2.7170345596432552,,,7,0.2849333333333333,random_regular_29.pkl,random_regular,0.06005726069761782,0.07536132396419463,0.1930294906166219,0.0117096018735363,-22.50000000000007,-22.50000000000007,745.0,745.0,4,10.752336978912354,affinity_reactive
300,1500,0.0334448160535117,10.0,0.0,10,1.0,0.0,0.024,0.024,,10,4,2.711014492753624,,,7,0.2833333333333333,random_regular_3.pkl,random_regular,0.055802637779358476,0.09329112997830653,0.220708446866485,0.0,-15.200000000000161,-15.200000000000161,761.0,761.0,3,11.158567190170288,periodic
300,1500,0.0334448160535117,10.0,0.0,10,1.0,0.0,0.0317777777777777,0.0317777777777777,,10,4,2.7160089186176144,,,7,0.2789777777777777,random_regular_4.pkl,random_regular,0.06358438283671222,0.08026840346982914,0.2027863777089783,0.005050505050505,-25.30000000000009,-25.30000000000009,737.0,737.0,4,6.536314487457275,affinity_periodic
300,1500,0.0334448160535117,10.0,0.0,10,1.0,0.0,0.0277777777777777,0.0277777777777777,,10,4,2.7183946488294315,,,6,0.2781777777777778,random_regular_5.pkl,random_regular,0.053479102535667636,0.08018228143704718,0.1943661971830985,0.0,-14.800000000000008,-14.800000000000008,774.0,774.0,3,13.397790431976318,periodic
300,1500,0.0334448160535117,10.0,0.0,10,1.0,0.0,0.0266666666666666,0.0266666666666666,,10,4,2.715496098104794,,,6,0.2857777777777778,random_regular_6.pkl,random_regular,0.049960922211408965,0.07738503818560998,0.1857923497267759,0.0,-10.600000000000026,-10.600000000000026,795.0,795.0,3,6.571908473968506,periodic
300,1500,0.0334448160535117,10.0,0.0,10,1.0,0.0,0.0311111111111111,0.0311111111111111,,10,4,2.71752508361204,,,7,0.2872222222222222,random_regular_7.pkl,random_regular,0.05138365058184918,0.08607546046249696,0.1994535519125683,0.0,-12.400000000000102,-12.400000000000102,784.0,784.0,2,6.9053053855896,reactive
300,1500,0.0334448160535117,10.0,0.0,10,1.0,0.0,0.0326666666666666,0.0326666666666666,,10,4,2.71190635451505,,,7,0.2837777777777778,random_regular_8.pkl,random_regular,0.05208496612080234,0.07861357714742301,0.1875862068965517,0.0,-15.300000000000086,-15.300000000000086,766.0,766.0,3,6.179215431213379,periodic
300,1500,0.0334448160535117,10.0,0.0,10,1.0,0.0,0.0253333333333333,0.0253333333333333,,10,4,2.712597547380156,,,7,0.2735777777777777,random_regular_9.pkl,random_regular,0.057051741238039445,0.08894024585908616,0.2136181575433912,0.0015197568389057,-19.100000000000094,-19.100000000000094,759.0,759.0,4,10.127079010009766,periodic
300,1500,0.0334448160535117,10.0,1.0016708449412668,14,1.4,0.0526488888888887,0.4908566063566063,0.4813186813186813,0.008365508365491,8,6,3.532753623188406,,,5,0.6287873333333334,watts_strogatz_0.pkl,watts_strogatz,0.08629169260482632,0.12034448046673268,0.2868525896414343,0.0,-75.40000000000012,-75.40000000000012,383.0,383.0,3,8.648480415344238,periodic
300,1500,0.0334448160535117,10.0,0.8921808236414738,13,1.3,0.0453177777777777,0.5136571576571577,0.5059842866583449,0.0368036752417528,8,6,3.613957636566332,,,4,0.6226177777777778,watts_strogatz_1.pkl,watts_strogatz,0.0935325592134347,0.1146193151272549,0.2794830371567043,0.007532956685499,-104.40000000000013,-104.40000000000013,350.0,350.0,5,5.556743383407593,reactive
300,1500,0.0334448160535117,10.0,0.9916035457647598,14,1.4,0.052051111111111,0.4934261294261294,0.4827434601011211,-0.0436423908086097,8,6,3.5539353400222966,,,4,0.6242586666666666,watts_strogatz_10.pkl,watts_strogatz,0.0909442161689862,0.1347357623981864,0.3212025316455696,0.0,-61.3000000000001,-61.3000000000001,476.0,476.0,3,8.768383502960205,affinity_periodic
300,1500,0.0334448160535117,10.0,0.9360844943711046,13,1.3,0.0486377777777777,0.4910939245939246,0.4839703616755924,-0.042303057371449,8,7,3.5538684503901896,,,5,0.6091428888888889,watts_strogatz_11.pkl,watts_strogatz,0.09812394269733685,0.1303724825702224,0.3227272727272727,0.0022522522522522,-90.60000000000014,-90.60000000000014,324.0,324.0,4,5.490451335906982,reactive
300,1500,0.0334448160535117,10.0,0.928911327404614,14,1.4,0.0486755555555555,0.4968337958337958,0.4893242350869469,0.0157199080235582,8,6,3.5385953177257523,,,4,0.6363055555555555,watts_strogatz_12.pkl,watts_strogatz,0.09188282924505828,0.1138057118981635,0.2884057971014492,0.0016722408026755,-87.40000000000008,-87.40000000000008,424.0,424.0,4,8.89243221282959,reactive
300,1500,0.0334448160535117,10.0,0.9396505434536336,14,1.4,0.0484533333333332,0.491996928996929,0.484375,-0.004943274874789,8,6,3.5617614269788183,,,4,0.6309662222222222,watts_strogatz_13.pkl,watts_strogatz,0.09070849376407483,0.11789558884675021,0.2908309455587392,0.001610305958132,-81.20000000000009,-81.20000000000009,391.0,391.0,5,8.821704864501953,periodic
300,1500,0.0334448160535117,10.0,0.9607689228305228,15,1.5,0.0493866666666666,0.4987632737632738,0.4905411350637923,-0.0121180247400541,8,6,3.570144927536232,,,4,0.5938437777777777,watts_strogatz_14.pkl,watts_strogatz,0.08846808112679337,0.1363135066570301,0.3236111111111111,0.00139470013947,-67.30000000000001,-67.30000000000001,350.0,350.0,4,10.61198902130127,affinity_periodic
300,1500,0.0334448160535117,10.0,0.9070515282586696,12,1.2,0.0473799999999999,0.5045088985088985,0.497907949790795,0.0208326016753848,8,6,3.606086956521739,,,4,0.5945051111111112,watts_strogatz_15.pkl,watts_strogatz,0.0948140149855232,0.12467475060949008,0.3043478260869565,0.0,-60.800000000000075,-60.800000000000075,469.0,469.0,3,5.491967678070068,affinity_periodic
300,1500,0.0334448160535117,10.0,0.8846517369293828,13,1.3,0.0460888888888888,0.495572113072113,0.4875523243005067,-0.0052230674394774,8,6,3.573489409141583,,,4,0.5856877777777778,watts_strogatz_16.pkl,watts_strogatz,0.08708708830981422,0.13307369836712618,0.3148936170212766,0.0,-77.20000000000009,-77.20000000000009,339.0,339.0,3,8.547849178314209,affinity_periodic
300,1500,0.0334448160535117,10.0,0.9711559157565948,12,1.2,0.0514599999999998,0.4787931697931697,0.4695403562788652,-0.0223283367125068,8,6,3.4604682274247494,,,4,0.5994633333333332,watts_strogatz_17.pkl,watts_strogatz,0.09379935472969243,0.1246310657104687,0.3030746705710102,0.0083857442348008,-88.1000000000001,-88.1000000000001,378.0,378.0,6,8.721363067626953,affinity_periodic
300,1500,0.0334448160535117,10.0,0.9677059726478532,13,1.3,0.0507622222222221,0.5110401635401636,0.5012463343108504,-0.0414189928194089,8,6,3.59453734671126,,,4,0.6246166666666666,watts_strogatz_18.pkl,watts_strogatz,0.0954807421744189,0.13601669014230405,0.3268945022288261,0.0,-83.30000000000014,-83.30000000000014,347.0,347.0,3,5.217790126800537,affinity_periodic
300,1500,0.0334448160535117,10.0,0.8921808236414738,13,1.3,0.0471088888888888,0.5056768601768602,0.4978339085101696,-0.0063026621844217,8,6,3.617324414715719,,,4,0.6198108888888889,watts_strogatz_19.pkl,watts_strogatz,0.09858067674530321,0.13494527792867073,0.3279411764705882,0.0,-89.20000000000009,-89.20000000000009,342.0,342.0,3,10.81955099105835,affinity_periodic
300,1500,0.0334448160535117,10.0,1.0050042013922398,13,1.3,0.0533333333333332,0.485946090946091,0.4771079041828437,-0.0416131024168717,8,6,3.479888517279821,,,5,0.6451104444444444,watts_strogatz_2.pkl,watts_strogatz,0.08951433532138205,0.1151328118568986,0.2857142857142857,0.0093808630393996,-82.0000000000001,-82.0000000000001,414.0,414.0,5,9.001065731048584,affinity_periodic
300,1500,0.0334448160535117,10.0,1.0788325165020785,14,1.4,0.0558933333333333,0.4886255966255967,0.4767441860465116,0.0084095047382861,7,6,3.525440356744705,,,4,0.609634,watts_strogatz_20.pkl,watts_strogatz,0.08847689244347587,0.12728927487386882,0.3073593073593073,0.0025380710659898,-81.50000000000006,-81.50000000000006,321.0,321.0,4,5.567058801651001,reactive
300,1500,0.0334448160535117,10.0,0.9502684007399256,13,1.3,0.0503244444444443,0.4724941354941355,0.4644664466446644,-0.0150277808852546,8,6,3.473288740245262,,,4,0.6126806666666667,watts_strogatz_21.pkl,watts_strogatz,0.09186846671443857,0.12549665782886144,0.3085880640465793,0.0141843971631205,-82.6000000000001,-82.6000000000001,279.0,279.0,5,5.451330423355103,reactive
300,1500,0.0334448160535117,10.0,0.9983263586596564,13,1.3,0.0524799999999998,0.4934291819291819,0.4842112975309546,0.0302686053197778,8,6,3.5418729096989967,,,4,0.6319348888888889,watts_strogatz_22.pkl,watts_strogatz,0.08849849466130173,0.1326850248327349,0.3123209169054441,0.0,-79.80000000000007,-79.80000000000007,299.0,299.0,2,5.187220096588135,periodic
300,1500,0.0334448160535117,10.0,0.9711559157565948,13,1.3,0.0514933333333331,0.479536408036408,0.4721794589839455,-0.0030261512392656,7,6,3.4984615384615383,,,4,0.6057353333333334,watts_strogatz_23.pkl,watts_strogatz,0.09929219177186785,0.12172381903036965,0.3042813455657492,0.0069930069930069,-91.1000000000001,-91.1000000000001,406.0,406.0,5,5.50186562538147,affinity_periodic
300,1500,0.0334448160535117,10.0,0.8996469021204838,13,1.3,0.0459777777777776,0.5136719391719392,0.5061302400704794,-0.0423837205810959,8,6,3.627090301003344,,,4,0.6265144444444444,watts_strogatz_24.pkl,watts_strogatz,0.09841690231253333,0.12739335366701435,0.3138138138138138,0.0120192307692307,-77.60000000000007,-77.60000000000007,382.0,382.0,4,5.416132926940918,affinity_periodic
300,1500,0.0334448160535117,10.0,0.9396505434536336,13,1.3,0.04864,0.4915757205757205,0.4861355633802817,0.0330826058576308,8,6,3.563366778149387,,,4,0.6273097777777777,watts_strogatz_25.pkl,watts_strogatz,0.09051091094434745,0.11746302733880203,0.2857142857142857,0.0,-74.4000000000001,-74.4000000000001,402.0,402.0,3,5.477587699890137,affinity
300,1500,0.0334448160535117,10.0,0.9848348417637546,13,1.3,0.0525133333333331,0.5053004588004588,0.495346280688897,-0.0275156031453131,8,6,3.571772575250836,,,5,0.606117111111111,watts_strogatz_26.pkl,watts_strogatz,0.09829427798257415,0.11334243494154783,0.2892307692307692,0.0200617283950617,-94.60000000000002,-94.60000000000002,342.0,342.0,6,10.47288966178894,periodic
300,1500,0.0334448160535117,10.0,0.9502684007399256,14,1.4,0.0495377777777776,0.4873250823250823,0.4794279427942794,-0.0322769309500216,8,6,3.5067558528428093,,,4,0.5682953333333334,watts_strogatz_27.pkl,watts_strogatz,0.0888180495574742,0.13116868754064276,0.308259587020649,0.0,-53.30000000000007,-53.30000000000007,479.0,479.0,2,5.265485525131226,affinity_periodic
300,1500,0.0334448160535117,10.0,0.9432031101641954,13,1.3,0.0497977777777776,0.5051110556110556,0.4977627814860999,-0.0247639971786747,8,6,3.585685618729097,,,4,0.5934326666666667,watts_strogatz_28.pkl,watts_strogatz,0.08717270717316392,0.13702968975130608,0.3240997229916897,0.0,-66.30000000000004,-66.30000000000004,339.0,339.0,3,5.32009220123291,periodic
300,1500,0.0334448160535117,10.0,0.9814329841314368,13,1.3,0.0510022222222221,0.4902229807229807,0.4826297273526825,-0.0237677930842397,8,6,3.5341360089186176,,,4,0.628586,watts_strogatz_29.pkl,watts_strogatz,0.08914291691327841,0.13271189452361262,0.3149717514124294,0.0,-78.90000000000006,-78.90000000000006,331.0,331.0,3,8.486670017242432,periodic
300,1500,0.0334448160535117,10.0,0.9607689228305228,13,1.3,0.05108,0.4828105228105228,0.4760228772547294,0.0217810054452566,8,6,3.500914158305463,,,4,0.6230484444444444,watts_strogatz_3.pkl,watts_strogatz,0.0934054970531418,0.1220504067552476,0.3017492711370262,0.0172413793103448,-73.40000000000009,-73.40000000000009,416.0,416.0,9,10.299015522003174,periodic
300,1500,0.0334448160535117,10.0,0.9916035457647598,13,1.3,0.0516133333333332,0.4908895733895734,0.4816443174324027,-0.001629425556393,7,6,3.537458193979933,,,4,0.594782,watts_strogatz_4.pkl,watts_strogatz,0.09461272363488289,0.132991920156707,0.320754716981132,0.0022988505747126,-85.0000000000001,-85.0000000000001,341.0,341.0,4,13.776054859161375,periodic
300,1500,0.0334448160535117,10.0,1.0050042013922398,13,1.3,0.0537911111111111,0.4686828911828912,0.4606255951944912,-0.0195372491211708,8,6,3.436454849498328,,,3,0.5646064444444445,watts_strogatz_5.pkl,watts_strogatz,0.09487637833551352,0.13256639861885364,0.3175122749590834,0.0,-87.30000000000013,-87.30000000000013,404.0,404.0,3,8.850194692611694,affinity_reactive
300,1500,0.0334448160535117,10.0,1.0149385865401712,15,1.5,0.0527222222222221,0.5001117586117586,0.4901860260729456,0.0208320082484252,8,6,3.531438127090301,,,4,0.6049297777777778,watts_strogatz_6.pkl,watts_strogatz,0.0911343209666354,0.1268576771336354,0.3104895104895105,0.0018726591760299,-74.40000000000003,-74.40000000000003,360.0,360.0,4,8.690751075744629,affinity_periodic
300,1500,0.0334448160535117,10.0,1.028035109950516,13,1.3,0.0545577777777777,0.4812754282754283,0.4718113925904232,-0.0210746466121295,8,6,3.491772575250836,,,4,0.622268,watts_strogatz_7.pkl,watts_strogatz,0.09769622847778901,0.13225034778867328,0.3230088495575221,0.0061728395061728,-81.50000000000004,-81.50000000000004,346.0,346.0,5,10.721548080444336,periodic
300,1500,0.0334448160535117,10.0,1.053739955101157,13,1.3,0.056682222222222,0.4927942982942983,0.4814137274989024,0.013175528052623,7,6,3.487402452619844,,,4,0.5972655555555556,watts_strogatz_8.pkl,watts_strogatz,0.08570395167077029,0.13150677791159052,0.3149931224209078,0.0037453183520599,-66.80000000000005,-66.80000000000005,369.0,369.0,5,5.524378299713135,affinity_periodic
300,1500,0.0334448160535117,10.0,0.9949706303122452,13,1.3,0.0531044444444444,0.4702548932548932,0.4618259085580304,-0.0049742737054646,8,6,3.4601114827201784,,,4,0.618584,watts_strogatz_9.pkl,watts_strogatz,0.0837329987414284,0.12709543487264183,0.2976878612716763,0.0,-53.10000000000006,-53.10000000000006,491.0,491.0,2,5.4131224155426025,periodic
