configuration,iteration,edge_cut_mean,edge_cut_std
affinity,0,720.45,162.41920292561343
affinity,1,619.95,189.1130047654802
affinity,2,587.05,202.27844400124056
affinity,3,574.6833333333333,206.24681238518008
affinity,4,569.9,207.99258228531687
affinity,5,567.8083333333333,208.59652243906035
affinity,6,566.8833333333333,208.80340089205853
affinity,7,566.7,208.78683592875993
affinity,8,566.6583333333333,208.82611059871593
affinity,9,566.6583333333333,208.82611059871593
affinity,10,566.6583333333333,208.82611059871593
affinity,11,566.6583333333333,208.82611059871593
affinity,12,566.6583333333333,208.82611059871593
affinity,13,566.6583333333333,208.82611059871593
affinity,14,566.6583333333333,208.82611059871593
affinity,15,566.6583333333333,208.82611059871593
affinity,16,566.6583333333333,208.82611059871593
affinity,17,566.6583333333333,208.82611059871593
affinity,18,566.6583333333333,208.82611059871593
affinity,19,566.6583333333333,208.82611059871593
affinity,20,566.6583333333333,208.82611059871593
affinity,21,566.6583333333333,208.82611059871593
affinity,22,566.6583333333333,208.82611059871593
affinity,23,566.6583333333333,208.82611059871593
affinity,24,566.6583333333333,208.82611059871593
affinity,25,566.6583333333333,208.82611059871593
affinity,26,566.6583333333333,208.82611059871593
affinity,27,566.6583333333333,208.82611059871593
affinity,28,566.6583333333333,208.82611059871593
affinity,29,566.6583333333333,208.82611059871593
affinity,30,566.6583333333333,208.82611059871593
affinity,31,566.6583333333333,208.82611059871593
affinity,32,566.6583333333333,208.82611059871593
affinity,33,566.6583333333333,208.82611059871593
affinity,34,566.6583333333333,208.82611059871593
affinity,35,566.6583333333333,208.82611059871593
affinity,36,566.6583333333333,208.82611059871593
affinity,37,566.6583333333333,208.82611059871593
affinity,38,566.6583333333333,208.82611059871593
affinity,39,566.6583333333333,208.82611059871593
affinity,40,566.6583333333333,208.82611059871593
affinity,41,566.6583333333333,208.82611059871593
affinity,42,566.6583333333333,208.82611059871593
affinity,43,566.6583333333333,208.82611059871593
affinity,44,566.6583333333333,208.82611059871593
affinity,45,566.6583333333333,208.82611059871593
affinity,46,566.6583333333333,208.82611059871593
affinity,47,566.6583333333333,208.82611059871593
affinity,48,566.6583333333333,208.82611059871593
affinity,49,566.6583333333333,208.82611059871593
affinity_periodic,0,662.7,171.57302877107654
affinity_periodic,1,587.5083333333333,200.07884982791012
affinity_periodic,2,562.6916666666667,210.27224433266196
affinity_periodic,3,552.8166666666667,213.84617039787628
affinity_periodic,4,548.1083333333333,215.09922649999558
affinity_periodic,5,544.875,215.94936235340066
affinity_periodic,6,542.8083333333333,216.84127703407933
affinity_periodic,7,541.1083333333333,217.63865650182998
affinity_periodic,8,540.0583333333333,217.97780689721571
affinity_periodic,9,538.8416666666667,218.33041015213362
affinity_periodic,10,537.8083333333333,218.58895448400168
affinity_periodic,11,536.6666666666666,218.80567078717925
affinity_periodic,12,535.8583333333333,218.7564662509673
affinity_periodic,13,535.3166666666667,218.74216368516946
affinity_periodic,14,534.775,218.8357068593666
affinity_periodic,15,534.3,218.99889106046686
affinity_periodic,16,533.6916666666667,219.3618244225863
affinity_periodic,17,533.1666666666666,219.75874217401397
affinity_periodic,18,532.7583333333333,219.9104858316482
affinity_periodic,19,532.5333333333333,219.97883524371616
affinity_periodic,20,532.2583333333333,220.15176185826846
affinity_periodic,21,532.075,220.18457354812904
affinity_periodic,22,531.9083333333333,220.31737977093775
affinity_periodic,23,531.7083333333334,220.45679833013085
affinity_periodic,24,531.5333333333333,220.539176318668
affinity_periodic,25,531.3583333333333,220.58146214624892
affinity_periodic,26,531.1083333333333,220.63360996443495
affinity_periodic,27,530.9666666666667,220.637957122634
affinity_periodic,28,530.8666666666667,220.63696686743
affinity_periodic,29,530.7583333333333,220.58131737985155
affinity_periodic,30,530.6583333333333,220.6211816946073
affinity_periodic,31,530.5416666666666,220.6065319676159
affinity_periodic,32,530.4083333333333,220.57836488654632
affinity_periodic,33,530.3333333333334,220.60380598640228
affinity_periodic,34,530.225,220.62114233540296
affinity_periodic,35,530.1,220.7369018354945
affinity_periodic,36,529.9666666666667,220.77125822756858
affinity_periodic,37,529.8833333333333,220.79201146085418
affinity_periodic,38,529.7583333333333,220.78515340390402
affinity_periodic,39,529.6916666666667,220.8393764301847
affinity_periodic,40,529.6083333333333,220.79323366175043
affinity_periodic,41,529.475,220.79253589639984
affinity_periodic,42,529.3583333333333,220.7879623070965
affinity_periodic,43,529.2333333333333,220.7920704539684
affinity_periodic,44,529.15,220.84146372644864
affinity_periodic,45,529.0416666666666,220.78387454183124
affinity_periodic,46,529.025,220.7994436762264
affinity_periodic,47,528.9166666666666,220.8076307647034
affinity_periodic,48,528.7916666666666,220.87054255519777
affinity_periodic,49,528.6583333333333,220.8860497831303
affinity_reactive,0,720.45,162.41920292561343
affinity_reactive,1,619.95,189.1130047654802
affinity_reactive,2,586.7583333333333,201.9764524020806
affinity_reactive,3,573.8583333333333,206.09006335989687
affinity_reactive,4,567.8083333333333,207.75127726991929
affinity_reactive,5,563.6,209.13621470831157
affinity_reactive,6,560.2833333333333,209.78356927646962
affinity_reactive,7,558.0166666666667,210.00624173730526
affinity_reactive,8,556.125,210.49387952937667
affinity_reactive,9,554.2666666666667,210.8810144154669
affinity_reactive,10,552.775,211.6172802947048
affinity_reactive,11,551.4333333333333,211.91474952071124
affinity_reactive,12,550.2833333333333,212.07808072719342
affinity_reactive,13,549.4916666666667,212.33582865746587
affinity_reactive,14,548.575,212.4772518718774
affinity_reactive,15,547.9166666666666,212.4827064968444
affinity_reactive,16,547.1916666666667,212.34597169402076
affinity_reactive,17,546.6333333333333,212.41021566743908
affinity_reactive,18,545.7833333333333,212.7090640719745
affinity_reactive,19,544.9416666666667,212.856771026878
affinity_reactive,20,544.275,212.9321887756915
affinity_reactive,21,543.7166666666667,213.11720779351222
affinity_reactive,22,543.4416666666667,213.09424260756785
affinity_reactive,23,543.15,213.24021448973983
affinity_reactive,24,542.7416666666667,213.428298464459
affinity_reactive,25,542.4583333333334,213.46666029153698
affinity_reactive,26,542.1,213.6321900019799
affinity_reactive,27,541.9166666666666,213.6296403809634
affinity_reactive,28,541.7166666666667,213.65145507977024
affinity_reactive,29,541.475,213.77161151742357
affinity_reactive,30,541.2416666666667,213.72486813121
affinity_reactive,31,541.05,213.7536416712733
affinity_reactive,32,540.8583333333333,213.88653615910482
affinity_reactive,33,540.6083333333333,213.9098724776801
affinity_reactive,34,540.3666666666667,213.97553199213343
affinity_reactive,35,540.2083333333334,214.0061609037504
affinity_reactive,36,540.0083333333333,214.1044077289479
affinity_reactive,37,539.8416666666667,214.15281576808786
affinity_reactive,38,539.7,214.13714289302206
affinity_reactive,39,539.6166666666667,214.15266616544903
affinity_reactive,40,539.4916666666667,214.1652152562836
affinity_reactive,41,539.4,214.16315150413925
affinity_reactive,42,539.3083333333333,214.17474197028753
affinity_reactive,43,539.225,214.20921456613863
affinity_reactive,44,539.15,214.21228181566119
affinity_reactive,45,539.0083333333333,214.17527950288766
affinity_reactive,46,538.875,214.23856028802507
affinity_reactive,47,538.7083333333334,214.27593126594496
affinity_reactive,48,538.5333333333333,214.31053936499052
affinity_reactive,49,538.4083333333333,214.30311117523178
baseline,0,723.05,163.9060424642805
baseline,1,628.1,187.77290056042145
baseline,2,599.2333333333333,199.63692815016088
baseline,3,588.7916666666666,204.14704273151358
baseline,4,585.9,205.2768738995779
baseline,5,584.0,206.32930357223873
baseline,6,583.5416666666666,206.5780376619396
baseline,7,583.2833333333333,206.70850597538805
baseline,8,583.2416666666667,206.72158826794646
baseline,9,583.2,206.77193216868935
baseline,10,583.2,206.77193216868935
baseline,11,583.2,206.77193216868935
baseline,12,583.2,206.77193216868935
baseline,13,583.2,206.77193216868935
baseline,14,583.2,206.77193216868935
baseline,15,583.2,206.77193216868935
baseline,16,583.2,206.77193216868935
baseline,17,583.2,206.77193216868935
baseline,18,583.2,206.77193216868935
baseline,19,583.2,206.77193216868935
baseline,20,583.2,206.77193216868935
baseline,21,583.2,206.77193216868935
baseline,22,583.2,206.77193216868935
baseline,23,583.2,206.77193216868935
baseline,24,583.2,206.77193216868935
baseline,25,583.2,206.77193216868935
baseline,26,583.2,206.77193216868935
baseline,27,583.2,206.77193216868935
baseline,28,583.2,206.77193216868935
baseline,29,583.2,206.77193216868935
baseline,30,583.2,206.77193216868935
baseline,31,583.2,206.77193216868935
baseline,32,583.2,206.77193216868935
baseline,33,583.2,206.77193216868935
baseline,34,583.2,206.77193216868935
baseline,35,583.2,206.77193216868935
baseline,36,583.2,206.77193216868935
baseline,37,583.2,206.77193216868935
baseline,38,583.2,206.77193216868935
baseline,39,583.2,206.77193216868935
baseline,40,583.2,206.77193216868935
baseline,41,583.2,206.77193216868935
baseline,42,583.2,206.77193216868935
baseline,43,583.2,206.77193216868935
baseline,44,583.2,206.77193216868935
baseline,45,583.2,206.77193216868935
baseline,46,583.2,206.77193216868935
baseline,47,583.2,206.77193216868935
baseline,48,583.2,206.77193216868935
baseline,49,583.2,206.77193216868935
periodic,0,662.3,168.16731364373774
periodic,1,585.5833333333334,198.9238097182666
periodic,2,565.35,206.92951952396766
periodic,3,558.0166666666667,208.84898582361333
periodic,4,554.1666666666666,209.75629449728677
periodic,5,551.7666666666667,210.01035321951093
periodic,6,550.0833333333334,210.47024514081755
periodic,7,548.7333333333333,210.4538805875095
periodic,8,547.75,210.47342593593626
periodic,9,546.4916666666667,210.5283467942538
periodic,10,545.625,210.58071218546536
periodic,11,544.85,210.5828107136649
periodic,12,544.3333333333334,210.50736362430663
periodic,13,543.8666666666667,210.5330143708013
periodic,14,543.3166666666667,210.57671842285103
periodic,15,542.8833333333333,210.56551240411054
periodic,16,542.275,210.96855325423473
periodic,17,541.9083333333333,211.06293600531106
periodic,18,541.625,211.15990446128936
periodic,19,541.3166666666667,211.26235166847172
periodic,20,541.0,211.34658301297546
periodic,21,540.6916666666667,211.36538103416999
periodic,22,540.3333333333334,211.41294703416213
periodic,23,540.0,211.49170077286323
periodic,24,539.8083333333333,211.58002224294464
periodic,25,539.5416666666666,211.5628875586569
periodic,26,539.3333333333334,211.67576018755764
periodic,27,539.0666666666667,211.79880786729095
periodic,28,538.8166666666667,211.96027784411285
periodic,29,538.65,211.98928346150194
periodic,30,538.4583333333334,212.01192672307172
periodic,31,538.2333333333333,212.03177712268482
periodic,32,538.075,212.04701248591482
periodic,33,537.9416666666667,212.02458616881214
periodic,34,537.775,212.08451076371023
periodic,35,537.65,212.1296436481372
periodic,36,537.5083333333333,212.19081296428112
periodic,37,537.35,212.34788524905989
periodic,38,537.2083333333334,212.48362846804648
periodic,39,537.1666666666666,212.49187165208767
periodic,40,537.0583333333333,212.45030247662382
periodic,41,537.0,212.44894591842237
periodic,42,536.8916666666667,212.42963425521393
periodic,43,536.8333333333334,212.44524092611925
periodic,44,536.8,212.46312977221493
periodic,45,536.775,212.4733680790539
periodic,46,536.75,212.50278297732768
periodic,47,536.7166666666667,212.52607090031302
periodic,48,536.7083333333334,212.51797337072983
periodic,49,536.6833333333333,212.51250020904183
reactive,0,723.05,163.9060424642805
reactive,1,627.925,187.59003048620445
reactive,2,597.4416666666667,197.904900166226
reactive,3,583.6583333333333,202.01058695250688
reactive,4,576.4,203.14209953882522
reactive,5,570.075,205.60164480017616
reactive,6,565.1833333333333,206.73992037792598
reactive,7,561.675,207.920563471451
reactive,8,558.7083333333334,209.04293298060003
reactive,9,556.6916666666667,209.22260252889407
reactive,10,554.7333333333333,209.80638266573996
reactive,11,553.075,210.0368580099433
reactive,12,551.7333333333333,210.2184031687338
reactive,13,550.7083333333334,210.52477032778978
reactive,14,549.9833333333333,210.4212255378786
reactive,15,549.225,210.50613127061408
reactive,16,548.4583333333334,210.3401365389299
reactive,17,547.8416666666667,210.08225663254075
reactive,18,547.1083333333333,209.97834205377615
reactive,19,546.425,209.9445970334303
reactive,20,545.8,209.95820312343957
reactive,21,545.3583333333333,210.01083588823747
reactive,22,545.05,210.0662900574184
reactive,23,544.6333333333333,210.25978062896405
reactive,24,544.3416666666667,210.30524018107357
reactive,25,544.1166666666667,210.384609117448
reactive,26,543.8583333333333,210.45206627372315
reactive,27,543.6916666666667,210.42425315663263
reactive,28,543.4583333333334,210.4191453663251
reactive,29,543.2583333333333,210.4638532941402
reactive,30,542.975,210.44851912446586
reactive,31,542.775,210.35306304984914
reactive,32,542.5833333333334,210.31511305351196
reactive,33,542.4083333333333,210.22410994117743
reactive,34,542.2166666666667,210.22021999883498
reactive,35,542.0,210.3027030039231
reactive,36,541.8833333333333,210.27202003348808
reactive,37,541.7416666666667,210.25604621981458
reactive,38,541.6583333333333,210.27574916350787
reactive,39,541.525,210.30182241864915
reactive,40,541.35,210.24977742571576
reactive,41,541.15,210.26060860135405
reactive,42,540.8833333333333,210.41692040365197
reactive,43,540.6583333333333,210.52633104774756
reactive,44,540.525,210.6206898668789
reactive,45,540.475,210.6559967092792
reactive,46,540.3916666666667,210.72205979582148
reactive,47,540.2666666666667,210.7628693931784
reactive,48,540.1583333333333,210.7757179831598
reactive,49,540.0083333333333,210.79957807084412
