graph,family,nodes,edges,avg_degree,max_degree,degree_std,hub_ratio,density,assortativity
barabasi_albert_0.pkl,barabasi_albert,300,1475,9.833333333333334,65,8.345320252850156,6.610169491525423,0.03288740245261984,-0.05595005355401425
barabasi_albert_1.pkl,barabasi_albert,300,1475,9.833333333333334,63,8.301522338262087,6.406779661016949,0.03288740245261984,-0.08540590775883135
barabasi_albert_10.pkl,barabasi_albert,300,1475,9.833333333333334,67,8.043707249143392,6.813559322033898,0.03288740245261984,-0.06773524816393608
barabasi_albert_11.pkl,barabasi_albert,300,1475,9.833333333333334,59,8.524147613143366,6.0,0.03288740245261984,-0.07609886668961605
barabasi_albert_12.pkl,barabasi_albert,300,1475,9.833333333333334,68,8.34010872836151,6.915254237288135,0.03288740245261984,-0.08390408366359885
barabasi_albert_13.pkl,barabasi_albert,300,1475,9.833333333333334,65,8.84721044535717,6.610169491525423,0.03288740245261984,-0.08452973764087914
barabasi_albert_14.pkl,barabasi_albert,300,1475,9.833333333333334,69,8.326864825067036,7.016949152542373,0.03288740245261984,-0.07719311541951701
barabasi_albert_15.pkl,barabasi_albert,300,1475,9.833333333333334,59,8.408004361720517,6.0,0.03288740245261984,-0.10391236262109874
barabasi_albert_16.pkl,barabasi_albert,300,1475,9.833333333333334,65,8.431836996725767,6.610169491525423,0.03288740245261984,-0.0841273964279657
barabasi_albert_17.pkl,barabasi_albert,300,1475,9.833333333333334,88,9.249725055421477,8.94915254237288,0.03288740245261984,-0.0947900958370608
barabasi_albert_18.pkl,barabasi_albert,300,1475,9.833333333333334,60,7.989471890715347,6.101694915254237,0.03288740245261984,-0.062108838658813975
barabasi_albert_19.pkl,barabasi_albert,300,1475,9.833333333333334,67,8.324052803320253,6.813559322033898,0.03288740245261984,-0.06707730711774099
barabasi_albert_2.pkl,barabasi_albert,300,1475,9.833333333333334,61,8.487186223292836,6.203389830508474,0.03288740245261984,-0.07702958202326803
barabasi_albert_20.pkl,barabasi_albert,300,1475,9.833333333333334,76,8.946079028761805,7.728813559322034,0.03288740245261984,-0.09308747017186311
barabasi_albert_21.pkl,barabasi_albert,300,1475,9.833333333333334,68,8.020389290434887,6.915254237288135,0.03288740245261984,-0.0669217537623772
barabasi_albert_22.pkl,barabasi_albert,300,1475,9.833333333333334,76,8.858166435416946,7.728813559322034,0.03288740245261984,-0.10810709054094175
barabasi_albert_23.pkl,barabasi_albert,300,1475,9.833333333333334,66,8.685063229469806,6.711864406779661,0.03288740245261984,-0.11197688797799413
barabasi_albert_24.pkl,barabasi_albert,300,1475,9.833333333333334,73,8.52061569734027,7.423728813559322,0.03288740245261984,-0.10112340832910817
barabasi_albert_25.pkl,barabasi_albert,300,1475,9.833333333333334,69,8.237622044338613,7.016949152542373,0.03288740245261984,-0.07134816160697409
barabasi_albert_26.pkl,barabasi_albert,300,1475,9.833333333333334,54,7.823228141293377,5.491525423728813,0.03288740245261984,-0.039337788136604275
barabasi_albert_27.pkl,barabasi_albert,300,1475,9.833333333333334,58,7.770897312345528,5.898305084745762,0.03288740245261984,-0.05540567568372568
barabasi_albert_28.pkl,barabasi_albert,300,1475,9.833333333333334,71,8.038716237770402,7.220338983050847,0.03288740245261984,-0.054788318692552296
barabasi_albert_29.pkl,barabasi_albert,300,1475,9.833333333333334,79,8.752957773700432,8.033898305084746,0.03288740245261984,-0.09105760567070972
barabasi_albert_3.pkl,barabasi_albert,300,1475,9.833333333333334,77,8.88982482995286,7.830508474576271,0.03288740245261984,-0.08668263629236723
barabasi_albert_4.pkl,barabasi_albert,300,1475,9.833333333333334,71,8.528070248465637,7.220338983050847,0.03288740245261984,-0.0749207552112458
barabasi_albert_5.pkl,barabasi_albert,300,1475,9.833333333333334,71,8.402433686841059,7.220338983050847,0.03288740245261984,-0.07762460523447863
barabasi_albert_6.pkl,barabasi_albert,300,1475,9.833333333333334,67,8.059491727890082,6.813559322033898,0.03288740245261984,-0.08030787210204238
barabasi_albert_7.pkl,barabasi_albert,300,1475,9.833333333333334,62,8.511583031840509,6.305084745762711,0.03288740245261984,-0.1092495486700815
barabasi_albert_8.pkl,barabasi_albert,300,1475,9.833333333333334,67,8.923619904288257,6.813559322033898,0.03288740245261984,-0.1032608856875606
barabasi_albert_9.pkl,barabasi_albert,300,1475,9.833333333333334,69,8.92474420282406,7.016949152542373,0.03288740245261984,-0.11748636925533842
planted_partition_0.pkl,planted_partition,300,985,6.566666666666666,13,2.5469942063498077,1.9796954314720814,0.021962095875139354,0.018879170862597335
planted_partition_1.pkl,planted_partition,300,932,6.213333333333333,13,2.420886447742873,2.092274678111588,0.020780379041248607,-0.046240997862927985
planted_partition_10.pkl,planted_partition,300,886,5.906666666666666,13,2.3344065058749144,2.2009029345372464,0.019754738015607582,0.030279570568138785
planted_partition_11.pkl,planted_partition,300,924,6.16,16,2.3521995683539587,2.5974025974025974,0.020602006688963212,0.047032155706348215
planted_partition_12.pkl,planted_partition,300,867,5.78,15,2.4573145197205486,2.5951557093425603,0.019331103678929765,-0.027991194959026328
planted_partition_13.pkl,planted_partition,300,883,5.886666666666667,14,2.3406732778271304,2.378255945639864,0.01968784838350056,0.002775462184327694
planted_partition_14.pkl,planted_partition,300,868,5.786666666666667,15,2.405641826529332,2.592165898617511,0.01935340022296544,-0.02185393216014138
planted_partition_15.pkl,planted_partition,300,886,5.906666666666666,15,2.4545273619969135,2.539503386004515,0.019754738015607582,-0.05045972771282141
planted_partition_16.pkl,planted_partition,300,886,5.906666666666666,12,2.2497764041011696,2.0316027088036117,0.019754738015607582,0.02286202054764341
planted_partition_17.pkl,planted_partition,300,847,5.6466666666666665,13,2.4334257247926216,2.3022432113341207,0.018885172798216276,-0.010006712580613935
planted_partition_18.pkl,planted_partition,300,871,5.806666666666667,15,2.4101143248995145,2.5832376578645238,0.019420289855072465,-0.012973130380720456
planted_partition_19.pkl,planted_partition,300,884,5.8933333333333335,14,2.4044180813498226,2.3755656108597285,0.01971014492753623,0.029549106391865126
planted_partition_2.pkl,planted_partition,300,885,5.9,15,2.601131732078446,2.542372881355932,0.019732441471571906,0.009319597982813089
planted_partition_20.pkl,planted_partition,300,930,6.2,16,2.5927606960064504,2.5806451612903225,0.02073578595317726,-0.030922802335063563
planted_partition_21.pkl,planted_partition,300,894,5.96,12,2.1926603013974635,2.0134228187919465,0.019933110367892977,-0.03801708316421329
planted_partition_22.pkl,planted_partition,300,937,6.246666666666667,14,2.5312407011541764,2.2411953041622197,0.020891861761426978,0.023583027082558102
planted_partition_23.pkl,planted_partition,300,881,5.873333333333333,15,2.4214666129049975,2.5539160045402953,0.019643255295429207,-0.029221216847208076
planted_partition_24.pkl,planted_partition,300,917,6.113333333333333,13,2.5288612760292373,2.1264994547437297,0.02044593088071349,-0.02036488841301
planted_partition_25.pkl,planted_partition,300,912,6.08,15,2.3746712499102904,2.4671052631578947,0.020334448160535118,-0.012226066072934427
planted_partition_26.pkl,planted_partition,300,902,6.013333333333334,13,2.364697627984363,2.161862527716186,0.020111482720178372,-0.035362532950957454
planted_partition_27.pkl,planted_partition,300,862,5.746666666666667,12,2.237373838797921,2.088167053364269,0.019219620958751394,-0.024250656184405816
planted_partition_28.pkl,planted_partition,300,926,6.173333333333333,14,2.4240894347185162,2.267818574514039,0.02064659977703456,0.0017932643150480464
planted_partition_29.pkl,planted_partition,300,909,6.06,15,2.583016307371511,2.4752475247524752,0.020267558528428094,-0.04577138193401554
planted_partition_3.pkl,planted_partition,300,907,6.046666666666667,14,2.5402095262029594,2.3153252480705624,0.020222965440356743,0.029121945242647697
planted_partition_4.pkl,planted_partition,300,886,5.906666666666666,13,2.3572180947129953,2.2009029345372464,0.019754738015607582,0.0233219799520643
planted_partition_5.pkl,planted_partition,300,921,6.14,14,2.420729871416448,2.2801302931596092,0.02053511705685619,-0.017919664158842982
planted_partition_6.pkl,planted_partition,300,919,6.126666666666667,14,2.498954073292191,2.2850924918389555,0.020490523968784837,-0.043299590173749423
planted_partition_7.pkl,planted_partition,300,899,5.993333333333333,14,2.232315613636471,2.335928809788654,0.020044593088071348,-0.010059507142835248
planted_partition_8.pkl,planted_partition,300,873,5.82,14,2.2740943288972004,2.4054982817869415,0.019464882943143812,-0.019875441175056116
planted_partition_9.pkl,planted_partition,300,922,6.1466666666666665,14,2.3855379953614793,2.27765726681128,0.02055741360089186,0.021073451691508774
random_regular_0.pkl,random_regular,300,1500,10.0,10,0.0,1.0,0.033444816053511704,
random_regular_1.pkl,random_regular,300,1500,10.0,10,0.0,1.0,0.033444816053511704,
random_regular_10.pkl,random_regular,300,1500,10.0,10,0.0,1.0,0.033444816053511704,
random_regular_11.pkl,random_regular,300,1500,10.0,10,0.0,1.0,0.033444816053511704,
random_regular_12.pkl,random_regular,300,1500,10.0,10,0.0,1.0,0.033444816053511704,
random_regular_13.pkl,random_regular,300,1500,10.0,10,0.0,1.0,0.033444816053511704,
random_regular_14.pkl,random_regular,300,1500,10.0,10,0.0,1.0,0.033444816053511704,
random_regular_15.pkl,random_regular,300,1500,10.0,10,0.0,1.0,0.033444816053511704,
random_regular_16.pkl,random_regular,300,1500,10.0,10,0.0,1.0,0.033444816053511704,
random_regular_17.pkl,random_regular,300,1500,10.0,10,0.0,1.0,0.033444816053511704,
random_regular_18.pkl,random_regular,300,1500,10.0,10,0.0,1.0,0.033444816053511704,
random_regular_19.pkl,random_regular,300,1500,10.0,10,0.0,1.0,0.033444816053511704,
random_regular_2.pkl,random_regular,300,1500,10.0,10,0.0,1.0,0.033444816053511704,
random_regular_20.pkl,random_regular,300,1500,10.0,10,0.0,1.0,0.033444816053511704,
random_regular_21.pkl,random_regular,300,1500,10.0,10,0.0,1.0,0.033444816053511704,
random_regular_22.pkl,random_regular,300,1500,10.0,10,0.0,1.0,0.033444816053511704,
random_regular_23.pkl,random_regular,300,1500,10.0,10,0.0,1.0,0.033444816053511704,
random_regular_24.pkl,random_regular,300,1500,10.0,10,0.0,1.0,0.033444816053511704,
random_regular_25.pkl,random_regular,300,1500,10.0,10,0.0,1.0,0.033444816053511704,
random_regular_26.pkl,random_regular,300,1500,10.0,10,0.0,1.0,0.033444816053511704,
random_regular_27.pkl,random_regular,300,1500,10.0,10,0.0,1.0,0.033444816053511704,
random_regular_28.pkl,random_regular,300,1500,10.0,10,0.0,1.0,0.033444816053511704,
random_regular_29.pkl,random_regular,300,1500,10.0,10,0.0,1.0,0.033444816053511704,
random_regular_3.pkl,random_regular,300,1500,10.0,10,0.0,1.0,0.033444816053511704,
random_regular_4.pkl,random_regular,300,1500,10.0,10,0.0,1.0,0.033444816053511704,
random_regular_5.pkl,random_regular,300,1500,10.0,10,0.0,1.0,0.033444816053511704,
random_regular_6.pkl,random_regular,300,1500,10.0,10,0.0,1.0,0.033444816053511704,
random_regular_7.pkl,random_regular,300,1500,10.0,10,0.0,1.0,0.033444816053511704,
random_regular_8.pkl,random_regular,300,1500,10.0,10,0.0,1.0,0.033444816053511704,
random_regular_9.pkl,random_regular,300,1500,10.0,10,0.0,1.0,0.033444816053511704,
watts_strogatz_0.pkl,watts_strogatz,300,1500,10.0,14,1.0016708449412668,1.4,0.033444816053511704,0.008365508365491008
watts_strogatz_1.pkl,watts_strogatz,300,1500,10.0,13,0.8921808236414738,1.3,0.033444816053511704,0.03680367524175284
watts_strogatz_10.pkl,watts_strogatz,300,1500,10.0,14,0.9916035457647598,1.4,0.033444816053511704,-0.04364239080860975
watts_strogatz_11.pkl,watts_strogatz,300,1500,10.0,13,0.9360844943711046,1.3,0.033444816053511704,-0.042303057371449
watts_strogatz_12.pkl,watts_strogatz,300,1500,10.0,14,0.928911327404614,1.4,0.033444816053511704,0.01571990802355821
watts_strogatz_13.pkl,watts_strogatz,300,1500,10.0,14,0.9396505434536336,1.4,0.033444816053511704,-0.004943274874789073
watts_strogatz_14.pkl,watts_strogatz,300,1500,10.0,15,0.9607689228305228,1.5,0.033444816053511704,-0.01211802474005417
watts_strogatz_15.pkl,watts_strogatz,300,1500,10.0,12,0.9070515282586695,1.2,0.033444816053511704,0.02083260167538481
watts_strogatz_16.pkl,watts_strogatz,300,1500,10.0,13,0.8846517369293828,1.3,0.033444816053511704,-0.005223067439477461
watts_strogatz_17.pkl,watts_strogatz,300,1500,10.0,12,0.9711559157565948,1.2,0.033444816053511704,-0.022328336712506894
watts_strogatz_18.pkl,watts_strogatz,300,1500,10.0,13,0.9677059726478533,1.3,0.033444816053511704,-0.04141899281940892
watts_strogatz_19.pkl,watts_strogatz,300,1500,10.0,13,0.8921808236414738,1.3,0.033444816053511704,-0.006302662184421758
watts_strogatz_2.pkl,watts_strogatz,300,1500,10.0,13,1.0050042013922398,1.3,0.033444816053511704,-0.041613102416871724
watts_strogatz_20.pkl,watts_strogatz,300,1500,10.0,14,1.0788325165020785,1.4,0.033444816053511704,0.00840950473828619
watts_strogatz_21.pkl,watts_strogatz,300,1500,10.0,13,0.9502684007399257,1.3,0.033444816053511704,-0.01502778088525466
watts_strogatz_22.pkl,watts_strogatz,300,1500,10.0,13,0.9983263586596564,1.3,0.033444816053511704,0.030268605319777805
watts_strogatz_23.pkl,watts_strogatz,300,1500,10.0,13,0.9711559157565948,1.3,0.033444816053511704,-0.003026151239265694
watts_strogatz_24.pkl,watts_strogatz,300,1500,10.0,13,0.8996469021204838,1.3,0.033444816053511704,-0.04238372058109597
watts_strogatz_25.pkl,watts_strogatz,300,1500,10.0,13,0.9396505434536336,1.3,0.033444816053511704,0.03308260585763086
watts_strogatz_26.pkl,watts_strogatz,300,1500,10.0,13,0.9848348417637546,1.3,0.033444816053511704,-0.027515603145313143
watts_strogatz_27.pkl,watts_strogatz,300,1500,10.0,14,0.9502684007399257,1.4,0.033444816053511704,-0.03227693095002163
watts_strogatz_28.pkl,watts_strogatz,300,1500,10.0,13,0.9432031101641954,1.3,0.033444816053511704,-0.024763997178674776
watts_strogatz_29.pkl,watts_strogatz,300,1500,10.0,13,0.9814329841314369,1.3,0.033444816053511704,-0.023767793084239715
watts_strogatz_3.pkl,watts_strogatz,300,1500,10.0,13,0.9607689228305228,1.3,0.033444816053511704,0.021781005445256633
watts_strogatz_4.pkl,watts_strogatz,300,1500,10.0,13,0.9916035457647598,1.3,0.033444816053511704,-0.0016294255563930051
watts_strogatz_5.pkl,watts_strogatz,300,1500,10.0,13,1.0050042013922398,1.3,0.033444816053511704,-0.019537249121170892
watts_strogatz_6.pkl,watts_strogatz,300,1500,10.0,15,1.0149385865401712,1.5,0.033444816053511704,0.020832008248425293
watts_strogatz_7.pkl,watts_strogatz,300,1500,10.0,13,1.028035109950516,1.3,0.033444816053511704,-0.021074646612129568
watts_strogatz_8.pkl,watts_strogatz,300,1500,10.0,13,1.053739955101157,1.3,0.033444816053511704,0.013175528052623047
watts_strogatz_9.pkl,watts_strogatz,300,1500,10.0,13,0.9949706303122452,1.3,0.033444816053511704,-0.004974273705464676
