nodes,edges,density,avg_degree,degree_std,max_degree,hub_ratio,degree_gini,clustering,transitivity,assortativity,core_number,diameter,avg_path,spectral_radius,algebraic_connectivity,communities,modularity,graph,family,improvement,improvement_%,PC1,PC2,cluster
300,1475,0.0328874024526198,9.833333333333334,8.345320252850156,65,6.610169491525423,0.3309107344632767,0.083955261700934,0.0733330489313595,-0.0559500535540142,5,4,2.6130657748049053,,,7,0.2591413961505315,barabasi_albert_0.pkl,barabasi_albert,23,2.875,-3.52493505070498,0.02597555377931824,2
300,1475,0.0328874024526198,9.833333333333334,8.301522338262087,63,6.406779661016949,0.3426327683615817,0.0905944756741346,0.0722612720726898,-0.0854059077588313,5,4,2.614091415830546,,,7,0.2705900603274921,barabasi_albert_1.pkl,barabasi_albert,5,0.6402048655569782,-3.4516050170059276,0.002668435800684173,2
300,1475,0.0328874024526198,9.833333333333334,8.043707249143392,67,6.813559322033898,0.3386079096045198,0.0851307329623106,0.0695092943353008,-0.067735248163936,5,4,2.621917502787068,,,8,0.2714617638609595,barabasi_albert_10.pkl,barabasi_albert,57,6.942752740560293,-3.735843700916023,-0.0024708053130510013,2
300,1475,0.0328874024526198,9.833333333333334,8.524147613143366,59,6.0,0.3477649717514124,0.0977305386771299,0.0763435459568056,-0.076098866689616,5,4,2.60396878483835,,,7,0.2721080149382361,barabasi_albert_11.pkl,barabasi_albert,40,4.962779156327543,-3.358694410169931,0.016049235721918412,2
300,1475,0.0328874024526198,9.833333333333334,8.34010872836151,68,6.915254237288135,0.3399977401129943,0.0893542594535772,0.0735017927266518,-0.0839040836635988,5,4,2.6078037904124862,,,9,0.2628028727377191,barabasi_albert_12.pkl,barabasi_albert,21,2.661596958174905,-4.0181066976492295,0.008894553844531345,2
300,1475,0.0328874024526198,9.833333333333334,8.84721044535717,65,6.610169491525423,0.3412949152542373,0.099175781514736,0.0750879463022118,-0.0845297376408791,5,4,2.591839464882943,,,8,0.2633126113185866,barabasi_albert_13.pkl,barabasi_albert,34,4.207920792079208,-3.7805298367490625,0.009867332758817746,2
300,1475,0.0328874024526198,9.833333333333334,8.326864825067036,69,7.016949152542373,0.3362440677966101,0.0858985202054246,0.0718102158580893,-0.077193115419517,5,4,2.610746934225195,,,9,0.2625551278368285,barabasi_albert_14.pkl,barabasi_albert,37,4.590570719602978,-4.043088347193584,0.007583930034891433,2
300,1475,0.0328874024526198,9.833333333333334,8.408004361720517,59,6.0,0.3465491525423727,0.0968710660454579,0.0732265446224256,-0.1039123626210987,5,4,2.60726867335563,,,7,0.2624466532605573,barabasi_albert_15.pkl,barabasi_albert,-11,-1.4473684210526316,-3.3709913874228623,0.029813992516834645,2
300,1475,0.0328874024526198,9.833333333333334,8.431836996725767,65,6.610169491525423,0.3394734463276836,0.0869259739194531,0.070631498858737,-0.0841273964279657,5,4,2.607068004459309,,,6,0.2715325481183568,barabasi_albert_16.pkl,barabasi_albert,18,2.2641509433962264,-3.3251249478994787,-0.015579583958543097,2
300,1475,0.0328874024526198,9.833333333333334,9.249725055421475,88,8.94915254237288,0.3509920903954802,0.1076301071402371,0.0766847405112316,-0.0947900958370608,5,4,2.578840579710145,,,9,0.267127147371445,barabasi_albert_17.pkl,barabasi_albert,25,3.1133250311332503,-4.686376265406677,-0.13926774874388684,2
300,1475,0.0328874024526198,9.833333333333334,7.989471890715347,60,6.101694915254237,0.3376610169491525,0.0800882878800862,0.0679160021265284,-0.0621088386588139,5,4,2.620758082497213,,,7,0.2743103705831657,barabasi_albert_18.pkl,barabasi_albert,-9,-1.1673151750972763,-3.3307432025446757,0.025984184961642537,2
300,1475,0.0328874024526198,9.833333333333334,8.324052803320253,67,6.813559322033898,0.3371954802259886,0.0917380472795543,0.0768342739866598,-0.0670773071177409,5,4,2.6118840579710145,,,8,0.2652968687158862,barabasi_albert_19.pkl,barabasi_albert,6,0.7623888182973316,-3.764106133717229,0.010921909182275988,2
300,1475,0.0328874024526198,9.833333333333334,8.487186223292836,61,6.203389830508474,0.3490621468926553,0.0941018814252673,0.0743759979830237,-0.077029582023268,5,4,2.605886287625418,,,9,0.2669628267739155,barabasi_albert_2.pkl,barabasi_albert,5,0.628140703517588,-3.835079959992342,0.022102276414799588,2
300,1475,0.0328874024526198,9.833333333333334,8.946079028761805,76,7.728813559322034,0.349534463276836,0.107027525631269,0.0798191565975834,-0.0930874701718631,5,4,2.5927759197324414,,,6,0.2748490663602413,barabasi_albert_20.pkl,barabasi_albert,11,1.371571072319202,-3.6743700116843594,-0.09801574059406228,2
300,1475,0.0328874024526198,9.833333333333334,8.020389290434887,68,6.915254237288135,0.3331887005649716,0.0832699088686944,0.0715358120639406,-0.0669217537623772,5,4,2.6183277591973244,,,6,0.2674210858948578,barabasi_albert_21.pkl,barabasi_albert,118,13.563218390804598,-3.3615906931759936,-0.005832614659664353,2
300,1475,0.0328874024526198,9.833333333333334,8.858166435416946,76,7.728813559322034,0.3406689265536722,0.1025079175142324,0.0753634894991922,-0.1081070905409417,5,4,2.583500557413601,,,8,0.2656705544383798,barabasi_albert_22.pkl,barabasi_albert,14,1.6908212560386473,-4.0907520364930425,-0.04666386758482396,2
300,1475,0.0328874024526198,9.833333333333334,8.685063229469806,66,6.711864406779661,0.3476045197740112,0.1045150052450281,0.0749197728955813,-0.1119768879779941,5,4,2.594715719063545,,,8,0.2728195346164895,barabasi_albert_23.pkl,barabasi_albert,4,0.5115089514066496,-3.773683480746403,-0.012679468459130799,2
300,1475,0.0328874024526198,9.833333333333334,8.52061569734027,73,7.423728813559322,0.3456790960451976,0.0953592462268142,0.0707197588242683,-0.1011234083291081,5,4,2.603032329988852,,,6,0.2663096811261132,barabasi_albert_24.pkl,barabasi_albert,22,2.7127003699136867,-3.579718568292236,-0.06472860552725014,2
300,1475,0.0328874024526198,9.833333333333334,8.237622044338613,69,7.016949152542373,0.339489265536723,0.0937997223211088,0.0732717700871666,-0.071348161606974,5,4,2.6133333333333333,,,9,0.2773759264579144,barabasi_albert_25.pkl,barabasi_albert,-6,-0.7761966364812419,-3.9901628327929957,-0.008559602185764079,2
300,1475,0.0328874024526198,9.833333333333334,7.823228141293377,54,5.491525423728813,0.3288361581920902,0.0886709416821957,0.0788583795482213,-0.0393377881366042,5,4,2.6391750278706803,,,7,0.2686894570525711,barabasi_albert_26.pkl,barabasi_albert,31,4.025974025974026,-3.096025279202116,0.09340942448137066,2
300,1475,0.0328874024526198,9.833333333333334,7.770897312345528,58,5.898305084745762,0.3350079096045197,0.0775779576995352,0.0704538241827991,-0.0554056756837256,5,4,2.634158305462653,,,8,0.2687004883654122,barabasi_albert_27.pkl,barabasi_albert,24,3.022670025188917,-3.4498078324952153,0.058977494926663654,2
300,1475,0.0328874024526198,9.833333333333334,8.038716237770402,71,7.220338983050847,0.329541242937853,0.0787138999249462,0.0720581754076685,-0.0547883186925522,5,4,2.62546265328874,,,6,0.2714224648089629,barabasi_albert_28.pkl,barabasi_albert,9,1.1264080100125156,-3.4319205140203057,-0.02651487337553125,2
300,1475,0.0328874024526198,9.833333333333334,8.752957773700432,79,8.033898305084746,0.3370666666666666,0.0946615072626764,0.0720499938732998,-0.0910576056707097,5,4,2.5950278706800445,,,7,0.2694428037920138,barabasi_albert_29.pkl,barabasi_albert,8,1.0335917312661498,-3.9552198904411355,-0.0780329321667696,2
300,1475,0.0328874024526198,9.833333333333334,8.88982482995286,77,7.830508474576271,0.3436203389830508,0.1054765342929861,0.0804218322331347,-0.0866826362923672,5,4,2.599442586399108,,,9,0.2673990232691755,barabasi_albert_3.pkl,barabasi_albert,39,4.850746268656716,-4.30140812911261,-0.058007739008262824,2
300,1475,0.0328874024526198,9.833333333333334,8.528070248465637,71,7.220338983050847,0.3457333333333332,0.0967329403148546,0.0756840431763032,-0.0749207552112458,5,4,2.6043701226309923,,,7,0.2579166906061477,barabasi_albert_4.pkl,barabasi_albert,39,4.808877928483354,-3.734315797394514,-0.032632666223735035,2
300,1475,0.0328874024526198,9.833333333333334,8.402433686841059,71,7.220338983050847,0.3397785310734462,0.0912505553503875,0.0708531207598371,-0.0776246052344786,5,4,2.6077591973244147,,,8,0.2667688595231255,barabasi_albert_5.pkl,barabasi_albert,15,1.8726591760299625,-3.9006288715096895,-0.023675891569996322,2
300,1475,0.0328874024526198,9.833333333333334,8.059491727890082,67,6.813559322033898,0.3382508474576271,0.0865161447740467,0.0676781002638522,-0.0803078721020423,5,4,2.6219843924191752,,,9,0.2630775064636598,barabasi_albert_6.pkl,barabasi_albert,53,6.683480453972257,-3.958382584796176,0.01556172999811175,2
300,1475,0.0328874024526198,9.833333333333334,8.511583031840509,62,6.305084745762711,0.3492836158192089,0.0911042647894588,0.0690276613579212,-0.1092495486700815,5,4,2.597547380156076,,,6,0.2714114334961218,barabasi_albert_7.pkl,barabasi_albert,42,5.185185185185185,-3.2718999149923644,-0.016439731305651704,2
300,1475,0.0328874024526198,9.833333333333334,8.923619904288257,67,6.813559322033898,0.3528949152542371,0.1029085463082754,0.0756797946578968,-0.1032608856875606,5,4,2.583634336677815,,,6,0.267840735420856,barabasi_albert_8.pkl,barabasi_albert,61,7.201889020070838,-3.457337242958067,-0.045598300339829034,2
300,1475,0.0328874024526198,9.833333333333334,8.92474420282406,69,7.016949152542373,0.3466011299435028,0.1061303871319752,0.0714600794000882,-0.1174863692553384,5,4,2.586934225195095,,,7,0.2594534903763286,barabasi_albert_9.pkl,barabasi_albert,52,6.326034063260341,-3.721776336327721,-0.02720157551160763,2
300,985,0.0219620958751393,6.566666666666666,2.546994206349808,13,1.9796954314720812,0.2194416243654822,0.0392380582380582,0.0418410041841004,0.0188791708625973,4,6,3.3712151616499444,,,5,0.4773392769718364,planted_partition_0.pkl,planted_partition,40,9.111617312072893,0.6779807000668677,-2.502688924001419,0
300,932,0.0207803790412486,6.213333333333333,2.420886447742873,13,2.092274678111588,0.2181616595135906,0.0438612128612128,0.0455100261551874,-0.0462409978629279,4,6,3.447157190635452,,,5,0.4941614553592808,planted_partition_1.pkl,planted_partition,23,5.361305361305361,0.8107598663799638,-2.749562785693539,0
300,886,0.0197547380156075,5.906666666666666,2.3344065058749144,13,2.2009029345372464,0.2202784048156507,0.0456450771450771,0.0406819062378922,0.0302795705681387,4,7,3.5460259028978025,,,6,0.5041630785379798,planted_partition_10.pkl,planted_partition,14,3.6363636363636362,0.9323953124696855,-3.2644492165776455,0
300,924,0.0206020066889632,6.16,2.3521995683539587,16,2.5974025974025974,0.2106313131313131,0.0333141025641025,0.0343163538873994,0.0470321557063482,4,7,3.451036789297659,,,4,0.4872689089409869,planted_partition_11.pkl,planted_partition,-34,-9.523809523809524,1.0964103766296978,-3.081011183072066,0
300,867,0.0193311036789297,5.78,2.4573145197205486,15,2.5951557093425603,0.234951941560938,0.029522052022052,0.0344759262928472,-0.0279911949590263,4,7,3.5259977703455965,,,6,0.4845381534118498,planted_partition_12.pkl,planted_partition,-8,-2.2222222222222223,0.7193226616233258,-3.3699699525501168,0
300,883,0.0196878483835005,5.886666666666667,2.3406732778271304,14,2.378255945639864,0.2216232540581351,0.0386699596699596,0.0379820802493182,0.0027754621843276,4,8,3.5243032329988853,,,6,0.4703824217091686,planted_partition_13.pkl,planted_partition,5,1.3513513513513513,0.9966150381952955,-3.5225068440884306,0
300,868,0.0193534002229654,5.786666666666667,2.405641826529332,15,2.592165898617511,0.2312711213517664,0.0355988455988455,0.0358565737051792,-0.0218539321601413,4,7,3.5089896972009607,,,9,0.4771974346450339,planted_partition_14.pkl,planted_partition,19,5.163043478260869,0.109162865932581,-3.306590419890298,0
300,886,0.0197547380156075,5.906666666666666,2.454527361996913,15,2.539503386004515,0.2319638826185099,0.028048507048507,0.0337271341463414,-0.0504597277128214,4,6,3.501592501592502,,,8,0.478034282977238,planted_partition_15.pkl,planted_partition,33,8.439897698209718,0.06876096798050314,-2.974342009685823,0
300,886,0.0197547380156075,5.906666666666666,2.2497764041011696,12,2.031602708803612,0.2125507900677199,0.0425045695045695,0.0352664576802507,0.0228620205476434,4,8,3.532352285395764,,,6,0.4794253728681419,planted_partition_16.pkl,planted_partition,72,18.65284974093264,1.1302874060584305,-3.4843605729832214,0
300,847,0.0188851727982162,5.6466666666666665,2.4334257247926216,13,2.3022432113341207,0.2421881149153875,0.0339586524586524,0.0323584318606098,-0.0100067125806139,4,7,3.617776867776868,,,8,0.5115993805486131,planted_partition_17.pkl,planted_partition,1,0.2702702702702703,0.5235193854644818,-3.5081952560488623,0
300,871,0.0194202898550724,5.806666666666667,2.4101143248995145,15,2.583237657864524,0.231044776119403,0.0394668109668109,0.0397626112759643,-0.0129731303807204,4,7,3.57355629877369,,,5,0.4990496163534531,planted_partition_18.pkl,planted_partition,-6,-1.675977653631285,1.0261882005284102,-3.388661280008585,0
300,884,0.0197101449275362,5.8933333333333335,2.4044180813498226,14,2.3755656108597285,0.230180995475113,0.0359460169460169,0.0398843930635838,0.0295491063918651,4,7,3.539910813823857,,,6,0.4826823263241948,planted_partition_19.pkl,planted_partition,22,5.898123324396783,0.7957309772577535,-3.2842483853192834,0
300,885,0.0197324414715719,5.9,2.601131732078446,15,2.542372881355932,0.245713747645951,0.0412996077996078,0.043754674644727,0.009319597982813,4,7,3.580535117056856,,,5,0.5156551437964825,planted_partition_2.pkl,planted_partition,25,6.510416666666667,1.0305635979394983,-3.3962901630666584,0
300,930,0.0207357859531772,6.2,2.5927606960064504,16,2.5806451612903225,0.231716845878136,0.0507309727309727,0.0498202362609142,-0.0309228023350635,4,7,3.4553177257525083,,,6,0.5024164643311365,planted_partition_20.pkl,planted_partition,55,13.447432762836186,0.7132444815549174,-3.0975046573258105,0
300,894,0.0199331103678929,5.96,2.1926603013974635,12,2.0134228187919465,0.2063310961968678,0.0352491582491582,0.0320201824180089,-0.0380170831642132,4,6,3.497407465601221,,,5,0.458041804923702,planted_partition_21.pkl,planted_partition,-37,-10.571428571428571,0.8199923216562994,-2.849052379714971,0
300,937,0.0208918617614269,6.246666666666667,2.5312407011541764,14,2.24119530416222,0.2270508715759516,0.0343384578384578,0.0377936670071501,0.0235830270825581,4,7,3.4439855446566856,,,8,0.48801666118052,planted_partition_22.pkl,planted_partition,32,7.94044665012407,0.31793269570364724,-3.0189494540406634,0
300,881,0.0196432552954292,5.873333333333333,2.421466612904997,15,2.5539160045402958,0.2282368520620505,0.0329019129019129,0.0284332688588007,-0.029221216847208,4,6,3.5259141208951537,,,5,0.4727827087421295,planted_partition_23.pkl,planted_partition,22,5.898123324396783,0.6872865809867751,-3.0186054056739082,0
300,917,0.0204459308807134,6.113333333333333,2.5288612760292373,13,2.1264994547437297,0.2324609233006178,0.0412154512154512,0.0387953941541186,-0.02036488841301,4,7,3.46232407802294,,,6,0.4951670196660915,planted_partition_24.pkl,planted_partition,33,8.148148148148149,0.7897170026174881,-3.128442777751303,0
300,912,0.0203344481605351,6.08,2.3746712499102904,15,2.4671052631578947,0.2180555555555554,0.0336767676767676,0.0383491599707815,-0.0122260660729344,4,6,3.476824313707885,,,7,0.4782018265235457,planted_partition_25.pkl,planted_partition,25,6.361323155216285,0.3011272966220248,-2.831159343616763,0
300,902,0.0201114827201783,6.013333333333334,2.364697627984363,13,2.161862527716186,0.2211714708056171,0.029599012099012,0.0296752519596864,-0.0353625329509574,4,7,3.4958305462653287,,,5,0.47855099040811,planted_partition_26.pkl,planted_partition,43,10.287081339712918,0.9884034204796635,-3.1749639461545223,0
300,862,0.0192196209587513,5.746666666666667,2.237373838797921,12,2.088167053364269,0.2160750193348799,0.0289160654160654,0.0316115702479338,-0.0242506561844058,4,7,3.546564611344302,,,8,0.4884031093717196,planted_partition_27.pkl,planted_partition,44,11.609498680738787,0.5159734359431897,-3.3121194111372687,0
300,926,0.0206465997770345,6.173333333333333,2.424089434718516,14,2.267818574514039,0.2201187904967601,0.0444086284086284,0.0428647027694478,0.001793264315048,4,7,3.4840133779264213,,,6,0.4911000424501677,planted_partition_28.pkl,planted_partition,57,13.317757009345794,0.8049594986980229,-3.0756323641541203,0
300,909,0.020267558528428,6.06,2.583016307371511,15,2.4752475247524752,0.2369380271360468,0.0464596329596329,0.0460961229229944,-0.0457713819340155,4,7,3.490314471055644,,,6,0.5099978094619142,planted_partition_29.pkl,planted_partition,-7,-1.9444444444444444,0.7757433427755851,-3.2128475961416747,0
300,907,0.0202229654403567,6.046666666666667,2.54020952620296,14,2.3153252480705624,0.2354244762954795,0.0370094905094905,0.0384337784193432,0.0291219452426476,4,7,3.4596524529410435,,,7,0.4720591649658602,planted_partition_3.pkl,planted_partition,34,8.521303258145364,0.48070592105480037,-3.147541050010997,0
300,886,0.0197547380156075,5.906666666666666,2.3572180947129957,13,2.2009029345372464,0.2235176824680209,0.0286734376734376,0.0330243337195828,0.0233219799520643,4,7,3.541401988732015,,,6,0.4979388430004738,planted_partition_4.pkl,planted_partition,-7,-1.876675603217158,0.8705861161228594,-3.277911071015239,0
300,921,0.0205351170568561,6.14,2.420729871416448,14,2.280130293159609,0.2195114006514658,0.0340914085914085,0.0272727272727272,-0.0179196641588429,4,6,3.455810905475335,,,8,0.4752222540527987,planted_partition_5.pkl,planted_partition,-23,-6.233062330623306,0.09078913651728182,-2.776258066869028,0
300,919,0.0204905239687848,6.126666666666667,2.498954073292191,14,2.2850924918389555,0.2248639825897713,0.0299677729677729,0.0334809565987599,-0.0432995901737494,4,7,3.460101905681129,,,6,0.4972885321486547,planted_partition_6.pkl,planted_partition,50,11.961722488038278,0.7511993724937517,-3.1222958586198786,0
300,899,0.0200445930880713,5.993333333333333,2.232315613636471,14,2.335928809788654,0.2057990359658879,0.0284304029304029,0.0309514711501719,-0.0100595071428352,4,6,3.487647714604236,,,5,0.4819092032798772,planted_partition_7.pkl,planted_partition,52,12.776412776412776,0.7799849943750403,-2.873664574124787,0
300,873,0.0194648829431438,5.82,2.2740943288972004,14,2.405498281786941,0.2185910652920961,0.0378059718059718,0.0409556313993174,-0.0198754411750561,4,7,3.578974358974359,,,5,0.5019373360677785,planted_partition_8.pkl,planted_partition,56,13.62530413625304,1.1148004573344874,-3.3458508100103077,0
300,922,0.0205574136008918,6.1466666666666665,2.3855379953614797,14,2.27765726681128,0.2154338394793926,0.0347035187035187,0.0364546104360257,0.0210734516915087,4,6,3.4834782608695654,,,5,0.4983236950701342,planted_partition_9.pkl,planted_partition,68,15.454545454545455,0.7963437491255402,-2.8248382357678543,0
300,1500,0.0334448160535117,10.0,0.0,10,1.0,0.0,0.0275555555555555,0.0275555555555555,,10,4,2.715406911928651,,,7,0.2745777777777778,random_regular_0.pkl,random_regular,0,0.0,-0.19769703882787382,2.314989145458037,1
300,1500,0.0334448160535117,10.0,0.0,10,1.0,0.0,0.0328888888888888,0.0328888888888888,,10,4,2.7176142697881827,,,8,0.2818666666666667,random_regular_1.pkl,random_regular,0,0.0,-0.36414755002893434,2.320803156591624,1
300,1500,0.0334448160535117,10.0,0.0,10,1.0,0.0,0.0264444444444444,0.0264444444444444,,10,4,2.714358974358974,,,7,0.2807111111111111,random_regular_10.pkl,random_regular,0,0.0,-0.1868222301795429,2.3074055609317403,1
300,1500,0.0334448160535117,10.0,0.0,10,1.0,0.0,0.0302222222222222,0.0302222222222222,,10,4,2.712396878483835,,,7,0.2803555555555555,random_regular_11.pkl,random_regular,0,0.0,-0.1786025921510475,2.313581051828306,1
300,1500,0.0334448160535117,10.0,0.0,10,1.0,0.0,0.0295555555555555,0.0295555555555555,,10,4,2.716254180602007,,,7,0.2805555555555555,random_regular_12.pkl,random_regular,0,0.0,-0.17698574013888776,2.310232747296806,1
300,1500,0.0334448160535117,10.0,0.0,10,1.0,0.0,0.0273333333333333,0.0273333333333333,,10,4,2.715117056856187,,,7,0.2879555555555556,random_regular_13.pkl,random_regular,0,0.0,-0.16624136282721055,2.299932816653574,1
300,1500,0.0334448160535117,10.0,0.0,10,1.0,0.0,0.0266666666666666,0.0266666666666666,,10,4,2.716454849498328,,,8,0.2802666666666666,random_regular_14.pkl,random_regular,0,0.0,-0.38638544549885834,2.3157084494413533,1
300,1500,0.0334448160535117,10.0,0.0,10,1.0,0.0,0.0264444444444444,0.0264444444444444,,10,4,2.7113043478260868,,,7,0.2869777777777778,random_regular_15.pkl,random_regular,0,0.0,-0.17406935713765734,2.30222937036355,1
300,1500,0.0334448160535117,10.0,0.0,10,1.0,0.0,0.0244444444444444,0.0244444444444444,,10,4,2.7114604236343367,,,8,0.2841333333333333,random_regular_16.pkl,random_regular,0,0.0,-0.38717931770192593,2.3116722207804767,1
300,1500,0.0334448160535117,10.0,0.0,10,1.0,0.0,0.0262222222222222,0.0262222222222222,,10,4,2.712107023411371,,,7,0.2793111111111111,random_regular_17.pkl,random_regular,0,0.0,-0.19258178326672848,2.3100505483282143,1
300,1500,0.0334448160535117,10.0,0.0,10,1.0,0.0,0.0273333333333333,0.0273333333333333,,10,4,2.7198216276477147,,,6,0.2844666666666667,random_regular_18.pkl,random_regular,0,0.0,0.029746475161596845,2.292221809956346,1
300,1500,0.0334448160535117,10.0,0.0,10,1.0,0.0,0.0288888888888888,0.0288888888888888,,10,4,2.710345596432553,,,7,0.2818666666666666,random_regular_19.pkl,random_regular,0,0.0,-0.18029560498104033,2.3114970452325183,1
300,1500,0.0334448160535117,10.0,0.0,10,1.0,0.0,0.0248888888888888,0.0248888888888888,,10,4,2.717859531772575,,,7,0.2805333333333333,random_regular_2.pkl,random_regular,0,0.0,-0.1888914548496092,2.3036108689197157,1
300,1500,0.0334448160535117,10.0,0.0,10,1.0,0.0,0.0291111111111111,0.0291111111111111,,10,4,2.714559643255296,,,7,0.2756,random_regular_20.pkl,random_regular,0,0.0,-0.19152106784226602,2.3162487906549085,1
300,1500,0.0334448160535117,10.0,0.0,10,1.0,0.0,0.0264444444444444,0.0264444444444444,,10,4,2.712798216276477,,,7,0.2857111111111111,random_regular_21.pkl,random_regular,0,0.0,-0.17596411179919838,2.3027501547992295,1
300,1500,0.0334448160535117,10.0,0.0,10,1.0,0.0,0.03,0.03,,10,4,2.716231884057971,,,6,0.2812444444444444,random_regular_22.pkl,random_regular,0,0.0,0.026655431151403196,2.3012253473229016,1
300,1500,0.0334448160535117,10.0,0.0,10,1.0,0.0,0.0284444444444444,0.0284444444444444,,10,4,2.715496098104794,,,8,0.2725333333333333,random_regular_23.pkl,random_regular,0,0.0,-0.4008158553585287,2.327096336049659,1
300,1500,0.0334448160535117,10.0,0.0,10,1.0,0.0,0.0264444444444444,0.0264444444444444,,10,4,2.7101003344481605,,,7,0.2728222222222222,random_regular_24.pkl,random_regular,0,0.0,-0.20919128255340685,2.3187803951289876,1
300,1500,0.0334448160535117,10.0,0.0,10,1.0,0.0,0.0246666666666666,0.0246666666666666,,10,4,2.711549609810479,,,7,0.2850666666666667,random_regular_25.pkl,random_regular,0,0.0,-0.18348492779297942,2.302053958379876,1
300,1500,0.0334448160535117,10.0,0.0,10,1.0,0.0,0.028,0.028,,10,4,2.7113935340022297,,,6,0.2764888888888889,random_regular_26.pkl,random_regular,0,0.0,0.005785650093770368,2.307007849597989,1
300,1500,0.0334448160535117,10.0,0.0,10,1.0,0.0,0.026,0.026,,10,4,2.710434782608696,,,6,0.2806222222222222,random_regular_27.pkl,random_regular,0,0.0,0.009404422501812152,2.300524539737967,1
300,1500,0.0334448160535117,10.0,0.0,10,1.0,0.0,0.0266666666666666,0.0266666666666666,,10,4,2.7092753623188406,,,9,0.2706,random_regular_28.pkl,random_regular,0,0.0,-0.6160706756017089,2.3396142134813585,1
300,1500,0.0334448160535117,10.0,0.0,10,1.0,0.0,0.0277777777777777,0.0277777777777777,,10,4,2.7170345596432552,,,7,0.2849333333333333,random_regular_29.pkl,random_regular,0,0.0,-0.17079752878820403,2.3027040853677687,1
300,1500,0.0334448160535117,10.0,0.0,10,1.0,0.0,0.024,0.024,,10,4,2.7110144927536237,,,7,0.2833333333333333,random_regular_3.pkl,random_regular,0,0.0,-0.1899595261254579,2.303501014288935,1
300,1500,0.0334448160535117,10.0,0.0,10,1.0,0.0,0.0317777777777777,0.0317777777777777,,10,4,2.7160089186176144,,,7,0.2789777777777777,random_regular_4.pkl,random_regular,0,0.0,-0.17474745198116828,2.314850896225543,1
300,1500,0.0334448160535117,10.0,0.0,10,1.0,0.0,0.0277777777777777,0.0277777777777777,,10,4,2.7183946488294315,,,6,0.2781777777777778,random_regular_5.pkl,random_regular,0,0.0,0.0146956294725301,2.300651127464836,1
300,1500,0.0334448160535117,10.0,0.0,10,1.0,0.0,0.0266666666666666,0.0266666666666666,,10,4,2.715496098104794,,,6,0.2857777777777778,random_regular_6.pkl,random_regular,0,0.0,0.027670178146881268,2.2925369967275753,1
300,1500,0.0334448160535117,10.0,0.0,10,1.0,0.0,0.0311111111111111,0.0311111111111111,,10,4,2.71752508361204,,,7,0.2872222222222222,random_regular_7.pkl,random_regular,0,0.0,-0.15552866397929513,2.3039106684348947,1
300,1500,0.0334448160535117,10.0,0.0,10,1.0,0.0,0.0326666666666666,0.0326666666666666,,10,4,2.71190635451505,,,7,0.2837777777777778,random_regular_8.pkl,random_regular,0,0.0,-0.1638571560690563,2.3130257751385717,1
300,1500,0.0334448160535117,10.0,0.0,10,1.0,0.0,0.0253333333333333,0.0253333333333333,,10,4,2.712597547380156,,,7,0.2735777777777777,random_regular_9.pkl,random_regular,0,0.0,-0.20854057030453196,2.3150849282481216,1
300,1500,0.0334448160535117,10.0,1.0016708449412668,14,1.4,0.0526488888888887,0.4908566063566063,0.4813186813186813,0.008365508365491,8,6,3.532753623188406,,,5,0.6287873333333334,watts_strogatz_0.pkl,watts_strogatz,-17,-4.438642297650131,2.9881611616314743,0.848229464854962,3
300,1500,0.0334448160535117,10.0,0.8921808236414738,13,1.3,0.0453177777777777,0.5136571576571577,0.5059842866583449,0.0368036752417528,8,6,3.613957636566332,,,4,0.6226177777777778,watts_strogatz_1.pkl,watts_strogatz,-28,-8.16326530612245,3.358446269966091,0.8529487190472407,3
300,1500,0.0334448160535117,10.0,0.9916035457647598,14,1.4,0.052051111111111,0.4934261294261294,0.4827434601011211,-0.0436423908086097,8,6,3.5539353400222966,,,4,0.6242586666666666,watts_strogatz_10.pkl,watts_strogatz,141,29.6218487394958,3.2022812262003795,0.8359799235814156,3
300,1500,0.0334448160535117,10.0,0.9360844943711046,13,1.3,0.0486377777777777,0.4910939245939246,0.4839703616755924,-0.042303057371449,8,7,3.5538684503901896,,,5,0.6091428888888889,watts_strogatz_11.pkl,watts_strogatz,-86,-26.54320987654321,3.222225251230771,0.5965624261869228,3
300,1500,0.0334448160535117,10.0,0.928911327404614,14,1.4,0.0486755555555555,0.4968337958337958,0.4893242350869469,0.0157199080235582,8,6,3.5385953177257523,,,4,0.6363055555555555,watts_strogatz_12.pkl,watts_strogatz,86,20.28301886792453,3.246812745344925,0.8478626823841376,3
300,1500,0.0334448160535117,10.0,0.9396505434536336,14,1.4,0.0484533333333332,0.491996928996929,0.484375,-0.004943274874789,8,6,3.5617614269788183,,,4,0.6309662222222222,watts_strogatz_13.pkl,watts_strogatz,-8,-2.0671834625322996,3.2376115108724,0.8340553229828784,3
300,1500,0.0334448160535117,10.0,0.9607689228305228,15,1.5,0.0493866666666666,0.4987632737632738,0.4905411350637923,-0.0121180247400541,8,6,3.570144927536232,,,4,0.5938437777777777,watts_strogatz_14.pkl,watts_strogatz,40,11.428571428571429,3.1402361087601616,0.8699129207535765,3
300,1500,0.0334448160535117,10.0,0.9070515282586696,12,1.2,0.0473799999999999,0.5045088985088985,0.497907949790795,0.0208326016753848,8,6,3.606086956521739,,,4,0.5945051111111112,watts_strogatz_15.pkl,watts_strogatz,102,21.748400852878465,3.2828940399908446,0.8789565402253146,3
300,1500,0.0334448160535117,10.0,0.8846517369293828,13,1.3,0.0460888888888888,0.495572113072113,0.4875523243005067,-0.0052230674394774,8,6,3.573489409141583,,,4,0.5856877777777778,watts_strogatz_16.pkl,watts_strogatz,38,11.2094395280236,3.1856130913352216,0.8948366653502703,3
300,1500,0.0334448160535117,10.0,0.9711559157565948,12,1.2,0.0514599999999998,0.4787931697931697,0.4695403562788652,-0.0223283367125068,8,6,3.4604682274247494,,,4,0.5994633333333332,watts_strogatz_17.pkl,watts_strogatz,-61,-17.28045325779037,3.0905239062114602,0.9160663950656661,3
300,1500,0.0334448160535117,10.0,0.9677059726478532,13,1.3,0.0507622222222221,0.5110401635401636,0.5012463343108504,-0.0414189928194089,8,6,3.59453734671126,,,4,0.6246166666666666,watts_strogatz_18.pkl,watts_strogatz,10,2.881844380403458,3.3189304646051827,0.8426455786488288,3
300,1500,0.0334448160535117,10.0,0.8921808236414738,13,1.3,0.0471088888888888,0.5056768601768602,0.4978339085101696,-0.0063026621844217,8,6,3.617324414715719,,,4,0.6198108888888889,watts_strogatz_19.pkl,watts_strogatz,30,8.771929824561404,3.3279412477096297,0.8402234280815115,3
300,1500,0.0334448160535117,10.0,1.0050042013922398,13,1.3,0.0533333333333332,0.485946090946091,0.4771079041828437,-0.0416131024168717,8,6,3.479888517279821,,,5,0.6451104444444444,watts_strogatz_2.pkl,watts_strogatz,32,8.184143222506394,3.0002146268550387,0.8600130252093203,3
300,1500,0.0334448160535117,10.0,1.0788325165020785,14,1.4,0.0558933333333333,0.4886255966255967,0.4767441860465116,0.0084095047382861,7,6,3.525440356744705,,,4,0.609634,watts_strogatz_20.pkl,watts_strogatz,19,5.919003115264798,3.058881956286142,0.6600679057903384,3
300,1500,0.0334448160535117,10.0,0.9502684007399256,13,1.3,0.0503244444444443,0.4724941354941355,0.4644664466446644,-0.0150277808852546,8,6,3.473288740245262,,,4,0.6126806666666667,watts_strogatz_21.pkl,watts_strogatz,-79,-29.15129151291513,3.0925960773101058,0.884486802313354,3
300,1500,0.0334448160535117,10.0,0.9983263586596564,13,1.3,0.0524799999999998,0.4934291819291819,0.4842112975309546,0.0302686053197778,8,6,3.5418729096989967,,,4,0.6319348888888889,watts_strogatz_22.pkl,watts_strogatz,-23,-7.6923076923076925,3.240337600616959,0.8398583732256466,3
300,1500,0.0334448160535117,10.0,0.9711559157565948,13,1.3,0.0514933333333331,0.479536408036408,0.4721794589839455,-0.0030261512392656,7,6,3.4984615384615383,,,4,0.6057353333333334,watts_strogatz_23.pkl,watts_strogatz,69,17.037037037037038,3.0576717538430365,0.6920190983981767,3
300,1500,0.0334448160535117,10.0,0.8996469021204838,13,1.3,0.0459777777777776,0.5136719391719392,0.5061302400704794,-0.0423837205810959,8,6,3.627090301003344,,,4,0.6265144444444444,watts_strogatz_24.pkl,watts_strogatz,120,31.413612565445025,3.3762106033332535,0.8390359810952631,3
300,1500,0.0334448160535117,10.0,0.9396505434536336,13,1.3,0.04864,0.4915757205757205,0.4861355633802817,0.0330826058576308,8,6,3.563366778149387,,,4,0.6273097777777777,watts_strogatz_25.pkl,watts_strogatz,123,30.597014925373134,3.25996839805372,0.8431426289435774,3
300,1500,0.0334448160535117,10.0,0.9848348417637546,13,1.3,0.0525133333333331,0.5053004588004588,0.495346280688897,-0.0275156031453131,8,6,3.571772575250836,,,5,0.606117111111111,watts_strogatz_26.pkl,watts_strogatz,-70,-22.0125786163522,3.034093431056476,0.8740693827951302,3
300,1500,0.0334448160535117,10.0,0.9502684007399256,14,1.4,0.0495377777777776,0.4873250823250823,0.4794279427942794,-0.0322769309500216,8,6,3.5067558528428093,,,4,0.5682953333333334,watts_strogatz_27.pkl,watts_strogatz,107,22.338204592901878,3.02659128552273,0.9283981195703883,3
300,1500,0.0334448160535117,10.0,0.9432031101641954,13,1.3,0.0497977777777776,0.5051110556110556,0.4977627814860999,-0.0247639971786747,8,6,3.585685618729097,,,4,0.5934326666666667,watts_strogatz_28.pkl,watts_strogatz,8,2.359882005899705,3.2280548583994237,0.8802297861675269,3
300,1500,0.0334448160535117,10.0,0.9814329841314368,13,1.3,0.0510022222222221,0.4902229807229807,0.4826297273526825,-0.0237677930842397,8,6,3.5341360089186176,,,4,0.628586,watts_strogatz_29.pkl,watts_strogatz,-48,-14.501510574018127,3.224306832946768,0.8493152446573983,3
300,1500,0.0334448160535117,10.0,0.9607689228305228,13,1.3,0.05108,0.4828105228105228,0.4760228772547294,0.0217810054452566,8,6,3.500914158305463,,,4,0.6230484444444444,watts_strogatz_3.pkl,watts_strogatz,0,0.0,3.1673052022923107,0.8675351630295285,3
300,1500,0.0334448160535117,10.0,0.9916035457647598,13,1.3,0.0516133333333332,0.4908895733895734,0.4816443174324027,-0.001629425556393,7,6,3.537458193979933,,,4,0.594782,watts_strogatz_4.pkl,watts_strogatz,-27,-7.9178885630498534,3.088464831094024,0.6924840589949892,3
300,1500,0.0334448160535117,10.0,1.0050042013922398,13,1.3,0.0537911111111111,0.4686828911828912,0.4606255951944912,-0.0195372491211708,8,6,3.436454849498328,,,3,0.5646064444444445,watts_strogatz_5.pkl,watts_strogatz,15,3.712871287128713,3.125168813464078,0.936911034959261,3
300,1500,0.0334448160535117,10.0,1.0149385865401712,15,1.5,0.0527222222222221,0.5001117586117586,0.4901860260729456,0.0208320082484252,8,6,3.531438127090301,,,4,0.6049297777777778,watts_strogatz_6.pkl,watts_strogatz,1,0.2777777777777778,3.1258639144826637,0.8716815229249166,3
300,1500,0.0334448160535117,10.0,1.028035109950516,13,1.3,0.0545577777777777,0.4812754282754283,0.4718113925904232,-0.0210746466121295,8,6,3.491772575250836,,,4,0.622268,watts_strogatz_7.pkl,watts_strogatz,-55,-16.272189349112427,3.136209830407483,0.8599026980630655,3
300,1500,0.0334448160535117,10.0,1.053739955101157,13,1.3,0.056682222222222,0.4927942982942983,0.4814137274989024,0.013175528052623,7,6,3.487402452619844,,,4,0.5972655555555556,watts_strogatz_8.pkl,watts_strogatz,-91,-24.72826086956522,3.0410380278841145,0.706882049770931,3
300,1500,0.0334448160535117,10.0,0.9949706303122452,13,1.3,0.0531044444444444,0.4702548932548932,0.4618259085580304,-0.0049742737054646,8,6,3.4601114827201784,,,4,0.618584,watts_strogatz_9.pkl,watts_strogatz,147,29.938900203665987,3.079503234769323,0.8747908753178212,3
