nodes,edges,density,avg_degree,degree_std,max_degree,hub_ratio,degree_gini,clustering,transitivity,assortativity,core_number,diameter,avg_path,spectral_radius,algebraic_connectivity,communities,modularity,graph,family
300,1475,0.03288740245261984,9.833333333333334,8.345320252850156,65,6.610169491525423,0.3309107344632767,0.08395526170093409,0.07333304893135958,-0.05595005355401425,5,4,2.6130657748049053,,,7,0.2591413961505315,barabasi_albert_0.pkl,barabasi_albert
300,1475,0.03288740245261984,9.833333333333334,8.301522338262087,63,6.406779661016949,0.34263276836158174,0.09059447567413467,0.07226127207268987,-0.08540590775883135,5,4,2.614091415830546,,,7,0.2705900603274921,barabasi_albert_1.pkl,barabasi_albert
300,1475,0.03288740245261984,9.833333333333334,8.043707249143392,67,6.813559322033898,0.3386079096045198,0.08513073296231068,0.06950929433530086,-0.06773524816393608,5,4,2.621917502787068,,,8,0.2714617638609595,barabasi_albert_10.pkl,barabasi_albert
300,1475,0.03288740245261984,9.833333333333334,8.524147613143366,59,6.0,0.3477649717514124,0.09773053867712993,0.07634354595680562,-0.07609886668961605,5,4,2.60396878483835,,,7,0.2721080149382361,barabasi_albert_11.pkl,barabasi_albert
300,1475,0.03288740245261984,9.833333333333334,8.34010872836151,68,6.915254237288135,0.33999774011299433,0.08935425945357728,0.07350179272665187,-0.08390408366359885,5,4,2.6078037904124862,,,9,0.2628028727377191,barabasi_albert_12.pkl,barabasi_albert
300,1475,0.03288740245261984,9.833333333333334,8.84721044535717,65,6.610169491525423,0.3412949152542373,0.09917578151473605,0.0750879463022118,-0.08452973764087914,5,4,2.591839464882943,,,8,0.26331261131858663,barabasi_albert_13.pkl,barabasi_albert
300,1475,0.03288740245261984,9.833333333333334,8.326864825067036,69,7.016949152542373,0.3362440677966101,0.08589852020542464,0.07181021585808933,-0.07719311541951701,5,4,2.610746934225195,,,9,0.2625551278368285,barabasi_albert_14.pkl,barabasi_albert
300,1475,0.03288740245261984,9.833333333333334,8.408004361720517,59,6.0,0.34654915254237273,0.09687106604545793,0.07322654462242563,-0.10391236262109874,5,4,2.60726867335563,,,7,0.2624466532605573,barabasi_albert_15.pkl,barabasi_albert
300,1475,0.03288740245261984,9.833333333333334,8.431836996725767,65,6.610169491525423,0.3394734463276836,0.08692597391945318,0.070631498858737,-0.0841273964279657,5,4,2.607068004459309,,,6,0.2715325481183568,barabasi_albert_16.pkl,barabasi_albert
300,1475,0.03288740245261984,9.833333333333334,9.249725055421477,88,8.94915254237288,0.3509920903954802,0.10763010714023714,0.0766847405112316,-0.0947900958370608,5,4,2.578840579710145,,,9,0.267127147371445,barabasi_albert_17.pkl,barabasi_albert
300,1475,0.03288740245261984,9.833333333333334,7.989471890715347,60,6.101694915254237,0.3376610169491525,0.08008828788008628,0.06791600212652844,-0.062108838658813975,5,4,2.620758082497213,,,7,0.27431037058316576,barabasi_albert_18.pkl,barabasi_albert
300,1475,0.03288740245261984,9.833333333333334,8.324052803320253,67,6.813559322033898,0.33719548022598866,0.0917380472795543,0.07683427398665983,-0.06707730711774099,5,4,2.6118840579710145,,,8,0.26529686871588626,barabasi_albert_19.pkl,barabasi_albert
300,1475,0.03288740245261984,9.833333333333334,8.487186223292836,61,6.203389830508474,0.34906214689265536,0.09410188142526733,0.07437599798302379,-0.07702958202326803,5,4,2.605886287625418,,,9,0.26696282677391553,barabasi_albert_2.pkl,barabasi_albert
300,1475,0.03288740245261984,9.833333333333334,8.946079028761805,76,7.728813559322034,0.349534463276836,0.10702752563126905,0.07981915659758342,-0.09308747017186311,5,4,2.5927759197324414,,,6,0.2748490663602413,barabasi_albert_20.pkl,barabasi_albert
300,1475,0.03288740245261984,9.833333333333334,8.020389290434887,68,6.915254237288135,0.33318870056497163,0.08326990886869448,0.07153581206394065,-0.0669217537623772,5,4,2.6183277591973244,,,6,0.2674210858948578,barabasi_albert_21.pkl,barabasi_albert
300,1475,0.03288740245261984,9.833333333333334,8.858166435416946,76,7.728813559322034,0.3406689265536722,0.10250791751423241,0.07536348949919225,-0.10810709054094175,5,4,2.583500557413601,,,8,0.2656705544383798,barabasi_albert_22.pkl,barabasi_albert
300,1475,0.03288740245261984,9.833333333333334,8.685063229469806,66,6.711864406779661,0.3476045197740112,0.10451500524502819,0.07491977289558134,-0.11197688797799413,5,4,2.594715719063545,,,8,0.27281953461648956,barabasi_albert_23.pkl,barabasi_albert
300,1475,0.03288740245261984,9.833333333333334,8.52061569734027,73,7.423728813559322,0.34567909604519764,0.09535924622681423,0.07071975882426831,-0.10112340832910817,5,4,2.6030323299888516,,,6,0.2663096811261132,barabasi_albert_24.pkl,barabasi_albert
300,1475,0.03288740245261984,9.833333333333334,8.237622044338613,69,7.016949152542373,0.339489265536723,0.09379972232110885,0.07327177008716665,-0.07134816160697409,5,4,2.6133333333333333,,,9,0.2773759264579144,barabasi_albert_25.pkl,barabasi_albert
300,1475,0.03288740245261984,9.833333333333334,7.823228141293377,54,5.491525423728813,0.3288361581920902,0.08867094168219572,0.0788583795482213,-0.039337788136604275,5,4,2.6391750278706803,,,7,0.2686894570525711,barabasi_albert_26.pkl,barabasi_albert
300,1475,0.03288740245261984,9.833333333333334,7.770897312345528,58,5.898305084745762,0.33500790960451976,0.07757795769953521,0.07045382418279911,-0.05540567568372568,5,4,2.634158305462653,,,8,0.26870048836541227,barabasi_albert_27.pkl,barabasi_albert
300,1475,0.03288740245261984,9.833333333333334,8.038716237770402,71,7.220338983050847,0.32954124293785303,0.07871389992494629,0.07205817540766858,-0.054788318692552296,5,4,2.62546265328874,,,6,0.2714224648089629,barabasi_albert_28.pkl,barabasi_albert
300,1475,0.03288740245261984,9.833333333333334,8.752957773700432,79,8.033898305084746,0.3370666666666666,0.09466150726267647,0.07204999387329984,-0.09105760567070972,5,4,2.5950278706800445,,,7,0.2694428037920138,barabasi_albert_29.pkl,barabasi_albert
300,1475,0.03288740245261984,9.833333333333334,8.88982482995286,77,7.830508474576271,0.3436203389830508,0.10547653429298616,0.08042183223313476,-0.08668263629236723,5,4,2.599442586399108,,,9,0.26739902326917553,barabasi_albert_3.pkl,barabasi_albert
300,1475,0.03288740245261984,9.833333333333334,8.528070248465637,71,7.220338983050847,0.3457333333333332,0.09673294031485465,0.07568404317630324,-0.0749207552112458,5,4,2.6043701226309923,,,7,0.2579166906061477,barabasi_albert_4.pkl,barabasi_albert
300,1475,0.03288740245261984,9.833333333333334,8.402433686841059,71,7.220338983050847,0.33977853107344624,0.09125055535038758,0.07085312075983717,-0.07762460523447863,5,4,2.6077591973244147,,,8,0.26676885952312557,barabasi_albert_5.pkl,barabasi_albert
300,1475,0.03288740245261984,9.833333333333334,8.059491727890082,67,6.813559322033898,0.3382508474576271,0.0865161447740467,0.06767810026385224,-0.08030787210204238,5,4,2.6219843924191752,,,9,0.26307750646365985,barabasi_albert_6.pkl,barabasi_albert
300,1475,0.03288740245261984,9.833333333333334,8.511583031840509,62,6.305084745762711,0.34928361581920897,0.09110426478945884,0.06902766135792121,-0.1092495486700815,5,4,2.597547380156076,,,6,0.27141143349612185,barabasi_albert_7.pkl,barabasi_albert
300,1475,0.03288740245261984,9.833333333333334,8.923619904288257,67,6.813559322033898,0.3528949152542371,0.10290854630827545,0.07567979465789684,-0.1032608856875606,5,4,2.583634336677815,,,6,0.26784073542085607,barabasi_albert_8.pkl,barabasi_albert
300,1475,0.03288740245261984,9.833333333333334,8.92474420282406,69,7.016949152542373,0.3466011299435028,0.10613038713197524,0.07146007940008822,-0.11748636925533842,5,4,2.586934225195095,,,7,0.25945349037632864,barabasi_albert_9.pkl,barabasi_albert
300,985,0.021962095875139354,6.566666666666666,2.5469942063498077,13,1.9796954314720814,0.2194416243654822,0.03923805823805824,0.04184100418410042,0.018879170862597335,4,6,3.3712151616499444,,,5,0.4773392769718364,planted_partition_0.pkl,planted_partition
300,932,0.020780379041248607,6.213333333333333,2.420886447742873,13,2.092274678111588,0.21816165951359068,0.04386121286121286,0.04551002615518745,-0.046240997862927985,4,6,3.4471571906354517,,,5,0.49416145535928085,planted_partition_1.pkl,planted_partition
300,886,0.019754738015607582,5.906666666666666,2.3344065058749144,13,2.2009029345372464,0.22027840481565075,0.045645077145077144,0.04068190623789229,0.030279570568138785,4,7,3.5460259028978025,,,6,0.5041630785379798,planted_partition_10.pkl,planted_partition
300,924,0.020602006688963212,6.16,2.3521995683539587,16,2.5974025974025974,0.2106313131313131,0.03331410256410257,0.03431635388739947,0.047032155706348215,4,7,3.451036789297659,,,4,0.4872689089409869,planted_partition_11.pkl,planted_partition
300,867,0.019331103678929765,5.78,2.4573145197205486,15,2.5951557093425603,0.23495194156093802,0.029522052022052023,0.03447592629284724,-0.027991194959026328,4,7,3.5259977703455965,,,6,0.4845381534118498,planted_partition_12.pkl,planted_partition
300,883,0.01968784838350056,5.886666666666667,2.3406732778271304,14,2.378255945639864,0.2216232540581351,0.03866995966995967,0.03798208024931827,0.002775462184327694,4,8,3.5243032329988853,,,6,0.47038242170916866,planted_partition_13.pkl,planted_partition
300,868,0.01935340022296544,5.786666666666667,2.405641826529332,15,2.592165898617511,0.23127112135176642,0.035598845598845595,0.035856573705179286,-0.02185393216014138,4,7,3.5089896972009607,,,9,0.4771974346450339,planted_partition_14.pkl,planted_partition
300,886,0.019754738015607582,5.906666666666666,2.4545273619969135,15,2.539503386004515,0.23196388261850998,0.028048507048507046,0.033727134146341466,-0.05045972771282141,4,6,3.501592501592502,,,8,0.47803428297723805,planted_partition_15.pkl,planted_partition
300,886,0.019754738015607582,5.906666666666666,2.2497764041011696,12,2.0316027088036117,0.21255079006771993,0.0425045695045695,0.03526645768025078,0.02286202054764341,4,8,3.532352285395764,,,6,0.47942537286814196,planted_partition_16.pkl,planted_partition
300,847,0.018885172798216276,5.6466666666666665,2.4334257247926216,13,2.3022432113341207,0.2421881149153875,0.033958652458652455,0.03235843186060983,-0.010006712580613935,4,7,3.617776867776868,,,8,0.5115993805486131,planted_partition_17.pkl,planted_partition
300,871,0.019420289855072465,5.806666666666667,2.4101143248995145,15,2.5832376578645238,0.231044776119403,0.03946681096681097,0.039762611275964393,-0.012973130380720456,4,7,3.57355629877369,,,5,0.49904961635345313,planted_partition_18.pkl,planted_partition
300,884,0.01971014492753623,5.8933333333333335,2.4044180813498226,14,2.3755656108597285,0.23018099547511306,0.03594601694601694,0.039884393063583816,0.029549106391865126,4,7,3.539910813823857,,,6,0.48268232632419483,planted_partition_19.pkl,planted_partition
300,885,0.019732441471571906,5.9,2.601131732078446,15,2.542372881355932,0.245713747645951,0.0412996077996078,0.043754674644727,0.009319597982813089,4,7,3.580535117056856,,,5,0.5156551437964825,planted_partition_2.pkl,planted_partition
300,930,0.02073578595317726,6.2,2.5927606960064504,16,2.5806451612903225,0.231716845878136,0.050730972730972726,0.049820236260914225,-0.030922802335063563,4,7,3.4553177257525083,,,6,0.5024164643311365,planted_partition_20.pkl,planted_partition
300,894,0.019933110367892977,5.96,2.1926603013974635,12,2.0134228187919465,0.20633109619686785,0.035249158249158245,0.03202018241800893,-0.03801708316421329,4,6,3.497407465601221,,,5,0.45804180492370206,planted_partition_21.pkl,planted_partition
300,937,0.020891861761426978,6.246666666666667,2.5312407011541764,14,2.2411953041622197,0.2270508715759516,0.03433845783845784,0.03779366700715015,0.023583027082558102,4,7,3.4439855446566856,,,8,0.48801666118052006,planted_partition_22.pkl,planted_partition
300,881,0.019643255295429207,5.873333333333333,2.4214666129049975,15,2.5539160045402953,0.22823685206205058,0.032901912901912904,0.028433268858800775,-0.029221216847208076,4,6,3.5259141208951537,,,5,0.4727827087421295,planted_partition_23.pkl,planted_partition
300,917,0.02044593088071349,6.113333333333333,2.5288612760292373,13,2.1264994547437297,0.23246092330061785,0.04121545121545121,0.03879539415411869,-0.02036488841301,4,7,3.46232407802294,,,6,0.4951670196660915,planted_partition_24.pkl,planted_partition
300,912,0.020334448160535118,6.08,2.3746712499102904,15,2.4671052631578947,0.21805555555555545,0.03367676767676768,0.038349159970781595,-0.012226066072934427,4,6,3.476824313707885,,,7,0.4782018265235457,planted_partition_25.pkl,planted_partition
300,902,0.020111482720178372,6.013333333333334,2.364697627984363,13,2.161862527716186,0.22117147080561717,0.029599012099012098,0.02967525195968645,-0.035362532950957454,4,7,3.4958305462653287,,,5,0.47855099040811006,planted_partition_26.pkl,planted_partition
300,862,0.019219620958751394,5.746666666666667,2.237373838797921,12,2.088167053364269,0.21607501933487994,0.028916065416065416,0.03161157024793389,-0.024250656184405816,4,7,3.546564611344302,,,8,0.48840310937171966,planted_partition_27.pkl,planted_partition
300,926,0.02064659977703456,6.173333333333333,2.4240894347185162,14,2.267818574514039,0.2201187904967601,0.04440862840862841,0.04286470276944787,0.0017932643150480464,4,7,3.4840133779264213,,,6,0.49110004245016775,planted_partition_28.pkl,planted_partition
300,909,0.020267558528428094,6.06,2.583016307371511,15,2.4752475247524752,0.23693802713604684,0.04645963295963296,0.04609612292299446,-0.04577138193401554,4,7,3.490314471055644,,,6,0.5099978094619142,planted_partition_29.pkl,planted_partition
300,907,0.020222965440356743,6.046666666666667,2.5402095262029594,14,2.3153252480705624,0.23542447629547958,0.03700949050949051,0.0384337784193432,0.029121945242647697,4,7,3.4596524529410435,,,7,0.47205916496586026,planted_partition_3.pkl,planted_partition
300,886,0.019754738015607582,5.906666666666666,2.3572180947129953,13,2.2009029345372464,0.22351768246802095,0.028673437673437673,0.03302433371958285,0.0233219799520643,4,7,3.541401988732015,,,6,0.49793884300047386,planted_partition_4.pkl,planted_partition
300,921,0.02053511705685619,6.14,2.420729871416448,14,2.2801302931596092,0.2195114006514658,0.03409140859140859,0.02727272727272727,-0.017919664158842982,4,6,3.455810905475335,,,8,0.4752222540527987,planted_partition_5.pkl,planted_partition
300,919,0.020490523968784837,6.126666666666667,2.498954073292191,14,2.2850924918389555,0.22486398258977136,0.029967772967772966,0.033480956598759964,-0.043299590173749423,4,7,3.4601019056811295,,,6,0.4972885321486547,planted_partition_6.pkl,planted_partition
300,899,0.020044593088071348,5.993333333333333,2.232315613636471,14,2.335928809788654,0.2057990359658879,0.02843040293040293,0.030951471150171952,-0.010059507142835248,4,6,3.487647714604236,,,5,0.4819092032798772,planted_partition_7.pkl,planted_partition
300,873,0.019464882943143812,5.82,2.2740943288972004,14,2.4054982817869415,0.21859106529209615,0.037805971805971804,0.040955631399317405,-0.019875441175056116,4,7,3.578974358974359,,,5,0.5019373360677785,planted_partition_8.pkl,planted_partition
300,922,0.02055741360089186,6.1466666666666665,2.3855379953614793,14,2.27765726681128,0.21543383947939265,0.034703518703518704,0.036454610436025735,0.021073451691508774,4,6,3.4834782608695654,,,5,0.49832369507013424,planted_partition_9.pkl,planted_partition
300,1500,0.033444816053511704,10.0,0.0,10,1.0,0.0,0.02755555555555556,0.027555555555555555,,10,4,2.715406911928651,,,7,0.2745777777777778,random_regular_0.pkl,random_regular
300,1500,0.033444816053511704,10.0,0.0,10,1.0,0.0,0.03288888888888889,0.03288888888888889,,10,4,2.7176142697881827,,,8,0.2818666666666667,random_regular_1.pkl,random_regular
300,1500,0.033444816053511704,10.0,0.0,10,1.0,0.0,0.026444444444444444,0.026444444444444444,,10,4,2.714358974358974,,,7,0.28071111111111113,random_regular_10.pkl,random_regular
300,1500,0.033444816053511704,10.0,0.0,10,1.0,0.0,0.03022222222222222,0.030222222222222223,,10,4,2.712396878483835,,,7,0.2803555555555555,random_regular_11.pkl,random_regular
300,1500,0.033444816053511704,10.0,0.0,10,1.0,0.0,0.029555555555555557,0.029555555555555557,,10,4,2.716254180602007,,,7,0.28055555555555556,random_regular_12.pkl,random_regular
300,1500,0.033444816053511704,10.0,0.0,10,1.0,0.0,0.027333333333333338,0.027333333333333334,,10,4,2.715117056856187,,,7,0.2879555555555556,random_regular_13.pkl,random_regular
300,1500,0.033444816053511704,10.0,0.0,10,1.0,0.0,0.02666666666666667,0.02666666666666667,,10,4,2.716454849498328,,,8,0.28026666666666666,random_regular_14.pkl,random_regular
300,1500,0.033444816053511704,10.0,0.0,10,1.0,0.0,0.026444444444444444,0.026444444444444444,,10,4,2.7113043478260868,,,7,0.2869777777777778,random_regular_15.pkl,random_regular
300,1500,0.033444816053511704,10.0,0.0,10,1.0,0.0,0.024444444444444446,0.024444444444444446,,10,4,2.7114604236343367,,,8,0.28413333333333335,random_regular_16.pkl,random_regular
300,1500,0.033444816053511704,10.0,0.0,10,1.0,0.0,0.026222222222222223,0.026222222222222223,,10,4,2.712107023411371,,,7,0.2793111111111111,random_regular_17.pkl,random_regular
300,1500,0.033444816053511704,10.0,0.0,10,1.0,0.0,0.027333333333333338,0.027333333333333334,,10,4,2.7198216276477147,,,6,0.2844666666666667,random_regular_18.pkl,random_regular
300,1500,0.033444816053511704,10.0,0.0,10,1.0,0.0,0.028888888888888888,0.028888888888888888,,10,4,2.710345596432553,,,7,0.28186666666666665,random_regular_19.pkl,random_regular
300,1500,0.033444816053511704,10.0,0.0,10,1.0,0.0,0.02488888888888889,0.024888888888888887,,10,4,2.717859531772575,,,7,0.28053333333333336,random_regular_2.pkl,random_regular
300,1500,0.033444816053511704,10.0,0.0,10,1.0,0.0,0.029111111111111115,0.029111111111111112,,10,4,2.7145596432552956,,,7,0.2756,random_regular_20.pkl,random_regular
300,1500,0.033444816053511704,10.0,0.0,10,1.0,0.0,0.026444444444444444,0.026444444444444444,,10,4,2.712798216276477,,,7,0.28571111111111114,random_regular_21.pkl,random_regular
300,1500,0.033444816053511704,10.0,0.0,10,1.0,0.0,0.03,0.03,,10,4,2.716231884057971,,,6,0.28124444444444446,random_regular_22.pkl,random_regular
300,1500,0.033444816053511704,10.0,0.0,10,1.0,0.0,0.028444444444444442,0.028444444444444446,,10,4,2.715496098104794,,,8,0.27253333333333335,random_regular_23.pkl,random_regular
300,1500,0.033444816053511704,10.0,0.0,10,1.0,0.0,0.026444444444444444,0.026444444444444444,,10,4,2.7101003344481605,,,7,0.2728222222222222,random_regular_24.pkl,random_regular
300,1500,0.033444816053511704,10.0,0.0,10,1.0,0.0,0.024666666666666667,0.024666666666666667,,10,4,2.711549609810479,,,7,0.2850666666666667,random_regular_25.pkl,random_regular
300,1500,0.033444816053511704,10.0,0.0,10,1.0,0.0,0.028,0.028,,10,4,2.7113935340022297,,,6,0.2764888888888889,random_regular_26.pkl,random_regular
300,1500,0.033444816053511704,10.0,0.0,10,1.0,0.0,0.026,0.026,,10,4,2.710434782608696,,,6,0.2806222222222222,random_regular_27.pkl,random_regular
300,1500,0.033444816053511704,10.0,0.0,10,1.0,0.0,0.02666666666666667,0.02666666666666667,,10,4,2.7092753623188406,,,9,0.2706,random_regular_28.pkl,random_regular
300,1500,0.033444816053511704,10.0,0.0,10,1.0,0.0,0.02777777777777778,0.027777777777777776,,10,4,2.7170345596432552,,,7,0.28493333333333337,random_regular_29.pkl,random_regular
300,1500,0.033444816053511704,10.0,0.0,10,1.0,0.0,0.024,0.024,,10,4,2.7110144927536233,,,7,0.2833333333333333,random_regular_3.pkl,random_regular
300,1500,0.033444816053511704,10.0,0.0,10,1.0,0.0,0.03177777777777778,0.03177777777777778,,10,4,2.7160089186176144,,,7,0.27897777777777777,random_regular_4.pkl,random_regular
300,1500,0.033444816053511704,10.0,0.0,10,1.0,0.0,0.02777777777777778,0.027777777777777776,,10,4,2.7183946488294315,,,6,0.2781777777777778,random_regular_5.pkl,random_regular
300,1500,0.033444816053511704,10.0,0.0,10,1.0,0.0,0.02666666666666667,0.02666666666666667,,10,4,2.715496098104794,,,6,0.2857777777777778,random_regular_6.pkl,random_regular
300,1500,0.033444816053511704,10.0,0.0,10,1.0,0.0,0.031111111111111114,0.03111111111111111,,10,4,2.71752508361204,,,7,0.2872222222222222,random_regular_7.pkl,random_regular
300,1500,0.033444816053511704,10.0,0.0,10,1.0,0.0,0.03266666666666667,0.03266666666666666,,10,4,2.71190635451505,,,7,0.2837777777777778,random_regular_8.pkl,random_regular
300,1500,0.033444816053511704,10.0,0.0,10,1.0,0.0,0.025333333333333336,0.025333333333333333,,10,4,2.712597547380156,,,7,0.27357777777777775,random_regular_9.pkl,random_regular
300,1500,0.033444816053511704,10.0,1.0016708449412668,14,1.4,0.052648888888888745,0.49085660635660633,0.48131868131868133,0.008365508365491008,8,6,3.532753623188406,,,5,0.6287873333333334,watts_strogatz_0.pkl,watts_strogatz
300,1500,0.033444816053511704,10.0,0.8921808236414738,13,1.3,0.04531777777777779,0.5136571576571577,0.5059842866583449,0.03680367524175284,8,6,3.613957636566332,,,4,0.6226177777777778,watts_strogatz_1.pkl,watts_strogatz
300,1500,0.033444816053511704,10.0,0.9916035457647598,14,1.4,0.05205111111111105,0.4934261294261294,0.4827434601011211,-0.04364239080860975,8,6,3.5539353400222966,,,4,0.6242586666666666,watts_strogatz_10.pkl,watts_strogatz
300,1500,0.033444816053511704,10.0,0.9360844943711046,13,1.3,0.04863777777777778,0.4910939245939246,0.4839703616755924,-0.042303057371449,8,7,3.5538684503901896,,,5,0.6091428888888889,watts_strogatz_11.pkl,watts_strogatz
300,1500,0.033444816053511704,10.0,0.928911327404614,14,1.4,0.04867555555555558,0.49683379583379583,0.48932423508694695,0.01571990802355821,8,6,3.5385953177257523,,,4,0.6363055555555555,watts_strogatz_12.pkl,watts_strogatz
300,1500,0.033444816053511704,10.0,0.9396505434536336,14,1.4,0.04845333333333324,0.491996928996929,0.484375,-0.004943274874789073,8,6,3.5617614269788183,,,4,0.6309662222222222,watts_strogatz_13.pkl,watts_strogatz
300,1500,0.033444816053511704,10.0,0.9607689228305228,15,1.5,0.04938666666666669,0.4987632737632738,0.4905411350637923,-0.01211802474005417,8,6,3.570144927536232,,,4,0.5938437777777777,watts_strogatz_14.pkl,watts_strogatz
300,1500,0.033444816053511704,10.0,0.9070515282586695,12,1.2,0.04737999999999998,0.5045088985088985,0.497907949790795,0.02083260167538481,8,6,3.606086956521739,,,4,0.5945051111111112,watts_strogatz_15.pkl,watts_strogatz
300,1500,0.033444816053511704,10.0,0.8846517369293828,13,1.3,0.046088888888888846,0.495572113072113,0.4875523243005067,-0.005223067439477461,8,6,3.573489409141583,,,4,0.5856877777777778,watts_strogatz_16.pkl,watts_strogatz
300,1500,0.033444816053511704,10.0,0.9711559157565948,12,1.2,0.05145999999999984,0.47879316979316977,0.4695403562788652,-0.022328336712506894,8,6,3.4604682274247494,,,4,0.5994633333333332,watts_strogatz_17.pkl,watts_strogatz
300,1500,0.033444816053511704,10.0,0.9677059726478533,13,1.3,0.05076222222222215,0.5110401635401636,0.5012463343108504,-0.04141899281940892,8,6,3.5945373467112596,,,4,0.6246166666666666,watts_strogatz_18.pkl,watts_strogatz
300,1500,0.033444816053511704,10.0,0.8921808236414738,13,1.3,0.04710888888888887,0.5056768601768602,0.4978339085101696,-0.006302662184421758,8,6,3.617324414715719,,,4,0.6198108888888889,watts_strogatz_19.pkl,watts_strogatz
300,1500,0.033444816053511704,10.0,1.0050042013922398,13,1.3,0.05333333333333323,0.485946090946091,0.47710790418284377,-0.041613102416871724,8,6,3.4798885172798215,,,5,0.6451104444444444,watts_strogatz_2.pkl,watts_strogatz
300,1500,0.033444816053511704,10.0,1.0788325165020785,14,1.4,0.05589333333333335,0.4886255966255967,0.47674418604651164,0.00840950473828619,7,6,3.5254403567447046,,,4,0.609634,watts_strogatz_20.pkl,watts_strogatz
300,1500,0.033444816053511704,10.0,0.9502684007399257,13,1.3,0.050324444444444394,0.4724941354941355,0.46446644664466447,-0.01502778088525466,8,6,3.473288740245262,,,4,0.6126806666666667,watts_strogatz_21.pkl,watts_strogatz
300,1500,0.033444816053511704,10.0,0.9983263586596564,13,1.3,0.05247999999999986,0.49342918192918195,0.48421129753095465,0.030268605319777805,8,6,3.5418729096989967,,,4,0.6319348888888889,watts_strogatz_22.pkl,watts_strogatz
300,1500,0.033444816053511704,10.0,0.9711559157565948,13,1.3,0.05149333333333317,0.479536408036408,0.4721794589839455,-0.003026151239265694,7,6,3.4984615384615383,,,4,0.6057353333333334,watts_strogatz_23.pkl,watts_strogatz
300,1500,0.033444816053511704,10.0,0.8996469021204838,13,1.3,0.04597777777777767,0.5136719391719392,0.5061302400704794,-0.04238372058109597,8,6,3.6270903010033444,,,4,0.6265144444444444,watts_strogatz_24.pkl,watts_strogatz
300,1500,0.033444816053511704,10.0,0.9396505434536336,13,1.3,0.04864000000000002,0.4915757205757205,0.4861355633802817,0.03308260585763086,8,6,3.563366778149387,,,4,0.6273097777777777,watts_strogatz_25.pkl,watts_strogatz
300,1500,0.033444816053511704,10.0,0.9848348417637546,13,1.3,0.05251333333333319,0.5053004588004588,0.495346280688897,-0.027515603145313143,8,6,3.571772575250836,,,5,0.606117111111111,watts_strogatz_26.pkl,watts_strogatz
300,1500,0.033444816053511704,10.0,0.9502684007399257,14,1.4,0.04953777777777768,0.4873250823250823,0.4794279427942794,-0.03227693095002163,8,6,3.5067558528428093,,,4,0.5682953333333334,watts_strogatz_27.pkl,watts_strogatz
300,1500,0.033444816053511704,10.0,0.9432031101641954,13,1.3,0.04979777777777761,0.5051110556110556,0.4977627814860999,-0.024763997178674776,8,6,3.585685618729097,,,4,0.5934326666666667,watts_strogatz_28.pkl,watts_strogatz
300,1500,0.033444816053511704,10.0,0.9814329841314369,13,1.3,0.05100222222222217,0.4902229807229807,0.4826297273526825,-0.023767793084239715,8,6,3.5341360089186176,,,4,0.628586,watts_strogatz_29.pkl,watts_strogatz
300,1500,0.033444816053511704,10.0,0.9607689228305228,13,1.3,0.051080000000000014,0.4828105228105228,0.4760228772547294,0.021781005445256633,8,6,3.500914158305463,,,4,0.6230484444444444,watts_strogatz_3.pkl,watts_strogatz
300,1500,0.033444816053511704,10.0,0.9916035457647598,13,1.3,0.05161333333333329,0.4908895733895734,0.4816443174324027,-0.0016294255563930051,7,6,3.537458193979933,,,4,0.594782,watts_strogatz_4.pkl,watts_strogatz
300,1500,0.033444816053511704,10.0,1.0050042013922398,13,1.3,0.05379111111111112,0.46868289118289125,0.46062559519449126,-0.019537249121170892,8,6,3.4364548494983276,,,3,0.5646064444444445,watts_strogatz_5.pkl,watts_strogatz
300,1500,0.033444816053511704,10.0,1.0149385865401712,15,1.5,0.052722222222222115,0.5001117586117586,0.49018602607294565,0.020832008248425293,8,6,3.531438127090301,,,4,0.6049297777777778,watts_strogatz_6.pkl,watts_strogatz
300,1500,0.033444816053511704,10.0,1.028035109950516,13,1.3,0.054557777777777705,0.4812754282754283,0.4718113925904232,-0.021074646612129568,8,6,3.491772575250836,,,4,0.622268,watts_strogatz_7.pkl,watts_strogatz
300,1500,0.033444816053511704,10.0,1.053739955101157,13,1.3,0.05668222222222208,0.4927942982942983,0.4814137274989024,0.013175528052623047,7,6,3.4874024526198437,,,4,0.5972655555555556,watts_strogatz_8.pkl,watts_strogatz
300,1500,0.033444816053511704,10.0,0.9949706303122452,13,1.3,0.0531044444444444,0.4702548932548932,0.46182590855803046,-0.004974273705464676,8,6,3.4601114827201784,,,4,0.618584,watts_strogatz_9.pkl,watts_strogatz
