dynamic_variable,performance_variable,pearson_r,spearman_rho
mean_delta,mean_delta_improvement,1.0,1.0
time_to_survival_10,mean_delta_improvement,-0.976163,-0.714286
mean_delta,mean_final_edge_cut,0.96652,0.714286
extinction_time,mean_delta_improvement,-0.95713,-0.927634
mean_active_iterations,mean_delta_improvement,-0.931842,-0.714286
total_avalanches,mean_delta_improvement,-0.927295,-0.714286
time_to_survival_10,mean_final_edge_cut,-0.909944,-0.428571
time_to_survival_50,mean_delta_improvement,-0.908315,-0.647339
extinction_time,mean_final_edge_cut,-0.881267,-0.60876
total_avalanches,mean_final_edge_cut,-0.84525,-0.428571
mean_active_iterations,mean_final_edge_cut,-0.842422,-0.428571
time_to_survival_50,mean_final_edge_cut,-0.79893,-0.441367
extinction_time,max_delta_improvement,-0.5205,-0.612008
mean_delta,max_delta_improvement,0.507589,0.529641
time_to_survival_10,max_delta_improvement,-0.322279,0.029424
mean_active_iterations,max_delta_improvement,-0.175435,0.029424
total_avalanches,max_delta_improvement,-0.160153,0.029424
time_to_survival_50,max_delta_improvement,-0.125399,0.030303
